station_id,station_name,timestamp,temperature_c,pressure_hpa,humidity_pct,latitude,longitude,altitude_m
AWS-DEL-01,Delhi Safdarjung,2000-01-01 00:00:00,5.8,1017.7,97.0,28.6139,77.209,216.0
AWS-DEL-01,Delhi Safdarjung,2000-01-01 03:00:00,9.0,1020.0,97.0,28.6139,77.209,216.0
AWS-DEL-01,Delhi Safdarjung,2000-01-01 09:00:00,19.2,1016.5,72.0,28.6139,77.209,216.0
AWS-DEL-01,Delhi Safdarjung,2000-01-01 12:00:00,16.2,1016.2,84.0,28.6139,77.209,216.0
AWS-DEL-01,Delhi Safdarjung,2000-01-01 15:00:00,10.2,1017.9,95.0,28.6139,77.209,216.0
AWS-DEL-01,Delhi Safdarjung,2000-01-01 18:00:00,8.6,1018.3,97.0,28.6139,77.209,216.0
AWS-DEL-01,Delhi Safdarjung,2000-01-01 21:00:00,8.2,1018.1,97.0,28.6139,77.209,216.0
AWS-DEL-01,Delhi Safdarjung,2000-01-02 00:00:00,8.4,1017.9,97.0,28.6139,77.209,216.0
AWS-DEL-01,Delhi Safdarjung,2000-01-02 03:00:00,9.4,1019.4,95.0,28.6139,77.209,216.0
AWS-DEL-01,Delhi Safdarjung,2000-01-02 06:00:00,10.6,1020.6,97.0,28.6139,77.209,216.0
AWS-DEL-01,Delhi Safdarjung,2000-01-02 12:00:00,15.6,1016.3,83.0,28.6139,77.209,216.0
AWS-DEL-01,Delhi Safdarjung,2000-01-02 15:00:00,10.4,1017.5,97.0,28.6139,77.209,216.0
AWS-DEL-01,Delhi Safdarjung,2000-01-02 18:00:00,10.2,1017.7,97.0,28.6139,77.209,216.0
AWS-DEL-01,Delhi Safdarjung,2000-01-02 21:00:00,9.6,1017.5,97.0,28.6139,77.209,216.0
AWS-DEL-01,Delhi Safdarjung,2000-01-03 00:00:00,8.2,1016.7,97.0,28.6139,77.209,216.0
AWS-DEL-01,Delhi Safdarjung,2000-01-03 03:00:00,7.4,1018.4,94.0,28.6139,77.209,216.0
AWS-DEL-01,Delhi Safdarjung,2000-01-03 06:00:00,10.8,1018.4,85.0,28.6139,77.209,216.0
AWS-DEL-01,Delhi Safdarjung,2000-01-03 12:00:00,16.4,1014.8,66.0,28.6139,77.209,216.0
AWS-DEL-01,Delhi Safdarjung,2000-01-03 15:00:00,9.0,1016.1,92.0,28.6139,77.209,216.0
AWS-DEL-01,Delhi Safdarjung,2000-01-03 18:00:00,7.0,1016.4,91.0,28.6139,77.209,216.0
AWS-DEL-01,Delhi Safdarjung,2000-01-03 21:00:00,7.0,1016.0,97.0,28.6139,77.209,216.0
AWS-DEL-01,Delhi Safdarjung,2000-01-04 00:00:00,7.0,1016.0,97.0,28.6139,77.209,216.0
AWS-DEL-01,Delhi Safdarjung,2000-01-04 03:00:00,7.0,1017.8,97.0,28.6139,77.209,216.0
AWS-DEL-01,Delhi Safdarjung,2000-01-04 06:00:00,11.4,1016.7,80.0,28.6139,77.209,216.0
AWS-DEL-01,Delhi Safdarjung,2000-01-04 09:00:00,16.4,1015.6,66.0,28.6139,77.209,216.0
AWS-DEL-01,Delhi Safdarjung,2000-01-04 15:00:00,8.0,1017.0,94.0,28.6139,77.209,216.0
AWS-DEL-01,Delhi Safdarjung,2000-01-04 18:00:00,6.0,1017.9,94.0,28.6139,77.209,216.0
AWS-DEL-01,Delhi Safdarjung,2000-01-04 21:00:00,5.2,1017.7,97.0,28.6139,77.209,216.0
AWS-DEL-01,Delhi Safdarjung,2000-01-05 00:00:00,6.4,1017.4,97.0,28.6139,77.209,216.0
AWS-DEL-01,Delhi Safdarjung,2000-01-05 03:00:00,7.0,1018.9,97.0,28.6139,77.209,216.0
AWS-DEL-01,Delhi Safdarjung,2000-01-05 06:00:00,9.2,1019.5,87.0,28.6139,77.209,216.0
AWS-DEL-01,Delhi Safdarjung,2000-01-05 09:00:00,15.0,1016.1,66.0,28.6139,77.209,216.0
AWS-DEL-01,Delhi Safdarjung,2000-01-05 12:00:00,14.0,1015.8,78.0,28.6139,77.209,216.0
AWS-DEL-01,Delhi Safdarjung,2000-01-05 15:00:00,9.0,1016.9,92.0,28.6139,77.209,216.0
AWS-DEL-01,Delhi Safdarjung,2000-01-05 18:00:00,8.2,1017.3,92.0,28.6139,77.209,216.0
AWS-DEL-01,Delhi Safdarjung,2000-01-05 21:00:00,7.4,1017.1,94.0,28.6139,77.209,216.0
AWS-DEL-01,Delhi Safdarjung,2000-01-06 03:00:00,7.0,1018.0,94.0,28.6139,77.209,216.0
AWS-DEL-01,Delhi Safdarjung,2000-01-06 06:00:00,10.8,1018.2,85.0,28.6139,77.209,216.0
AWS-DEL-01,Delhi Safdarjung,2000-01-06 09:00:00,15.6,1015.1,55.0,28.6139,77.209,216.0
AWS-DEL-01,Delhi Safdarjung,2000-01-06 12:00:00,14.0,1015.0,69.0,28.6139,77.209,216.0
AWS-DEL-01,Delhi Safdarjung,2000-01-06 15:00:00,9.2,1016.2,89.0,28.6139,77.209,216.0
AWS-DEL-01,Delhi Safdarjung,2000-01-06 21:00:00,4.6,1016.6,93.0,28.6139,77.209,216.0
AWS-DEL-01,Delhi Safdarjung,2000-01-07 00:00:00,7.0,1016.0,100.0,28.6139,77.209,216.0
AWS-DEL-01,Delhi Safdarjung,2000-01-07 03:00:00,6.0,1017.8,97.0,28.6139,77.209,216.0
AWS-DEL-01,Delhi Safdarjung,2000-01-07 06:00:00,10.0,1018.6,84.0,28.6139,77.209,216.0
AWS-DEL-01,Delhi Safdarjung,2000-01-07 09:00:00,16.6,1014.8,64.0,28.6139,77.209,216.0
AWS-DEL-01,Delhi Safdarjung,2000-01-07 12:00:00,14.6,1014.5,78.0,28.6139,77.209,216.0
AWS-DEL-01,Delhi Safdarjung,2000-01-07 15:00:00,8.8,1016.5,89.0,28.6139,77.209,216.0
AWS-DEL-01,Delhi Safdarjung,2000-01-07 18:00:00,7.0,1016.7,94.0,28.6139,77.209,216.0
AWS-DEL-01,Delhi Safdarjung,2000-01-07 21:00:00,7.0,1015.8,94.0,28.6139,77.209,216.0
AWS-DEL-01,Delhi Safdarjung,2000-01-08 00:00:00,8.0,1015.2,100.0,28.6139,77.209,216.0
AWS-DEL-01,Delhi Safdarjung,2000-01-08 03:00:00,8.4,1016.3,97.0,28.6139,77.209,216.0
AWS-DEL-01,Delhi Safdarjung,2000-01-08 06:00:00,14.0,1016.6,76.0,28.6139,77.209,216.0
AWS-DEL-01,Delhi Safdarjung,2000-01-08 09:00:00,16.6,1013.8,68.0,28.6139,77.209,216.0
AWS-DEL-01,Delhi Safdarjung,2000-01-08 12:00:00,15.6,1010.7,77.0,28.6139,77.209,216.0
AWS-DEL-01,Delhi Safdarjung,2000-01-08 15:00:00,13.2,1013.5,86.0,28.6139,77.209,216.0
AWS-DEL-01,Delhi Safdarjung,2000-01-08 21:00:00,11.4,1013.4,90.0,28.6139,77.209,216.0
AWS-DEL-01,Delhi Safdarjung,2000-01-09 00:00:00,10.8,1012.5,90.0,28.6139,77.209,216.0
AWS-DEL-01,Delhi Safdarjung,2000-01-09 03:00:00,11.8,1014.2,90.0,28.6139,77.209,216.0
AWS-DEL-01,Delhi Safdarjung,2000-01-09 09:00:00,13.1,1011.0,86.0,28.6139,77.209,216.0
AWS-DEL-01,Delhi Safdarjung,2000-01-09 12:00:00,14.4,1010.9,82.0,28.6139,77.209,216.0
AWS-DEL-01,Delhi Safdarjung,2000-01-09 15:00:00,13.0,1013.0,88.0,28.6139,77.209,216.0
AWS-DEL-01,Delhi Safdarjung,2000-01-09 18:00:00,12.0,1013.6,88.0,28.6139,77.209,216.0
AWS-DEL-01,Delhi Safdarjung,2000-01-09 21:00:00,11.6,1013.1,90.0,28.6139,77.209,216.0
AWS-DEL-01,Delhi Safdarjung,2000-01-10 00:00:00,10.4,1012.9,95.0,28.6139,77.209,216.0
AWS-DEL-01,Delhi Safdarjung,2000-01-10 03:00:00,11.6,1014.1,92.0,28.6139,77.209,216.0
AWS-DEL-01,Delhi Safdarjung,2000-01-10 06:00:00,15.0,1015.0,83.0,28.6139,77.209,216.0
AWS-DEL-01,Delhi Safdarjung,2000-01-10 09:00:00,18.6,1012.0,66.0,28.6139,77.209,216.0
AWS-DEL-01,Delhi Safdarjung,2000-01-10 12:00:00,19.2,1011.5,71.0,28.6139,77.209,216.0
AWS-DEL-01,Delhi Safdarjung,2000-01-10 15:00:00,14.4,1013.8,82.0,28.6139,77.209,216.0
AWS-DEL-01,Delhi Safdarjung,2000-01-10 18:00:00,12.6,1015.0,88.0,28.6139,77.209,216.0
AWS-DEL-01,Delhi Safdarjung,2000-01-10 21:00:00,10.0,1014.1,92.0,28.6139,77.209,216.0
AWS-DEL-01,Delhi Safdarjung,2000-01-11 00:00:00,8.8,1014.3,95.0,28.6139,77.209,216.0
AWS-DEL-01,Delhi Safdarjung,2000-01-11 03:00:00,9.6,1016.2,89.0,28.6139,77.209,216.0
AWS-DEL-01,Delhi Safdarjung,2000-01-11 12:00:00,22.2,1011.5,60.0,28.6139,77.209,216.0
AWS-DEL-01,Delhi Safdarjung,2000-01-11 15:00:00,15.1,1012.8,84.0,28.6139,77.209,216.0
AWS-DEL-01,Delhi Safdarjung,2000-01-11 18:00:00,16.6,1012.4,79.0,28.6139,77.209,216.0
AWS-DEL-01,Delhi Safdarjung,2000-01-11 21:00:00,15.2,1011.5,83.0,28.6139,77.209,216.0
AWS-DEL-01,Delhi Safdarjung,2000-01-12 00:00:00,14.6,1009.9,82.0,28.6139,77.209,216.0
AWS-DEL-01,Delhi Safdarjung,2000-01-12 03:00:00,14.4,1011.5,91.0,28.6139,77.209,216.0
AWS-DEL-01,Delhi Safdarjung,2000-01-12 06:00:00,19.2,1011.1,74.0,28.6139,77.209,216.0
AWS-DEL-01,Delhi Safdarjung,2000-01-12 09:00:00,21.0,1010.1,66.0,28.6139,77.209,216.0
AWS-DEL-01,Delhi Safdarjung,2000-01-12 12:00:00,19.0,1009.6,77.0,28.6139,77.209,216.0
AWS-DEL-01,Delhi Safdarjung,2000-01-12 15:00:00,15.6,1012.3,85.0,28.6139,77.209,216.0
AWS-DEL-01,Delhi Safdarjung,2000-01-12 18:00:00,13.8,1013.7,93.0,28.6139,77.209,216.0
AWS-DEL-01,Delhi Safdarjung,2000-01-12 21:00:00,14.0,1012.1,96.0,28.6139,77.209,216.0
AWS-DEL-01,Delhi Safdarjung,2000-01-13 00:00:00,14.0,1011.5,96.0,28.6139,77.209,216.0
AWS-DEL-01,Delhi Safdarjung,2000-01-13 03:00:00,13.6,1013.6,96.0,28.6139,77.209,216.0
AWS-DEL-01,Delhi Safdarjung,2000-01-13 06:00:00,17.0,1013.9,86.0,28.6139,77.209,216.0
AWS-DEL-01,Delhi Safdarjung,2000-01-13 09:00:00,19.0,1011.3,75.0,28.6139,77.209,216.0
AWS-DEL-01,Delhi Safdarjung,2000-01-13 12:00:00,17.6,1011.4,78.0,28.6139,77.209,216.0
AWS-DEL-01,Delhi Safdarjung,2000-01-13 15:00:00,16.1,1012.0,88.0,28.6139,77.209,216.0
AWS-DEL-01,Delhi Safdarjung,2000-01-13 18:00:00,13.6,1012.4,96.0,28.6139,77.209,216.0
AWS-DEL-01,Delhi Safdarjung,2000-01-13 21:00:00,11.6,1011.9,97.0,28.6139,77.209,216.0
AWS-DEL-01,Delhi Safdarjung,2000-01-14 00:00:00,10.8,1011.4,97.0,28.6139,77.209,216.0
AWS-DEL-01,Delhi Safdarjung,2000-01-14 03:00:00,10.4,1014.7,95.0,28.6139,77.209,216.0
AWS-DEL-01,Delhi Safdarjung,2000-01-14 06:00:00,16.8,1014.7,44.0,28.6139,77.209,216.0
AWS-DEL-01,Delhi Safdarjung,2000-01-14 09:00:00,19.6,1013.0,42.0,28.6139,77.209,216.0
AWS-DEL-01,Delhi Safdarjung,2000-01-14 12:00:00,17.6,1012.3,44.0,28.6139,77.209,216.0
AWS-DEL-01,Delhi Safdarjung,2000-01-14 15:00:00,13.0,1014.0,56.0,28.6139,77.209,216.0
AWS-DEL-01,Delhi Safdarjung,2000-01-14 18:00:00,8.4,1015.5,73.0,28.6139,77.209,216.0
AWS-DEL-01,Delhi Safdarjung,2000-01-14 21:00:00,7.8,1015.4,83.0,28.6139,77.209,216.0
AWS-DEL-01,Delhi Safdarjung,2000-01-15 00:00:00,5.6,1014.9,91.0,28.6139,77.209,216.0
AWS-DEL-01,Delhi Safdarjung,2000-01-15 03:00:00,6.6,1016.7,94.0,28.6139,77.209,216.0
AWS-DEL-01,Delhi Safdarjung,2000-01-15 06:00:00,14.0,1017.0,53.0,28.6139,77.209,216.0
AWS-DEL-01,Delhi Safdarjung,2000-01-15 09:00:00,16.8,1014.9,46.0,28.6139,77.209,216.0
AWS-DEL-01,Delhi Safdarjung,2000-01-15 12:00:00,15.4,1014.8,51.0,28.6139,77.209,216.0
AWS-DEL-01,Delhi Safdarjung,2000-01-15 15:00:00,11.0,1017.4,73.0,28.6139,77.209,216.0
AWS-DEL-01,Delhi Safdarjung,2000-01-15 18:00:00,9.4,1018.8,79.0,28.6139,77.209,216.0
AWS-DEL-01,Delhi Safdarjung,2000-01-16 00:00:00,6.6,1019.4,85.0,28.6139,77.209,216.0
AWS-DEL-01,Delhi Safdarjung,2000-01-16 03:00:00,6.8,1021.8,85.0,28.6139,77.209,216.0
AWS-DEL-01,Delhi Safdarjung,2000-01-16 06:00:00,14.2,1021.9,47.0,28.6139,77.209,216.0
AWS-DEL-01,Delhi Safdarjung,2000-01-16 09:00:00,16.2,1019.1,53.0,28.6139,77.209,216.0
AWS-DEL-01,Delhi Safdarjung,2000-01-16 12:00:00,14.0,1018.9,59.0,28.6139,77.209,216.0
AWS-DEL-01,Delhi Safdarjung,2000-01-16 15:00:00,10.6,1019.8,73.0,28.6139,77.209,216.0
AWS-DEL-01,Delhi Safdarjung,2000-01-16 18:00:00,8.6,1020.3,84.0,28.6139,77.209,216.0
AWS-DEL-01,Delhi Safdarjung,2000-01-16 21:00:00,8.4,1020.2,84.0,28.6139,77.209,216.0
AWS-DEL-01,Delhi Safdarjung,2000-01-17 00:00:00,7.4,1019.4,83.0,28.6139,77.209,216.0
AWS-DEL-01,Delhi Safdarjung,2000-01-17 03:00:00,6.0,1021.7,85.0,28.6139,77.209,216.0
AWS-DEL-01,Delhi Safdarjung,2000-01-17 06:00:00,14.0,1022.3,57.0,28.6139,77.209,216.0
AWS-DEL-01,Delhi Safdarjung,2000-01-17 09:00:00,18.0,1019.2,40.0,28.6139,77.209,216.0
AWS-DEL-01,Delhi Safdarjung,2000-01-17 12:00:00,16.4,1017.9,49.0,28.6139,77.209,216.0
AWS-DEL-01,Delhi Safdarjung,2000-01-17 18:00:00,12.2,1020.6,65.0,28.6139,77.209,216.0
AWS-DEL-01,Delhi Safdarjung,2000-01-17 21:00:00,11.0,1020.5,71.0,28.6139,77.209,216.0
AWS-DEL-01,Delhi Safdarjung,2000-01-18 00:00:00,9.0,1018.9,76.0,28.6139,77.209,216.0
AWS-DEL-01,Delhi Safdarjung,2000-01-18 03:00:00,9.4,1019.5,68.0,28.6139,77.209,216.0
AWS-DEL-01,Delhi Safdarjung,2000-01-18 06:00:00,18.2,1019.7,42.0,28.6139,77.209,216.0
AWS-DEL-01,Delhi Safdarjung,2000-01-18 09:00:00,21.2,1016.5,38.0,28.6139,77.209,216.0
AWS-DEL-01,Delhi Safdarjung,2000-01-18 12:00:00,19.0,1015.9,46.0,28.6139,77.209,216.0
AWS-DEL-01,Delhi Safdarjung,2000-01-18 18:00:00,13.2,1018.0,81.0,28.6139,77.209,216.0
AWS-DEL-01,Delhi Safdarjung,2000-01-19 00:00:00,9.6,1015.3,72.0,28.6139,77.209,216.0
AWS-DEL-01,Delhi Safdarjung,2000-01-19 03:00:00,10.2,1016.1,67.0,28.6139,77.209,216.0
AWS-DEL-01,Delhi Safdarjung,2000-01-19 06:00:00,18.6,1016.5,44.0,28.6139,77.209,216.0
AWS-DEL-01,Delhi Safdarjung,2000-01-19 09:00:00,22.2,1012.6,38.0,28.6139,77.209,216.0
AWS-DEL-01,Delhi Safdarjung,2000-01-19 12:00:00,20.0,1012.2,45.0,28.6139,77.209,216.0
AWS-DEL-01,Delhi Safdarjung,2000-01-19 15:00:00,15.8,1013.4,59.0,28.6139,77.209,216.0
AWS-DEL-01,Delhi Safdarjung,2000-01-19 18:00:00,14.4,1013.7,68.0,28.6139,77.209,216.0
AWS-DEL-01,Delhi Safdarjung,2000-01-19 21:00:00,11.6,1011.8,76.0,28.6139,77.209,216.0
AWS-DEL-01,Delhi Safdarjung,2000-01-20 00:00:00,10.0,1011.4,82.0,28.6139,77.209,216.0
AWS-DEL-01,Delhi Safdarjung,2000-01-20 09:00:00,22.8,1008.1,39.0,28.6139,77.209,216.0
AWS-DEL-01,Delhi Safdarjung,2000-01-20 12:00:00,21.0,1008.3,43.0,28.6139,77.209,216.0
AWS-DEL-01,Delhi Safdarjung,2000-01-20 15:00:00,12.6,1010.2,72.0,28.6139,77.209,216.0
AWS-DEL-01,Delhi Safdarjung,2000-01-20 21:00:00,9.2,1010.9,84.0,28.6139,77.209,216.0
AWS-DEL-01,Delhi Safdarjung,2000-01-21 03:00:00,12.2,1012.8,83.0,28.6139,77.209,216.0
AWS-DEL-01,Delhi Safdarjung,2000-01-21 06:00:00,21.6,1013.9,45.0,28.6139,77.209,216.0
AWS-DEL-01,Delhi Safdarjung,2000-01-21 09:00:00,24.0,1011.3,39.0,28.6139,77.209,216.0
AWS-DEL-01,Delhi Safdarjung,2000-01-21 12:00:00,21.6,1011.8,49.0,28.6139,77.209,216.0
AWS-DEL-01,Delhi Safdarjung,2000-01-21 15:00:00,17.2,1013.6,68.0,28.6139,77.209,216.0
AWS-DEL-01,Delhi Safdarjung,2000-01-21 18:00:00,15.2,1014.8,76.0,28.6139,77.209,216.0
AWS-DEL-01,Delhi Safdarjung,2000-01-21 21:00:00,13.4,1014.8,79.0,28.6139,77.209,216.0
AWS-DEL-01,Delhi Safdarjung,2000-01-22 03:00:00,13.0,1016.1,82.0,28.6139,77.209,216.0
AWS-DEL-01,Delhi Safdarjung,2000-01-22 06:00:00,14.4,1015.8,82.0,28.6139,77.209,216.0
AWS-DEL-01,Delhi Safdarjung,2000-01-22 09:00:00,20.0,1013.4,54.0,28.6139,77.209,216.0
AWS-DEL-01,Delhi Safdarjung,2000-01-22 12:00:00,18.2,1013.1,69.0,28.6139,77.209,216.0
AWS-DEL-01,Delhi Safdarjung,2000-01-22 15:00:00,12.8,1015.2,91.0,28.6139,77.209,216.0
AWS-DEL-01,Delhi Safdarjung,2000-01-22 18:00:00,10.4,1015.2,95.0,28.6139,77.209,216.0
AWS-DEL-01,Delhi Safdarjung,2000-01-22 21:00:00,9.0,1015.3,95.0,28.6139,77.209,216.0
AWS-DEL-01,Delhi Safdarjung,2000-01-23 00:00:00,8.4,1015.3,97.0,28.6139,77.209,216.0
AWS-DEL-01,Delhi Safdarjung,2000-01-23 06:00:00,18.6,1015.9,64.0,28.6139,77.209,216.0
AWS-DEL-01,Delhi Safdarjung,2000-01-23 09:00:00,22.2,1014.1,39.0,28.6139,77.209,216.0
AWS-DEL-01,Delhi Safdarjung,2000-01-23 12:00:00,21.0,1014.2,49.0,28.6139,77.209,216.0
AWS-DEL-01,Delhi Safdarjung,2000-01-23 15:00:00,13.6,1015.9,82.0,28.6139,77.209,216.0
AWS-DEL-01,Delhi Safdarjung,2000-01-23 18:00:00,12.6,1016.5,86.0,28.6139,77.209,216.0
AWS-DEL-01,Delhi Safdarjung,2000-01-23 21:00:00,10.6,1016.6,92.0,28.6139,77.209,216.0
AWS-DEL-01,Delhi Safdarjung,2000-01-24 00:00:00,9.0,1016.3,95.0,28.6139,77.209,216.0
AWS-DEL-01,Delhi Safdarjung,2000-01-24 03:00:00,10.8,1017.4,90.0,28.6139,77.209,216.0
AWS-DEL-01,Delhi Safdarjung,2000-01-24 06:00:00,19.8,1017.9,54.0,28.6139,77.209,216.0
AWS-DEL-01,Delhi Safdarjung,2000-01-24 09:00:00,23.0,1015.5,40.0,28.6139,77.209,216.0
AWS-DEL-01,Delhi Safdarjung,2000-01-24 15:00:00,14.4,1017.05,64.0,28.6139,77.209,216.0
AWS-DEL-01,Delhi Safdarjung,2000-01-24 18:00:00,12.4,1018.6,88.0,28.6139,77.209,216.0
AWS-DEL-01,Delhi Safdarjung,2000-01-24 21:00:00,11.2,1017.6,90.0,28.6139,77.209,216.0
AWS-DEL-01,Delhi Safdarjung,2000-01-25 00:00:00,10.0,1016.8,92.0,28.6139,77.209,216.0
AWS-DEL-01,Delhi Safdarjung,2000-01-25 03:00:00,13.8,1018.4,80.0,28.6139,77.209,216.0
AWS-DEL-01,Delhi Safdarjung,2000-01-25 06:00:00,19.8,1017.7,57.0,28.6139,77.209,216.0
AWS-DEL-01,Delhi Safdarjung,2000-01-25 09:00:00,19.4,1015.3,58.0,28.6139,77.209,216.0
AWS-DEL-01,Delhi Safdarjung,2000-01-25 12:00:00,15.6,1016.8,85.0,28.6139,77.209,216.0
AWS-DEL-01,Delhi Safdarjung,2000-01-25 18:00:00,13.4,1018.2,91.0,28.6139,77.209,216.0
AWS-DEL-01,Delhi Safdarjung,2000-01-25 21:00:00,13.0,1017.8,93.0,28.6139,77.209,216.0
AWS-DEL-01,Delhi Safdarjung,2000-01-26 00:00:00,12.6,1018.0,93.0,28.6139,77.209,216.0
AWS-DEL-01,Delhi Safdarjung,2000-01-26 03:00:00,13.6,1020.0,79.0,28.6139,77.209,216.0
AWS-DEL-01,Delhi Safdarjung,2000-01-26 06:00:00,18.4,1019.8,66.0,28.6139,77.209,216.0
AWS-DEL-01,Delhi Safdarjung,2000-01-26 09:00:00,20.6,1017.4,61.0,28.6139,77.209,216.0
AWS-DEL-01,Delhi Safdarjung,2000-01-26 12:00:00,19.4,1016.7,67.0,28.6139,77.209,216.0
AWS-DEL-01,Delhi Safdarjung,2000-01-26 15:00:00,16.4,1018.9,79.0,28.6139,77.209,216.0
AWS-DEL-01,Delhi Safdarjung,2000-01-26 18:00:00,12.4,1019.3,88.0,28.6139,77.209,216.0
AWS-DEL-01,Delhi Safdarjung,2000-01-26 21:00:00,11.4,1018.5,92.0,28.6139,77.209,216.0
AWS-DEL-01,Delhi Safdarjung,2000-01-27 00:00:00,10.8,1017.9,95.0,28.6139,77.209,216.0
AWS-DEL-01,Delhi Safdarjung,2000-01-27 03:00:00,11.6,1019.3,90.0,28.6139,77.209,216.0
AWS-DEL-01,Delhi Safdarjung,2000-01-27 06:00:00,15.2,1020.1,74.0,28.6139,77.209,216.0
AWS-DEL-01,Delhi Safdarjung,2000-01-27 09:00:00,17.0,1018.0,70.0,28.6139,77.209,216.0
AWS-DEL-01,Delhi Safdarjung,2000-01-27 12:00:00,17.4,1017.5,71.0,28.6139,77.209,216.0
AWS-DEL-01,Delhi Safdarjung,2000-01-27 15:00:00,14.6,1019.1,82.0,28.6139,77.209,216.0
AWS-DEL-01,Delhi Safdarjung,2000-01-27 18:00:00,13.0,1019.9,88.0,28.6139,77.209,216.0
AWS-DEL-01,Delhi Safdarjung,2000-01-28 00:00:00,10.6,1018.4,92.0,28.6139,77.209,216.0
AWS-DEL-01,Delhi Safdarjung,2000-01-28 03:00:00,10.8,1019.7,90.0,28.6139,77.209,216.0
AWS-DEL-01,Delhi Safdarjung,2000-01-28 06:00:00,17.2,1020.0,57.0,28.6139,77.209,216.0
AWS-DEL-01,Delhi Safdarjung,2000-01-28 09:00:00,20.2,1016.9,46.0,28.6139,77.209,216.0
AWS-DEL-01,Delhi Safdarjung,2000-01-28 12:00:00,18.8,1016.2,49.0,28.6139,77.209,216.0
AWS-DEL-01,Delhi Safdarjung,2000-01-28 15:00:00,14.8,1017.7,68.0,28.6139,77.209,216.0
AWS-DEL-01,Delhi Safdarjung,2000-01-28 18:00:00,13.4,1017.2,67.0,28.6139,77.209,216.0
AWS-DEL-01,Delhi Safdarjung,2000-01-28 21:00:00,12.2,1017.4,67.0,28.6139,77.209,216.0
AWS-DEL-01,Delhi Safdarjung,2000-01-29 00:00:00,10.6,1017.5,73.0,28.6139,77.209,216.0
AWS-DEL-01,Delhi Safdarjung,2000-01-29 03:00:00,11.6,1017.6,62.0,28.6139,77.209,216.0
AWS-DEL-01,Delhi Safdarjung,2000-01-29 06:00:00,19.4,1018.1,37.0,28.6139,77.209,216.0
AWS-DEL-01,Delhi Safdarjung,2000-01-29 12:00:00,20.4,1014.5,35.0,28.6139,77.209,216.0
AWS-DEL-01,Delhi Safdarjung,2000-01-29 15:00:00,16.2,1016.0,58.0,28.6139,77.209,216.0
AWS-DEL-01,Delhi Safdarjung,2000-01-29 18:00:00,14.8,1016.7,66.0,28.6139,77.209,216.0
AWS-DEL-01,Delhi Safdarjung,2000-01-29 21:00:00,13.6,1016.1,71.0,28.6139,77.209,216.0
AWS-DEL-01,Delhi Safdarjung,2000-01-30 00:00:00,10.4,1016.0,75.0,28.6139,77.209,216.0
AWS-DEL-01,Delhi Safdarjung,2000-01-30 03:00:00,11.4,1017.1,62.0,28.6139,77.209,216.0
AWS-DEL-01,Delhi Safdarjung,2000-01-30 06:00:00,20.2,1016.9,39.0,28.6139,77.209,216.0
AWS-DEL-01,Delhi Safdarjung,2000-01-30 09:00:00,23.6,1014.2,35.0,28.6139,77.209,216.0
AWS-DEL-01,Delhi Safdarjung,2000-01-30 12:00:00,22.2,1013.7,41.0,28.6139,77.209,216.0
AWS-DEL-01,Delhi Safdarjung,2000-01-30 15:00:00,14.4,1015.1,78.0,28.6139,77.209,216.0
AWS-DEL-01,Delhi Safdarjung,2000-01-30 18:00:00,11.2,1015.8,90.0,28.6139,77.209,216.0
AWS-DEL-01,Delhi Safdarjung,2000-01-30 21:00:00,10.6,1015.4,87.0,28.6139,77.209,216.0
AWS-DEL-01,Delhi Safdarjung,2000-01-31 00:00:00,12.0,1015.0,85.0,28.6139,77.209,216.0
AWS-DEL-01,Delhi Safdarjung,2000-01-31 03:00:00,15.7,1015.8,72.5,28.6139,77.209,216.0
AWS-DEL-01,Delhi Safdarjung,2000-01-31 06:00:00,19.4,1015.3,60.0,28.6139,77.209,216.0
AWS-DEL-01,Delhi Safdarjung,2000-01-31 09:00:00,22.6,1011.4,51.0,28.6139,77.209,216.0
AWS-DEL-01,Delhi Safdarjung,2000-01-31 12:00:00,20.8,1010.2,55.0,28.6139,77.209,216.0
AWS-DEL-01,Delhi Safdarjung,2000-01-31 15:00:00,17.6,1011.4,71.0,28.6139,77.209,216.0
AWS-DEL-01,Delhi Safdarjung,2000-01-31 18:00:00,15.8,1011.6,71.0,28.6139,77.209,216.0
AWS-DEL-01,Delhi Safdarjung,2000-01-31 21:00:00,14.6,1010.8,72.0,28.6139,77.209,216.0
AWS-DEL-01,Delhi Safdarjung,2000-02-01 00:00:00,13.9,1009.4,77.0,28.6139,77.209,216.0
AWS-DEL-01,Delhi Safdarjung,2000-02-01 03:00:00,13.6,1010.6,82.0,28.6139,77.209,216.0
AWS-DEL-01,Delhi Safdarjung,2000-02-01 06:00:00,18.8,1010.5,63.0,28.6139,77.209,216.0
AWS-DEL-01,Delhi Safdarjung,2000-02-01 09:00:00,21.6,1007.5,56.0,28.6139,77.209,216.0
AWS-DEL-01,Delhi Safdarjung,2000-02-01 12:00:00,20.0,1007.4,64.0,28.6139,77.209,216.0
AWS-DEL-01,Delhi Safdarjung,2000-02-01 15:00:00,15.4,1009.9,85.0,28.6139,77.209,216.0
AWS-DEL-01,Delhi Safdarjung,2000-02-01 18:00:00,13.2,1010.9,91.0,28.6139,77.209,216.0
AWS-DEL-01,Delhi Safdarjung,2000-02-01 21:00:00,12.0,1011.4,93.0,28.6139,77.209,216.0
AWS-DEL-01,Delhi Safdarjung,2000-02-02 00:00:00,11.4,1012.3,95.0,28.6139,77.209,216.0
AWS-DEL-01,Delhi Safdarjung,2000-02-02 03:00:00,12.6,1014.7,93.0,28.6139,77.209,216.0
AWS-DEL-01,Delhi Safdarjung,2000-02-02 06:00:00,18.6,1015.7,71.0,28.6139,77.209,216.0
AWS-DEL-01,Delhi Safdarjung,2000-02-02 09:00:00,20.2,1013.5,69.0,28.6139,77.209,216.0
AWS-DEL-01,Delhi Safdarjung,2000-02-02 12:00:00,19.0,1013.3,72.0,28.6139,77.209,216.0
AWS-DEL-01,Delhi Safdarjung,2000-02-02 15:00:00,17.0,1015.0,80.0,28.6139,77.209,216.0
AWS-DEL-01,Delhi Safdarjung,2000-02-02 18:00:00,15.8,1016.8,85.0,28.6139,77.209,216.0
AWS-DEL-01,Delhi Safdarjung,2000-02-02 21:00:00,15.0,1017.2,89.0,28.6139,77.209,216.0
AWS-DEL-01,Delhi Safdarjung,2000-02-03 00:00:00,10.6,1017.4,92.0,28.6139,77.209,216.0
AWS-DEL-01,Delhi Safdarjung,2000-02-03 03:00:00,10.6,1018.6,90.0,28.6139,77.209,216.0
AWS-DEL-01,Delhi Safdarjung,2000-02-03 06:00:00,21.4,1018.5,62.0,28.6139,77.209,216.0
AWS-DEL-01,Delhi Safdarjung,2000-02-03 09:00:00,23.4,1015.3,48.0,28.6139,77.209,216.0
AWS-DEL-01,Delhi Safdarjung,2000-02-03 12:00:00,21.2,1014.3,56.0,28.6139,77.209,216.0
AWS-DEL-01,Delhi Safdarjung,2000-02-03 15:00:00,15.4,1015.6,83.0,28.6139,77.209,216.0
AWS-DEL-01,Delhi Safdarjung,2000-02-03 18:00:00,13.2,1015.6,88.0,28.6139,77.209,216.0
AWS-DEL-01,Delhi Safdarjung,2000-02-03 21:00:00,12.2,1014.7,91.0,28.6139,77.209,216.0
AWS-DEL-01,Delhi Safdarjung,2000-02-04 00:00:00,11.4,1013.1,90.0,28.6139,77.209,216.0
AWS-DEL-01,Delhi Safdarjung,2000-02-04 03:00:00,12.2,1014.0,86.0,28.6139,77.209,216.0
AWS-DEL-01,Delhi Safdarjung,2000-02-04 06:00:00,22.0,1013.1,49.0,28.6139,77.209,216.0
AWS-DEL-01,Delhi Safdarjung,2000-02-04 09:00:00,23.6,1008.4,48.0,28.6139,77.209,216.0
AWS-DEL-01,Delhi Safdarjung,2000-02-04 12:00:00,21.4,1007.3,60.0,28.6139,77.209,216.0
AWS-DEL-01,Delhi Safdarjung,2000-02-04 15:00:00,14.0,1009.8,93.0,28.6139,77.209,216.0
AWS-DEL-01,Delhi Safdarjung,2000-02-04 18:00:00,14.0,1010.0,93.0,28.6139,77.209,216.0
AWS-DEL-01,Delhi Safdarjung,2000-02-04 21:00:00,13.0,1008.6,93.0,28.6139,77.209,216.0
AWS-DEL-01,Delhi Safdarjung,2000-02-05 00:00:00,12.4,1008.4,96.0,28.6139,77.209,216.0
AWS-DEL-01,Delhi Safdarjung,2000-02-05 03:00:00,13.4,1010.0,88.0,28.6139,77.209,216.0
AWS-DEL-01,Delhi Safdarjung,2000-02-05 06:00:00,15.2,1011.0,51.0,28.6139,77.209,216.0
AWS-DEL-01,Delhi Safdarjung,2000-02-05 09:00:00,15.2,1010.0,73.0,28.6139,77.209,216.0
AWS-DEL-01,Delhi Safdarjung,2000-02-05 12:00:00,13.6,1010.7,82.0,28.6139,77.209,216.0
AWS-DEL-01,Delhi Safdarjung,2000-02-05 15:00:00,12.8,1012.9,84.0,28.6139,77.209,216.0
AWS-DEL-01,Delhi Safdarjung,2000-02-05 18:00:00,13.0,1013.7,86.0,28.6139,77.209,216.0
AWS-DEL-01,Delhi Safdarjung,2000-02-05 21:00:00,11.2,1013.3,90.0,28.6139,77.209,216.0
AWS-DEL-01,Delhi Safdarjung,2000-02-06 00:00:00,11.4,1013.4,92.0,28.6139,77.209,216.0
AWS-DEL-01,Delhi Safdarjung,2000-02-06 03:00:00,12.6,1015.6,88.0,28.6139,77.209,216.0
AWS-DEL-01,Delhi Safdarjung,2000-02-06 06:00:00,15.8,1016.5,69.0,28.6139,77.209,216.0
AWS-DEL-01,Delhi Safdarjung,2000-02-06 09:00:00,17.6,1014.6,62.0,28.6139,77.209,216.0
AWS-DEL-01,Delhi Safdarjung,2000-02-06 12:00:00,17.0,1014.1,64.0,28.6139,77.209,216.0
AWS-DEL-01,Delhi Safdarjung,2000-02-06 15:00:00,13.4,1015.6,86.0,28.6139,77.209,216.0
AWS-DEL-01,Delhi Safdarjung,2000-02-06 18:00:00,11.6,1016.3,83.0,28.6139,77.209,216.0
AWS-DEL-01,Delhi Safdarjung,2000-02-06 21:00:00,10.8,1016.2,90.0,28.6139,77.209,216.0
AWS-DEL-01,Delhi Safdarjung,2000-02-07 00:00:00,10.6,1015.7,97.0,28.6139,77.209,216.0
AWS-DEL-01,Delhi Safdarjung,2000-02-07 02:00:00,12.6,1017.6,88.0,28.6139,77.209,216.0
AWS-DEL-01,Delhi Safdarjung,2000-02-07 03:00:00,10.8,1016.8,90.0,28.6139,77.209,216.0
AWS-DEL-01,Delhi Safdarjung,2000-02-07 06:00:00,12.6,1017.6,88.0,28.6139,77.209,216.0
AWS-DEL-01,Delhi Safdarjung,2000-02-07 09:00:00,17.0,1014.9,68.0,28.6139,77.209,216.0
AWS-DEL-01,Delhi Safdarjung,2000-02-07 12:00:00,16.0,1014.2,71.0,28.6139,77.209,216.0
AWS-DEL-01,Delhi Safdarjung,2000-02-07 15:00:00,12.6,1014.8,88.0,28.6139,77.209,216.0
AWS-DEL-01,Delhi Safdarjung,2000-02-07 18:00:00,11.4,1015.1,90.0,28.6139,77.209,216.0
AWS-DEL-01,Delhi Safdarjung,2000-02-07 21:00:00,11.0,1013.9,90.0,28.6139,77.209,216.0
AWS-DEL-01,Delhi Safdarjung,2000-02-08 00:00:00,9.4,1013.7,95.0,28.6139,77.209,216.0
AWS-DEL-01,Delhi Safdarjung,2000-02-08 03:00:00,10.0,1015.1,92.0,28.6139,77.209,216.0
AWS-DEL-01,Delhi Safdarjung,2000-02-08 06:00:00,11.8,1016.5,88.0,28.6139,77.209,216.0
AWS-DEL-01,Delhi Safdarjung,2000-02-08 09:00:00,11.2,1013.8,90.0,28.6139,77.209,216.0
AWS-DEL-01,Delhi Safdarjung,2000-02-08 12:00:00,16.0,1013.0,69.0,28.6139,77.209,216.0
AWS-DEL-01,Delhi Safdarjung,2000-02-08 15:00:00,11.8,1015.1,88.0,28.6139,77.209,216.0
AWS-DEL-01,Delhi Safdarjung,2000-02-08 18:00:00,10.0,1016.2,92.0,28.6139,77.209,216.0
AWS-DEL-01,Delhi Safdarjung,2000-02-08 21:00:00,10.6,1015.9,95.0,28.6139,77.209,216.0
AWS-DEL-01,Delhi Safdarjung,2000-02-09 00:00:00,8.2,1014.7,95.0,28.6139,77.209,216.0
AWS-DEL-01,Delhi Safdarjung,2000-02-09 03:00:00,8.4,1016.1,95.0,28.6139,77.209,216.0
AWS-DEL-01,Delhi Safdarjung,2000-02-09 06:00:00,17.8,1015.9,56.0,28.6139,77.209,216.0
AWS-DEL-01,Delhi Safdarjung,2000-02-09 09:00:00,20.6,1013.7,46.0,28.6139,77.209,216.0
AWS-DEL-01,Delhi Safdarjung,2000-02-09 12:00:00,19.2,1012.1,53.0,28.6139,77.209,216.0
AWS-DEL-01,Delhi Safdarjung,2000-02-09 15:00:00,13.8,1013.8,80.0,28.6139,77.209,216.0
AWS-DEL-01,Delhi Safdarjung,2000-02-09 18:00:00,11.4,1014.1,88.0,28.6139,77.209,216.0
AWS-DEL-01,Delhi Safdarjung,2000-02-09 21:00:00,10.2,1013.3,90.0,28.6139,77.209,216.0
AWS-DEL-01,Delhi Safdarjung,2000-02-10 00:00:00,9.4,1011.6,92.0,28.6139,77.209,216.0
AWS-DEL-01,Delhi Safdarjung,2000-02-10 03:00:00,13.0,1013.0,77.0,28.6139,77.209,216.0
AWS-DEL-01,Delhi Safdarjung,2000-02-10 06:00:00,21.2,1012.6,42.0,28.6139,77.209,216.0
AWS-DEL-01,Delhi Safdarjung,2000-02-10 09:00:00,19.6,1009.9,57.0,28.6139,77.209,216.0
AWS-DEL-01,Delhi Safdarjung,2000-02-10 12:00:00,16.6,1010.6,90.0,28.6139,77.209,216.0
AWS-DEL-01,Delhi Safdarjung,2000-02-10 15:00:00,16.6,1010.6,90.0,28.6139,77.209,216.0
AWS-DEL-01,Delhi Safdarjung,2000-02-10 18:00:00,13.0,1012.8,96.0,28.6139,77.209,216.0
AWS-DEL-01,Delhi Safdarjung,2000-02-10 21:00:00,12.4,1010.6,93.0,28.6139,77.209,216.0
AWS-DEL-01,Delhi Safdarjung,2000-02-11 00:00:00,12.0,1009.5,90.0,28.6139,77.209,216.0
AWS-DEL-01,Delhi Safdarjung,2000-02-11 03:00:00,12.2,1011.5,91.0,28.6139,77.209,216.0
AWS-DEL-01,Delhi Safdarjung,2000-02-11 06:00:00,13.6,1012.4,84.0,28.6139,77.209,216.0
AWS-DEL-01,Delhi Safdarjung,2000-02-11 09:00:00,15.0,1010.9,76.0,28.6139,77.209,216.0
AWS-DEL-01,Delhi Safdarjung,2000-02-11 12:00:00,15.4,1010.5,73.0,28.6139,77.209,216.0
AWS-DEL-01,Delhi Safdarjung,2000-02-11 15:00:00,12.2,1013.2,91.0,28.6139,77.209,216.0
AWS-DEL-01,Delhi Safdarjung,2000-02-11 18:00:00,10.0,1014.8,97.0,28.6139,77.209,216.0
AWS-DEL-01,Delhi Safdarjung,2000-02-11 21:00:00,9.0,1014.2,95.0,28.6139,77.209,216.0
AWS-DEL-01,Delhi Safdarjung,2000-02-12 00:00:00,10.4,1014.0,95.0,28.6139,77.209,216.0
AWS-DEL-01,Delhi Safdarjung,2000-02-12 03:00:00,10.4,1016.0,95.0,28.6139,77.209,216.0
AWS-DEL-01,Delhi Safdarjung,2000-02-12 04:00:00,10.4,1016.0,95.0,28.6139,77.209,216.0
AWS-DEL-01,Delhi Safdarjung,2000-02-12 06:00:00,14.4,1017.6,82.0,28.6139,77.209,216.0
AWS-DEL-01,Delhi Safdarjung,2000-02-12 09:00:00,17.0,1016.0,61.0,28.6139,77.209,216.0
AWS-DEL-01,Delhi Safdarjung,2000-02-12 12:00:00,17.2,1015.6,38.0,28.6139,77.209,216.0
AWS-DEL-01,Delhi Safdarjung,2000-02-12 15:00:00,11.6,1017.7,81.0,28.6139,77.209,216.0
AWS-DEL-01,Delhi Safdarjung,2000-02-12 18:00:00,9.8,1018.4,87.0,28.6139,77.209,216.0
AWS-DEL-01,Delhi Safdarjung,2000-02-12 21:00:00,9.0,1017.3,89.0,28.6139,77.209,216.0
AWS-DEL-01,Delhi Safdarjung,2000-02-13 00:00:00,8.0,1016.6,89.0,28.6139,77.209,216.0
AWS-DEL-01,Delhi Safdarjung,2000-02-13 03:00:00,7.8,1018.0,94.0,28.6139,77.209,216.0
AWS-DEL-01,Delhi Safdarjung,2000-02-13 06:00:00,14.0,1018.5,69.0,28.6139,77.209,216.0
AWS-DEL-01,Delhi Safdarjung,2000-02-13 09:00:00,17.6,1016.1,46.0,28.6139,77.209,216.0
AWS-DEL-01,Delhi Safdarjung,2000-02-13 12:00:00,16.8,1015.5,59.0,28.6139,77.209,216.0
AWS-DEL-01,Delhi Safdarjung,2000-02-13 15:00:00,12.6,1017.5,72.0,28.6139,77.209,216.0
AWS-DEL-01,Delhi Safdarjung,2000-02-13 18:00:00,10.6,1018.6,82.0,28.6139,77.209,216.0
AWS-DEL-01,Delhi Safdarjung,2000-02-13 21:00:00,9.2,1018.0,87.0,28.6139,77.209,216.0
AWS-DEL-01,Delhi Safdarjung,2000-02-14 00:00:00,8.0,1017.7,92.0,28.6139,77.209,216.0
AWS-DEL-01,Delhi Safdarjung,2000-02-14 03:00:00,8.6,1018.8,84.0,28.6139,77.209,216.0
AWS-DEL-01,Delhi Safdarjung,2000-02-14 06:00:00,16.6,1019.5,49.0,28.6139,77.209,216.0
AWS-DEL-01,Delhi Safdarjung,2000-02-14 09:00:00,19.0,1017.2,38.0,28.6139,77.209,216.0
AWS-DEL-01,Delhi Safdarjung,2000-02-14 12:00:00,18.4,1016.5,45.0,28.6139,77.209,216.0
AWS-DEL-01,Delhi Safdarjung,2000-02-14 15:00:00,12.6,1017.6,77.0,28.6139,77.209,216.0
AWS-DEL-01,Delhi Safdarjung,2000-02-14 18:00:00,12.4,1018.4,77.0,28.6139,77.209,216.0
AWS-DEL-01,Delhi Safdarjung,2000-02-14 21:00:00,11.4,1018.1,83.0,28.6139,77.209,216.0
AWS-DEL-01,Delhi Safdarjung,2000-02-15 00:00:00,8.8,1017.0,92.0,28.6139,77.209,216.0
AWS-DEL-01,Delhi Safdarjung,2000-02-15 03:00:00,10.4,1017.2,70.0,28.6139,77.209,216.0
AWS-DEL-01,Delhi Safdarjung,2000-02-15 06:00:00,17.2,1017.7,51.0,28.6139,77.209,216.0
AWS-DEL-01,Delhi Safdarjung,2000-02-15 09:00:00,21.0,1014.9,40.0,28.6139,77.209,216.0
AWS-DEL-01,Delhi Safdarjung,2000-02-15 12:00:00,21.0,1013.1,45.0,28.6139,77.209,216.0
AWS-DEL-01,Delhi Safdarjung,2000-02-15 15:00:00,14.8,1014.8,76.0,28.6139,77.209,216.0
AWS-DEL-01,Delhi Safdarjung,2000-02-15 18:00:00,11.6,1015.3,88.0,28.6139,77.209,216.0
AWS-DEL-01,Delhi Safdarjung,2000-02-15 21:00:00,9.4,1014.7,92.0,28.6139,77.209,216.0
AWS-DEL-01,Delhi Safdarjung,2000-02-16 00:00:00,8.0,1014.5,92.0,28.6139,77.209,216.0
AWS-DEL-01,Delhi Safdarjung,2000-02-16 03:00:00,9.6,1015.9,89.0,28.6139,77.209,216.0
AWS-DEL-01,Delhi Safdarjung,2000-02-16 06:00:00,19.6,1015.7,42.0,28.6139,77.209,216.0
AWS-DEL-01,Delhi Safdarjung,2000-02-16 09:00:00,23.2,1012.1,26.0,28.6139,77.209,216.0
AWS-DEL-01,Delhi Safdarjung,2000-02-16 12:00:00,21.6,1011.6,36.0,28.6139,77.209,216.0
AWS-DEL-01,Delhi Safdarjung,2000-02-16 15:00:00,14.6,1012.5,72.0,28.6139,77.209,216.0
AWS-DEL-01,Delhi Safdarjung,2000-02-16 18:00:00,12.4,1013.0,84.0,28.6139,77.209,216.0
AWS-DEL-01,Delhi Safdarjung,2000-02-16 21:00:00,11.0,1012.2,88.0,28.6139,77.209,216.0
AWS-DEL-01,Delhi Safdarjung,2000-02-17 00:00:00,9.6,1011.7,92.0,28.6139,77.209,216.0
AWS-DEL-01,Delhi Safdarjung,2000-02-17 03:00:00,11.2,1012.5,88.0,28.6139,77.209,216.0
AWS-DEL-01,Delhi Safdarjung,2000-02-17 06:00:00,21.6,1012.2,42.0,28.6139,77.209,216.0
AWS-DEL-01,Delhi Safdarjung,2000-02-17 09:00:00,23.4,1009.5,24.0,28.6139,77.209,216.0
AWS-DEL-01,Delhi Safdarjung,2000-02-17 12:00:00,22.4,1008.6,25.0,28.6139,77.209,216.0
AWS-DEL-01,Delhi Safdarjung,2000-02-17 15:00:00,14.6,1011.0,68.0,28.6139,77.209,216.0
AWS-DEL-01,Delhi Safdarjung,2000-02-17 18:00:00,13.4,1011.7,77.0,28.6139,77.209,216.0
AWS-DEL-01,Delhi Safdarjung,2000-02-17 21:00:00,12.0,1011.8,76.0,28.6139,77.209,216.0
AWS-DEL-01,Delhi Safdarjung,2000-02-18 00:00:00,9.2,1011.8,88.0,28.6139,77.209,216.0
AWS-DEL-01,Delhi Safdarjung,2000-02-18 03:00:00,14.6,1011.0,68.0,28.6139,77.209,216.0
AWS-DEL-01,Delhi Safdarjung,2000-02-18 06:00:00,20.0,1014.7,34.0,28.6139,77.209,216.0
AWS-DEL-01,Delhi Safdarjung,2000-02-18 09:00:00,22.2,1012.5,28.0,28.6139,77.209,216.0
AWS-DEL-01,Delhi Safdarjung,2000-02-18 12:00:00,20.2,1011.9,37.0,28.6139,77.209,216.0
AWS-DEL-01,Delhi Safdarjung,2000-02-18 15:00:00,13.8,1013.9,71.0,28.6139,77.209,216.0
AWS-DEL-01,Delhi Safdarjung,2000-02-18 18:00:00,12.0,1014.6,76.0,28.6139,77.209,216.0
AWS-DEL-01,Delhi Safdarjung,2000-02-19 00:00:00,8.0,1014.2,89.0,28.6139,77.209,216.0
AWS-DEL-01,Delhi Safdarjung,2000-02-19 03:00:00,9.6,1015.4,79.0,28.6139,77.209,216.0
AWS-DEL-01,Delhi Safdarjung,2000-02-19 06:00:00,19.2,1015.3,38.0,28.6139,77.209,216.0
AWS-DEL-01,Delhi Safdarjung,2000-02-19 09:00:00,22.0,1012.6,32.0,28.6139,77.209,216.0
AWS-DEL-01,Delhi Safdarjung,2000-02-19 12:00:00,20.8,1012.1,30.0,28.6139,77.209,216.0
AWS-DEL-01,Delhi Safdarjung,2000-02-19 15:00:00,13.6,1014.3,73.0,28.6139,77.209,216.0
AWS-DEL-01,Delhi Safdarjung,2000-02-19 18:00:00,10.8,1014.9,88.0,28.6139,77.209,216.0
AWS-DEL-01,Delhi Safdarjung,2000-02-19 21:00:00,9.6,1013.1,92.0,28.6139,77.209,216.0
AWS-DEL-01,Delhi Safdarjung,2000-02-20 00:00:00,8.0,1012.0,92.0,28.6139,77.209,216.0
AWS-DEL-01,Delhi Safdarjung,2000-02-20 03:00:00,10.6,1013.8,84.0,28.6139,77.209,216.0
AWS-DEL-01,Delhi Safdarjung,2000-02-20 06:00:00,20.8,1013.8,30.0,28.6139,77.209,216.0
AWS-DEL-01,Delhi Safdarjung,2000-02-20 09:00:00,24.0,1010.7,28.0,28.6139,77.209,216.0
AWS-DEL-01,Delhi Safdarjung,2000-02-20 12:00:00,22.0,1010.2,33.0,28.6139,77.209,216.0
AWS-DEL-01,Delhi Safdarjung,2000-02-20 15:00:00,16.6,1012.2,51.0,28.6139,77.209,216.0
AWS-DEL-01,Delhi Safdarjung,2000-02-20 18:00:00,15.6,1013.4,51.0,28.6139,77.209,216.0
AWS-DEL-01,Delhi Safdarjung,2000-02-20 21:00:00,13.8,1012.7,67.0,28.6139,77.209,216.0
AWS-DEL-01,Delhi Safdarjung,2000-02-21 00:00:00,13.0,1012.7,73.0,28.6139,77.209,216.0
AWS-DEL-01,Delhi Safdarjung,2000-02-21 03:00:00,13.0,1012.7,73.0,28.6139,77.209,216.0
AWS-DEL-01,Delhi Safdarjung,2000-02-21 05:00:00,23.4,1014.6,59.5,28.6139,77.209,216.0
AWS-DEL-01,Delhi Safdarjung,2000-02-21 06:00:00,20.0,1016.5,46.0,28.6139,77.209,216.0
AWS-DEL-01,Delhi Safdarjung,2000-02-21 09:00:00,23.4,1014.2,34.0,28.6139,77.209,216.0
AWS-DEL-01,Delhi Safdarjung,2000-02-21 12:00:00,22.0,1013.3,45.0,28.6139,77.209,216.0
AWS-DEL-01,Delhi Safdarjung,2000-02-21 15:00:00,17.0,1015.0,66.0,28.6139,77.209,216.0
AWS-DEL-01,Delhi Safdarjung,2000-02-21 18:00:00,12.0,1016.1,80.0,28.6139,77.209,216.0
AWS-DEL-01,Delhi Safdarjung,2000-02-21 21:00:00,14.4,1015.7,63.0,28.6139,77.209,216.0
AWS-DEL-01,Delhi Safdarjung,2000-02-22 00:00:00,11.4,1015.5,76.0,28.6139,77.209,216.0
AWS-DEL-01,Delhi Safdarjung,2000-02-22 03:00:00,13.0,1017.9,70.0,28.6139,77.209,216.0
AWS-DEL-01,Delhi Safdarjung,2000-02-22 06:00:00,21.2,1018.7,31.0,28.6139,77.209,216.0
AWS-DEL-01,Delhi Safdarjung,2000-02-22 09:00:00,22.2,1016.7,26.0,28.6139,77.209,216.0
AWS-DEL-01,Delhi Safdarjung,2000-02-22 12:00:00,20.6,1015.7,32.0,28.6139,77.209,216.0
AWS-DEL-01,Delhi Safdarjung,2000-02-22 15:00:00,15.0,1016.8,60.0,28.6139,77.209,216.0
AWS-DEL-01,Delhi Safdarjung,2000-02-22 18:00:00,12.6,1017.6,70.0,28.6139,77.209,216.0
AWS-DEL-01,Delhi Safdarjung,2000-02-22 21:00:00,11.2,1017.4,73.0,28.6139,77.209,216.0
AWS-DEL-01,Delhi Safdarjung,2000-02-23 00:00:00,9.2,1017.0,84.0,28.6139,77.209,216.0
AWS-DEL-01,Delhi Safdarjung,2000-02-23 03:00:00,11.0,1018.7,73.0,28.6139,77.209,216.0
AWS-DEL-01,Delhi Safdarjung,2000-02-23 06:00:00,20.0,1018.4,30.0,28.6139,77.209,216.0
AWS-DEL-01,Delhi Safdarjung,2000-02-23 12:00:00,22.2,1014.8,34.0,28.6139,77.209,216.0
AWS-DEL-01,Delhi Safdarjung,2000-02-23 15:00:00,16.0,1016.1,62.0,28.6139,77.209,216.0
AWS-DEL-01,Delhi Safdarjung,2000-02-23 18:00:00,14.0,1017.1,71.0,28.6139,77.209,216.0
AWS-DEL-01,Delhi Safdarjung,2000-02-23 21:00:00,12.8,1016.6,72.0,28.6139,77.209,216.0
AWS-DEL-01,Delhi Safdarjung,2000-02-24 00:00:00,11.6,1016.1,71.0,28.6139,77.209,216.0
AWS-DEL-01,Delhi Safdarjung,2000-02-24 03:00:00,11.8,1017.9,69.0,28.6139,77.209,216.0
AWS-DEL-01,Delhi Safdarjung,2000-02-24 06:00:00,19.8,1018.3,41.0,28.6139,77.209,216.0
AWS-DEL-01,Delhi Safdarjung,2000-02-24 09:00:00,22.2,1015.7,28.0,28.6139,77.209,216.0
AWS-DEL-01,Delhi Safdarjung,2000-02-24 12:00:00,21.2,1014.6,33.0,28.6139,77.209,216.0
AWS-DEL-01,Delhi Safdarjung,2000-02-24 18:00:00,13.4,1016.0,62.0,28.6139,77.209,216.0
AWS-DEL-01,Delhi Safdarjung,2000-02-25 00:00:00,11.0,1014.1,68.0,28.6139,77.209,216.0
AWS-DEL-01,Delhi Safdarjung,2000-02-25 03:00:00,12.4,1015.5,61.0,28.6139,77.209,216.0
AWS-DEL-01,Delhi Safdarjung,2000-02-25 06:00:00,21.0,1015.4,32.0,28.6139,77.209,216.0
AWS-DEL-01,Delhi Safdarjung,2000-02-25 09:00:00,22.4,1012.6,27.0,28.6139,77.209,216.0
AWS-DEL-01,Delhi Safdarjung,2000-02-25 12:00:00,21.4,1011.3,32.0,28.6139,77.209,216.0
AWS-DEL-01,Delhi Safdarjung,2000-02-25 15:00:00,13.8,1012.6,58.0,28.6139,77.209,216.0
AWS-DEL-01,Delhi Safdarjung,2000-02-25 18:00:00,10.8,1013.0,77.0,28.6139,77.209,216.0
AWS-DEL-01,Delhi Safdarjung,2000-02-25 21:00:00,9.4,1011.5,82.0,28.6139,77.209,216.0
AWS-DEL-01,Delhi Safdarjung,2000-02-26 00:00:00,9.4,1011.5,79.0,28.6139,77.209,216.0
AWS-DEL-01,Delhi Safdarjung,2000-02-26 03:00:00,12.6,1013.5,59.0,28.6139,77.209,216.0
AWS-DEL-01,Delhi Safdarjung,2000-02-26 06:00:00,21.4,1013.8,30.0,28.6139,77.209,216.0
AWS-DEL-01,Delhi Safdarjung,2000-02-26 12:00:00,23.0,1010.6,20.0,28.6139,77.209,216.0
AWS-DEL-01,Delhi Safdarjung,2000-02-26 15:00:00,15.4,1012.9,57.0,28.6139,77.209,216.0
AWS-DEL-01,Delhi Safdarjung,2000-02-26 18:00:00,13.0,1013.8,68.0,28.6139,77.209,216.0
AWS-DEL-01,Delhi Safdarjung,2000-02-26 21:00:00,10.2,1012.8,84.0,28.6139,77.209,216.0
AWS-DEL-01,Delhi Safdarjung,2000-02-27 00:00:00,9.0,1012.3,87.0,28.6139,77.209,216.0
AWS-DEL-01,Delhi Safdarjung,2000-02-27 03:00:00,13.0,1013.9,60.0,28.6139,77.209,216.0
AWS-DEL-01,Delhi Safdarjung,2000-02-27 06:00:00,22.4,1013.8,33.0,28.6139,77.209,216.0
AWS-DEL-01,Delhi Safdarjung,2000-02-27 09:00:00,25.2,1011.1,21.0,28.6139,77.209,216.0
AWS-DEL-01,Delhi Safdarjung,2000-02-27 11:00:00,25.0,1010.5,25.0,28.6139,77.209,216.0
AWS-DEL-01,Delhi Safdarjung,2000-02-27 12:00:00,25.0,1010.5,25.0,28.6139,77.209,216.0
AWS-DEL-01,Delhi Safdarjung,2000-02-27 15:00:00,16.2,1012.5,58.0,28.6139,77.209,216.0
AWS-DEL-01,Delhi Safdarjung,2000-02-27 18:00:00,13.4,1013.8,75.0,28.6139,77.209,216.0
AWS-DEL-01,Delhi Safdarjung,2000-02-27 21:00:00,11.6,1013.3,83.0,28.6139,77.209,216.0
AWS-DEL-01,Delhi Safdarjung,2000-02-28 00:00:00,11.0,1013.0,85.0,28.6139,77.209,216.0
AWS-DEL-01,Delhi Safdarjung,2000-02-28 03:00:00,14.8,1014.7,66.0,28.6139,77.209,216.0
AWS-DEL-01,Delhi Safdarjung,2000-02-28 06:00:00,24.0,1014.6,36.0,28.6139,77.209,216.0
AWS-DEL-01,Delhi Safdarjung,2000-02-28 09:00:00,26.8,1012.0,21.0,28.6139,77.209,216.0
AWS-DEL-01,Delhi Safdarjung,2000-02-28 12:00:00,25.6,1011.1,33.0,28.6139,77.209,216.0
AWS-DEL-01,Delhi Safdarjung,2000-02-28 15:00:00,19.4,1012.9,65.0,28.6139,77.209,216.0
AWS-DEL-01,Delhi Safdarjung,2000-02-28 18:00:00,18.0,1013.5,69.0,28.6139,77.209,216.0
AWS-DEL-01,Delhi Safdarjung,2000-02-28 21:00:00,16.0,1012.6,67.0,28.6139,77.209,216.0
AWS-DEL-01,Delhi Safdarjung,2000-02-29 00:00:00,14.8,1011.7,74.0,28.6139,77.209,216.0
AWS-DEL-01,Delhi Safdarjung,2000-02-29 03:00:00,15.4,1013.7,68.0,28.6139,77.209,216.0
AWS-DEL-01,Delhi Safdarjung,2000-02-29 06:00:00,25.0,1013.2,37.0,28.6139,77.209,216.0
AWS-DEL-01,Delhi Safdarjung,2000-02-29 09:00:00,27.6,1009.8,26.0,28.6139,77.209,216.0
AWS-DEL-01,Delhi Safdarjung,2000-02-29 12:00:00,26.4,1008.6,27.0,28.6139,77.209,216.0
AWS-DEL-01,Delhi Safdarjung,2000-02-29 15:00:00,19.0,1010.1,61.0,28.6139,77.209,216.0
AWS-DEL-01,Delhi Safdarjung,2000-02-29 21:00:00,15.0,1010.1,85.0,28.6139,77.209,216.0
AWS-DEL-01,Delhi Safdarjung,2000-03-01 00:00:00,15.0,1008.7,87.0,28.6139,77.209,216.0
AWS-DEL-01,Delhi Safdarjung,2000-03-01 03:00:00,17.4,1010.2,80.0,28.6139,77.209,216.0
AWS-DEL-01,Delhi Safdarjung,2000-03-01 06:00:00,24.8,1010.2,55.0,28.6139,77.209,216.0
AWS-DEL-01,Delhi Safdarjung,2000-03-01 09:00:00,26.0,1007.9,45.0,28.6139,77.209,216.0
AWS-DEL-01,Delhi Safdarjung,2000-03-01 12:00:00,25.0,1006.1,60.0,28.6139,77.209,216.0
AWS-DEL-01,Delhi Safdarjung,2000-03-01 15:00:00,19.4,1007.1,83.0,28.6139,77.209,216.0
AWS-DEL-01,Delhi Safdarjung,2000-03-01 18:00:00,17.2,1008.3,88.0,28.6139,77.209,216.0
AWS-DEL-01,Delhi Safdarjung,2000-03-01 21:00:00,16.0,1007.3,91.0,28.6139,77.209,216.0
AWS-DEL-01,Delhi Safdarjung,2000-03-02 00:00:00,15.6,1007.2,91.0,28.6139,77.209,216.0
AWS-DEL-01,Delhi Safdarjung,2000-03-02 03:00:00,16.0,1010.1,87.0,28.6139,77.209,216.0
AWS-DEL-01,Delhi Safdarjung,2000-03-02 06:00:00,17.1,1008.7,75.0,28.6139,77.209,216.0
AWS-DEL-01,Delhi Safdarjung,2000-03-02 09:00:00,18.2,1007.3,63.0,28.6139,77.209,216.0
AWS-DEL-01,Delhi Safdarjung,2000-03-02 12:00:00,26.6,1006.5,39.0,28.6139,77.209,216.0
AWS-DEL-01,Delhi Safdarjung,2000-03-02 15:00:00,19.6,1008.7,69.0,28.6139,77.209,216.0
AWS-DEL-01,Delhi Safdarjung,2000-03-02 18:00:00,16.0,1009.7,83.0,28.6139,77.209,216.0
AWS-DEL-01,Delhi Safdarjung,2000-03-02 21:00:00,14.2,1008.9,89.0,28.6139,77.209,216.0
AWS-DEL-01,Delhi Safdarjung,2000-03-03 00:00:00,12.4,1008.8,91.0,28.6139,77.209,216.0
AWS-DEL-01,Delhi Safdarjung,2000-03-03 03:00:00,15.6,1010.7,81.0,28.6139,77.209,216.0
AWS-DEL-01,Delhi Safdarjung,2000-03-03 06:00:00,27.4,1010.2,30.0,28.6139,77.209,216.0
AWS-DEL-01,Delhi Safdarjung,2000-03-03 09:00:00,29.4,1007.5,24.0,28.6139,77.209,216.0
AWS-DEL-01,Delhi Safdarjung,2000-03-03 12:00:00,27.4,1006.4,32.0,28.6139,77.209,216.0
AWS-DEL-01,Delhi Safdarjung,2000-03-03 15:00:00,20.0,1008.2,64.0,28.6139,77.209,216.0
AWS-DEL-01,Delhi Safdarjung,2000-03-03 18:00:00,16.6,1008.8,77.0,28.6139,77.209,216.0
AWS-DEL-01,Delhi Safdarjung,2000-03-03 21:00:00,16.2,1007.2,64.0,28.6139,77.209,216.0
AWS-DEL-01,Delhi Safdarjung,2000-03-04 03:00:00,20.0,1007.9,49.0,28.6139,77.209,216.0
AWS-DEL-01,Delhi Safdarjung,2000-03-04 06:00:00,25.0,1006.15,41.0,28.6139,77.209,216.0
AWS-DEL-01,Delhi Safdarjung,2000-03-04 09:00:00,28.6,1004.4,44.0,28.6139,77.209,216.0
AWS-DEL-01,Delhi Safdarjung,2000-03-04 12:00:00,27.6,1004.1,46.0,28.6139,77.209,216.0
AWS-DEL-01,Delhi Safdarjung,2000-03-04 15:00:00,22.6,1005.9,66.0,28.6139,77.209,216.0
AWS-DEL-01,Delhi Safdarjung,2000-03-04 18:00:00,21.8,1007.4,69.0,28.6139,77.209,216.0
AWS-DEL-01,Delhi Safdarjung,2000-03-04 21:00:00,20.2,1007.9,69.0,28.6139,77.209,216.0
AWS-DEL-01,Delhi Safdarjung,2000-03-05 00:00:00,17.4,1008.3,78.0,28.6139,77.209,216.0
AWS-DEL-01,Delhi Safdarjung,2000-03-05 03:00:00,17.2,1011.4,82.0,28.6139,77.209,216.0
AWS-DEL-01,Delhi Safdarjung,2000-03-05 06:00:00,23.0,1011.7,59.0,28.6139,77.209,216.0
AWS-DEL-01,Delhi Safdarjung,2000-03-05 09:00:00,25.4,1009.2,45.0,28.6139,77.209,216.0
AWS-DEL-01,Delhi Safdarjung,2000-03-05 12:00:00,23.6,1008.8,44.0,28.6139,77.209,216.0
AWS-DEL-01,Delhi Safdarjung,2000-03-05 15:00:00,21.0,1010.3,68.0,28.6139,77.209,216.0
AWS-DEL-01,Delhi Safdarjung,2000-03-05 18:00:00,19.0,1011.2,58.0,28.6139,77.209,216.0
AWS-DEL-01,Delhi Safdarjung,2000-03-05 21:00:00,15.6,1010.0,73.0,28.6139,77.209,216.0
AWS-DEL-01,Delhi Safdarjung,2000-03-06 00:00:00,13.2,1010.0,84.0,28.6139,77.209,216.0
AWS-DEL-01,Delhi Safdarjung,2000-03-06 03:00:00,15.6,1011.2,57.0,28.6139,77.209,216.0
AWS-DEL-01,Delhi Safdarjung,2000-03-06 06:00:00,22.8,1010.8,39.0,28.6139,77.209,216.0
AWS-DEL-01,Delhi Safdarjung,2000-03-06 09:00:00,25.4,1008.5,35.0,28.6139,77.209,216.0
AWS-DEL-01,Delhi Safdarjung,2000-03-06 12:00:00,24.8,1007.4,37.0,28.6139,77.209,216.0
AWS-DEL-01,Delhi Safdarjung,2000-03-06 15:00:00,18.2,1010.4,58.0,28.6139,77.209,216.0
AWS-DEL-01,Delhi Safdarjung,2000-03-06 18:00:00,14.2,1011.8,74.0,28.6139,77.209,216.0
AWS-DEL-01,Delhi Safdarjung,2000-03-06 21:00:00,13.0,1011.0,75.0,28.6139,77.209,216.0
AWS-DEL-01,Delhi Safdarjung,2000-03-07 00:00:00,11.2,1010.7,90.0,28.6139,77.209,216.0
AWS-DEL-01,Delhi Safdarjung,2000-03-07 03:00:00,14.8,1012.3,70.0,28.6139,77.209,216.0
AWS-DEL-01,Delhi Safdarjung,2000-03-07 06:00:00,25.8,1011.35,25.0,28.6139,77.209,216.0
AWS-DEL-01,Delhi Safdarjung,2000-03-07 09:00:00,28.0,1010.4,23.0,28.6139,77.209,216.0
AWS-DEL-01,Delhi Safdarjung,2000-03-07 12:00:00,26.4,1009.5,27.0,28.6139,77.209,216.0
AWS-DEL-01,Delhi Safdarjung,2000-03-07 15:00:00,20.0,1011.1,49.0,28.6139,77.209,216.0
AWS-DEL-01,Delhi Safdarjung,2000-03-07 18:00:00,17.6,1012.2,63.0,28.6139,77.209,216.0
AWS-DEL-01,Delhi Safdarjung,2000-03-07 21:00:00,17.6,1011.5,54.0,28.6139,77.209,216.0
AWS-DEL-01,Delhi Safdarjung,2000-03-08 00:00:00,15.0,1011.6,68.0,28.6139,77.209,216.0
AWS-DEL-01,Delhi Safdarjung,2000-03-08 03:00:00,16.0,1013.8,65.0,28.6139,77.209,216.0
AWS-DEL-01,Delhi Safdarjung,2000-03-08 06:00:00,23.8,1013.1,32.0,28.6139,77.209,216.0
AWS-DEL-01,Delhi Safdarjung,2000-03-08 09:00:00,25.0,1010.8,30.0,28.6139,77.209,216.0
AWS-DEL-01,Delhi Safdarjung,2000-03-08 12:00:00,24.0,1009.9,39.0,28.6139,77.209,216.0
AWS-DEL-01,Delhi Safdarjung,2000-03-08 15:00:00,20.0,1010.3,48.0,28.6139,77.209,216.0
AWS-DEL-01,Delhi Safdarjung,2000-03-08 18:00:00,17.2,1010.6,59.0,28.6139,77.209,216.0
AWS-DEL-01,Delhi Safdarjung,2000-03-08 21:00:00,16.8,1009.2,51.0,28.6139,77.209,216.0
AWS-DEL-01,Delhi Safdarjung,2000-03-09 00:00:00,14.0,1008.8,61.0,28.6139,77.209,216.0
AWS-DEL-01,Delhi Safdarjung,2000-03-09 03:00:00,17.0,1010.5,50.0,28.6139,77.209,216.0
AWS-DEL-01,Delhi Safdarjung,2000-03-09 06:00:00,23.4,1010.2,33.0,28.6139,77.209,216.0
AWS-DEL-01,Delhi Safdarjung,2000-03-09 09:00:00,26.2,1008.5,27.0,28.6139,77.209,216.0
AWS-DEL-01,Delhi Safdarjung,2000-03-09 12:00:00,25.4,1007.4,27.0,28.6139,77.209,216.0
AWS-DEL-01,Delhi Safdarjung,2000-03-09 15:00:00,20.6,1008.3,47.0,28.6139,77.209,216.0
AWS-DEL-01,Delhi Safdarjung,2000-03-09 18:00:00,17.0,1009.1,57.0,28.6139,77.209,216.0
AWS-DEL-01,Delhi Safdarjung,2000-03-09 21:00:00,14.0,1009.1,67.0,28.6139,77.209,216.0
AWS-DEL-01,Delhi Safdarjung,2000-03-10 00:00:00,14.4,1008.4,68.0,28.6139,77.209,216.0
AWS-DEL-01,Delhi Safdarjung,2000-03-10 03:00:00,17.6,1009.5,51.0,28.6139,77.209,216.0
AWS-DEL-01,Delhi Safdarjung,2000-03-10 06:00:00,26.0,1008.7,31.0,28.6139,77.209,216.0
AWS-DEL-01,Delhi Safdarjung,2000-03-10 09:00:00,29.2,1005.6,24.0,28.6139,77.209,216.0
AWS-DEL-01,Delhi Safdarjung,2000-03-10 12:00:00,29.0,1004.2,29.0,28.6139,77.209,216.0
AWS-DEL-01,Delhi Safdarjung,2000-03-10 15:00:00,23.0,1005.7,50.0,28.6139,77.209,216.0
AWS-DEL-01,Delhi Safdarjung,2000-03-10 18:00:00,18.0,1006.4,71.0,28.6139,77.209,216.0
AWS-DEL-01,Delhi Safdarjung,2000-03-10 21:00:00,16.0,1005.5,77.0,28.6139,77.209,216.0
AWS-DEL-01,Delhi Safdarjung,2000-03-11 00:00:00,14.4,1005.0,82.0,28.6139,77.209,216.0
AWS-DEL-01,Delhi Safdarjung,2000-03-11 03:00:00,19.2,1005.8,56.0,28.6139,77.209,216.0
AWS-DEL-01,Delhi Safdarjung,2000-03-11 06:00:00,27.0,1005.9,37.0,28.6139,77.209,216.0
AWS-DEL-01,Delhi Safdarjung,2000-03-11 09:00:00,30.2,1003.6,33.0,28.6139,77.209,216.0
AWS-DEL-01,Delhi Safdarjung,2000-03-11 12:00:00,28.0,1003.2,44.0,28.6139,77.209,216.0
AWS-DEL-01,Delhi Safdarjung,2000-03-11 15:00:00,23.5,1004.4,63.0,28.6139,77.209,216.0
AWS-DEL-01,Delhi Safdarjung,2000-03-11 18:00:00,21.0,1005.2,70.0,28.6139,77.209,216.0
AWS-DEL-01,Delhi Safdarjung,2000-03-11 21:00:00,17.8,1004.7,72.0,28.6139,77.209,216.0
AWS-DEL-01,Delhi Safdarjung,2000-03-12 00:00:00,18.6,1002.7,69.0,28.6139,77.209,216.0
AWS-DEL-01,Delhi Safdarjung,2000-03-12 03:00:00,21.6,1004.4,49.0,28.6139,77.209,216.0
AWS-DEL-01,Delhi Safdarjung,2000-03-12 06:00:00,28.4,1004.5,42.0,28.6139,77.209,216.0
AWS-DEL-01,Delhi Safdarjung,2000-03-12 12:00:00,27.4,1000.5,50.0,28.6139,77.209,216.0
AWS-DEL-01,Delhi Safdarjung,2000-03-12 15:00:00,20.8,1002.0,47.0,28.6139,77.209,216.0
AWS-DEL-01,Delhi Safdarjung,2000-03-12 18:00:00,17.2,1005.7,65.0,28.6139,77.209,216.0
AWS-DEL-01,Delhi Safdarjung,2000-03-12 21:00:00,15.8,1004.7,69.0,28.6139,77.209,216.0
AWS-DEL-01,Delhi Safdarjung,2000-03-13 00:00:00,15.6,1004.3,69.0,28.6139,77.209,216.0
AWS-DEL-01,Delhi Safdarjung,2000-03-13 03:00:00,18.0,1006.0,56.0,28.6139,77.209,216.0
AWS-DEL-01,Delhi Safdarjung,2000-03-13 06:00:00,25.0,1006.4,46.0,28.6139,77.209,216.0
AWS-DEL-01,Delhi Safdarjung,2000-03-13 09:00:00,28.0,1004.7,38.0,28.6139,77.209,216.0
AWS-DEL-01,Delhi Safdarjung,2000-03-13 15:00:00,17.0,1009.1,80.0,28.6139,77.209,216.0
AWS-DEL-01,Delhi Safdarjung,2000-03-13 18:00:00,16.6,1010.4,77.0,28.6139,77.209,216.0
AWS-DEL-01,Delhi Safdarjung,2000-03-13 21:00:00,15.2,1010.3,87.0,28.6139,77.209,216.0
AWS-DEL-01,Delhi Safdarjung,2000-03-14 00:00:00,14.0,1011.0,89.0,28.6139,77.209,216.0
AWS-DEL-01,Delhi Safdarjung,2000-03-14 03:00:00,15.6,1012.8,79.0,28.6139,77.209,216.0
AWS-DEL-01,Delhi Safdarjung,2000-03-14 06:00:00,23.8,1012.7,46.0,28.6139,77.209,216.0
AWS-DEL-01,Delhi Safdarjung,2000-03-14 09:00:00,26.2,1010.6,29.0,28.6139,77.209,216.0
AWS-DEL-01,Delhi Safdarjung,2000-03-14 12:00:00,25.8,1010.1,31.0,28.6139,77.209,216.0
AWS-DEL-01,Delhi Safdarjung,2000-03-14 15:00:00,19.4,1011.7,57.0,28.6139,77.209,216.0
AWS-DEL-01,Delhi Safdarjung,2000-03-14 18:00:00,16.2,1012.9,71.0,28.6139,77.209,216.0
AWS-DEL-01,Delhi Safdarjung,2000-03-14 21:00:00,15.8,1012.3,65.0,28.6139,77.209,216.0
AWS-DEL-01,Delhi Safdarjung,2000-03-15 00:00:00,14.4,1011.2,70.0,28.6139,77.209,216.0
AWS-DEL-01,Delhi Safdarjung,2000-03-15 03:00:00,15.6,1013.1,65.0,28.6139,77.209,216.0
AWS-DEL-01,Delhi Safdarjung,2000-03-15 06:00:00,25.6,1011.9,36.0,28.6139,77.209,216.0
AWS-DEL-01,Delhi Safdarjung,2000-03-15 09:00:00,27.6,1009.9,32.0,28.6139,77.209,216.0
AWS-DEL-01,Delhi Safdarjung,2000-03-15 12:00:00,26.4,1009.1,34.0,28.6139,77.209,216.0
AWS-DEL-01,Delhi Safdarjung,2000-03-15 15:00:00,21.4,1010.6,57.0,28.6139,77.209,216.0
AWS-DEL-01,Delhi Safdarjung,2000-03-15 18:00:00,19.0,1011.1,63.0,28.6139,77.209,216.0
AWS-DEL-01,Delhi Safdarjung,2000-03-15 21:00:00,15.4,1009.4,77.0,28.6139,77.209,216.0
AWS-DEL-01,Delhi Safdarjung,2000-03-16 00:00:00,15.0,1009.1,76.0,28.6139,77.209,216.0
AWS-DEL-01,Delhi Safdarjung,2000-03-16 03:00:00,17.6,1010.4,76.0,28.6139,77.209,216.0
AWS-DEL-01,Delhi Safdarjung,2000-03-16 06:00:00,26.4,1010.0,39.0,28.6139,77.209,216.0
AWS-DEL-01,Delhi Safdarjung,2000-03-16 09:00:00,30.2,1007.4,24.0,28.6139,77.209,216.0
AWS-DEL-01,Delhi Safdarjung,2000-03-16 12:00:00,29.6,1006.2,27.0,28.6139,77.209,216.0
AWS-DEL-01,Delhi Safdarjung,2000-03-16 15:00:00,22.0,1007.4,61.0,28.6139,77.209,216.0
AWS-DEL-01,Delhi Safdarjung,2000-03-16 18:00:00,18.4,1007.9,76.0,28.6139,77.209,216.0
AWS-DEL-01,Delhi Safdarjung,2000-03-16 21:00:00,16.6,1006.9,85.0,28.6139,77.209,216.0
AWS-DEL-01,Delhi Safdarjung,2000-03-17 00:00:00,15.4,1006.2,89.0,28.6139,77.209,216.0
AWS-DEL-01,Delhi Safdarjung,2000-03-17 03:00:00,19.6,1007.6,74.0,28.6139,77.209,216.0
AWS-DEL-01,Delhi Safdarjung,2000-03-17 06:00:00,29.4,1007.6,29.0,28.6139,77.209,216.0
AWS-DEL-01,Delhi Safdarjung,2000-03-17 09:00:00,23.6,1004.0,42.0,28.6139,77.209,216.0
AWS-DEL-01,Delhi Safdarjung,2000-03-17 12:00:00,30.2,1002.7,40.0,28.6139,77.209,216.0
AWS-DEL-01,Delhi Safdarjung,2000-03-17 15:00:00,25.4,1003.9,52.0,28.6139,77.209,216.0
AWS-DEL-01,Delhi Safdarjung,2000-03-17 18:00:00,23.6,1005.8,52.0,28.6139,77.209,216.0
AWS-DEL-01,Delhi Safdarjung,2000-03-17 21:00:00,21.8,1006.3,50.0,28.6139,77.209,216.0
AWS-DEL-01,Delhi Safdarjung,2000-03-18 00:00:00,17.4,1007.1,76.0,28.6139,77.209,216.0
AWS-DEL-01,Delhi Safdarjung,2000-03-18 03:00:00,17.6,1009.7,78.0,28.6139,77.209,216.0
AWS-DEL-01,Delhi Safdarjung,2000-03-18 06:00:00,24.8,1008.75,48.0,28.6139,77.209,216.0
AWS-DEL-01,Delhi Safdarjung,2000-03-18 09:00:00,28.4,1007.8,28.0,28.6139,77.209,216.0
AWS-DEL-01,Delhi Safdarjung,2000-03-18 12:00:00,28.2,1007.2,23.0,28.6139,77.209,216.0
AWS-DEL-01,Delhi Safdarjung,2000-03-18 15:00:00,23.6,1009.6,47.0,28.6139,77.209,216.0
AWS-DEL-01,Delhi Safdarjung,2000-03-18 18:00:00,21.4,1011.0,53.0,28.6139,77.209,216.0
AWS-DEL-01,Delhi Safdarjung,2000-03-18 21:00:00,19.2,1010.8,60.0,28.6139,77.209,216.0
AWS-DEL-01,Delhi Safdarjung,2000-03-19 00:00:00,14.4,1011.0,76.0,28.6139,77.209,216.0
AWS-DEL-01,Delhi Safdarjung,2000-03-19 03:00:00,16.6,1013.2,66.0,28.6139,77.209,216.0
AWS-DEL-01,Delhi Safdarjung,2000-03-19 06:00:00,25.8,1013.4,26.0,28.6139,77.209,216.0
AWS-DEL-01,Delhi Safdarjung,2000-03-19 09:00:00,27.8,1011.5,19.0,28.6139,77.209,216.0
AWS-DEL-01,Delhi Safdarjung,2000-03-19 12:00:00,26.6,1010.5,23.0,28.6139,77.209,216.0
AWS-DEL-01,Delhi Safdarjung,2000-03-19 15:00:00,21.4,1012.9,48.0,28.6139,77.209,216.0
AWS-DEL-01,Delhi Safdarjung,2000-03-19 18:00:00,16.2,1013.0,64.0,28.6139,77.209,216.0
AWS-DEL-01,Delhi Safdarjung,2000-03-19 21:00:00,16.2,1012.8,67.0,28.6139,77.209,216.0
AWS-DEL-01,Delhi Safdarjung,2000-03-20 00:00:00,14.0,1011.4,69.0,28.6139,77.209,216.0
AWS-DEL-01,Delhi Safdarjung,2000-03-20 03:00:00,16.6,1012.6,54.0,28.6139,77.209,216.0
AWS-DEL-01,Delhi Safdarjung,2000-03-20 06:00:00,25.4,1011.3,28.0,28.6139,77.209,216.0
AWS-DEL-01,Delhi Safdarjung,2000-03-20 09:00:00,28.0,1010.0,17.0,28.6139,77.209,216.0
AWS-DEL-01,Delhi Safdarjung,2000-03-20 12:00:00,28.0,1008.0,20.0,28.6139,77.209,216.0
AWS-DEL-01,Delhi Safdarjung,2000-03-20 15:00:00,20.0,1011.1,54.0,28.6139,77.209,216.0
AWS-DEL-01,Delhi Safdarjung,2000-03-20 18:00:00,19.2,1010.6,53.0,28.6139,77.209,216.0
AWS-DEL-01,Delhi Safdarjung,2000-03-20 21:00:00,18.0,1009.6,64.0,28.6139,77.209,216.0
AWS-DEL-01,Delhi Safdarjung,2000-03-21 00:00:00,13.2,1010.6,79.0,28.6139,77.209,216.0
AWS-DEL-01,Delhi Safdarjung,2000-03-21 03:00:00,18.0,1012.5,64.0,28.6139,77.209,216.0
AWS-DEL-01,Delhi Safdarjung,2000-03-21 06:00:00,24.8,1011.4,42.0,28.6139,77.209,216.0
AWS-DEL-01,Delhi Safdarjung,2000-03-21 09:00:00,25.0,1009.2,43.0,28.6139,77.209,216.0
AWS-DEL-01,Delhi Safdarjung,2000-03-21 12:00:00,28.0,1008.0,20.0,28.6139,77.209,216.0
AWS-DEL-01,Delhi Safdarjung,2000-03-21 15:00:00,20.8,1010.7,54.0,28.6139,77.209,216.0
AWS-DEL-01,Delhi Safdarjung,2000-03-21 18:00:00,19.6,1009.9,62.0,28.6139,77.209,216.0
AWS-DEL-01,Delhi Safdarjung,2000-03-21 21:00:00,18.6,1010.2,69.0,28.6139,77.209,216.0
AWS-DEL-01,Delhi Safdarjung,2000-03-22 00:00:00,17.0,1009.5,76.0,28.6139,77.209,216.0
AWS-DEL-01,Delhi Safdarjung,2000-03-22 03:00:00,19.4,1010.9,64.0,28.6139,77.209,216.0
AWS-DEL-01,Delhi Safdarjung,2000-03-22 06:00:00,27.4,1010.3,38.0,28.6139,77.209,216.0
AWS-DEL-01,Delhi Safdarjung,2000-03-22 12:00:00,28.4,1007.0,27.0,28.6139,77.209,216.0
AWS-DEL-01,Delhi Safdarjung,2000-03-22 15:00:00,22.4,1009.1,61.0,28.6139,77.209,216.0
AWS-DEL-01,Delhi Safdarjung,2000-03-22 18:00:00,20.4,1011.1,71.0,28.6139,77.209,216.0
AWS-DEL-01,Delhi Safdarjung,2000-03-22 21:00:00,19.4,1009.7,58.0,28.6139,77.209,216.0
AWS-DEL-01,Delhi Safdarjung,2000-03-23 00:00:00,19.6,1010.2,59.0,28.6139,77.209,216.0
AWS-DEL-01,Delhi Safdarjung,2000-03-23 03:00:00,18.8,1012.2,65.0,28.6139,77.209,216.0
AWS-DEL-01,Delhi Safdarjung,2000-03-23 06:00:00,23.8,1013.8,46.0,28.6139,77.209,216.0
AWS-DEL-01,Delhi Safdarjung,2000-03-23 09:00:00,26.2,1011.8,36.0,28.6139,77.209,216.0
AWS-DEL-01,Delhi Safdarjung,2000-03-23 15:00:00,20.6,1014.1,60.0,28.6139,77.209,216.0
AWS-DEL-01,Delhi Safdarjung,2000-03-23 18:00:00,18.0,1016.1,78.0,28.6139,77.209,216.0
AWS-DEL-01,Delhi Safdarjung,2000-03-23 21:00:00,15.6,1016.3,87.0,28.6139,77.209,216.0
AWS-DEL-01,Delhi Safdarjung,2000-03-24 00:00:00,14.4,1016.6,89.0,28.6139,77.209,216.0
AWS-DEL-01,Delhi Safdarjung,2000-03-24 03:00:00,17.4,1018.7,76.0,28.6139,77.209,216.0
AWS-DEL-01,Delhi Safdarjung,2000-03-24 06:00:00,24.4,1018.7,42.0,28.6139,77.209,216.0
AWS-DEL-01,Delhi Safdarjung,2000-03-24 09:00:00,26.4,1016.3,35.0,28.6139,77.209,216.0
AWS-DEL-01,Delhi Safdarjung,2000-03-24 12:00:00,25.6,1015.3,38.0,28.6139,77.209,216.0
AWS-DEL-01,Delhi Safdarjung,2000-03-24 15:00:00,21.6,1015.8,62.0,28.6139,77.209,216.0
AWS-DEL-01,Delhi Safdarjung,2000-03-24 18:00:00,18.4,1016.2,71.0,28.6139,77.209,216.0
AWS-DEL-01,Delhi Safdarjung,2000-03-24 21:00:00,17.0,1014.8,78.0,28.6139,77.209,216.0
AWS-DEL-01,Delhi Safdarjung,2000-03-25 00:00:00,15.4,1014.4,85.0,28.6139,77.209,216.0
AWS-DEL-01,Delhi Safdarjung,2000-03-25 03:00:00,17.6,1015.7,74.0,28.6139,77.209,216.0
AWS-DEL-01,Delhi Safdarjung,2000-03-25 06:00:00,25.4,1015.6,41.0,28.6139,77.209,216.0
AWS-DEL-01,Delhi Safdarjung,2000-03-25 09:00:00,28.0,1013.1,35.0,28.6139,77.209,216.0
AWS-DEL-01,Delhi Safdarjung,2000-03-25 12:00:00,27.6,1012.0,38.0,28.6139,77.209,216.0
AWS-DEL-01,Delhi Safdarjung,2000-03-25 15:00:00,23.6,1014.1,58.0,28.6139,77.209,216.0
AWS-DEL-01,Delhi Safdarjung,2000-03-25 18:00:00,19.6,1014.9,72.0,28.6139,77.209,216.0
AWS-DEL-01,Delhi Safdarjung,2000-03-25 21:00:00,17.2,1014.1,82.0,28.6139,77.209,216.0
AWS-DEL-01,Delhi Safdarjung,2000-03-26 00:00:00,15.6,1014.0,87.0,28.6139,77.209,216.0
AWS-DEL-01,Delhi Safdarjung,2000-03-26 03:00:00,19.6,1015.3,70.0,28.6139,77.209,216.0
AWS-DEL-01,Delhi Safdarjung,2000-03-26 06:00:00,27.6,1014.9,44.0,28.6139,77.209,216.0
AWS-DEL-01,Delhi Safdarjung,2000-03-26 09:00:00,31.2,1011.8,32.0,28.6139,77.209,216.0
AWS-DEL-01,Delhi Safdarjung,2000-03-26 12:00:00,29.4,1010.6,37.0,28.6139,77.209,216.0
AWS-DEL-01,Delhi Safdarjung,2000-03-26 15:00:00,23.4,1013.0,66.0,28.6139,77.209,216.0
AWS-DEL-01,Delhi Safdarjung,2000-03-26 18:00:00,19.4,1013.9,81.0,28.6139,77.209,216.0
AWS-DEL-01,Delhi Safdarjung,2000-03-26 21:00:00,27.6,1012.7,48.0,28.6139,77.209,216.0
AWS-DEL-01,Delhi Safdarjung,2000-03-27 00:00:00,16.2,1013.1,87.0,28.6139,77.209,216.0
AWS-DEL-01,Delhi Safdarjung,2000-03-27 03:00:00,20.0,1014.6,71.0,28.6139,77.209,216.0
AWS-DEL-01,Delhi Safdarjung,2000-03-27 06:00:00,29.8,1013.9,41.0,28.6139,77.209,216.0
AWS-DEL-01,Delhi Safdarjung,2000-03-27 09:00:00,32.4,1011.0,30.0,28.6139,77.209,216.0
AWS-DEL-01,Delhi Safdarjung,2000-03-27 12:00:00,32.6,1010.3,22.0,28.6139,77.209,216.0
AWS-DEL-01,Delhi Safdarjung,2000-03-27 15:00:00,26.3,1012.1,47.0,28.6139,77.209,216.0
AWS-DEL-01,Delhi Safdarjung,2000-03-27 18:00:00,20.0,1013.2,72.0,28.6139,77.209,216.0
AWS-DEL-01,Delhi Safdarjung,2000-03-27 21:00:00,18.0,1012.4,78.0,28.6139,77.209,216.0
AWS-DEL-01,Delhi Safdarjung,2000-03-28 00:00:00,17.0,1012.9,84.0,28.6139,77.209,216.0
AWS-DEL-01,Delhi Safdarjung,2000-03-28 03:00:00,20.6,1014.3,78.0,28.6139,77.209,216.0
AWS-DEL-01,Delhi Safdarjung,2000-03-28 06:00:00,31.6,1013.3,30.0,28.6139,77.209,216.0
AWS-DEL-01,Delhi Safdarjung,2000-03-28 09:00:00,34.2,1010.4,24.0,28.6139,77.209,216.0
AWS-DEL-01,Delhi Safdarjung,2000-03-28 12:00:00,33.2,1009.2,27.0,28.6139,77.209,216.0
AWS-DEL-01,Delhi Safdarjung,2000-03-28 15:00:00,24.8,1011.2,57.0,28.6139,77.209,216.0
AWS-DEL-01,Delhi Safdarjung,2000-03-28 18:00:00,21.4,1012.3,74.0,28.6139,77.209,216.0
AWS-DEL-01,Delhi Safdarjung,2000-03-29 00:00:00,17.8,1011.6,84.0,28.6139,77.209,216.0
AWS-DEL-01,Delhi Safdarjung,2000-03-29 03:00:00,22.4,1013.7,66.0,28.6139,77.209,216.0
AWS-DEL-01,Delhi Safdarjung,2000-03-29 06:00:00,32.2,1012.6,29.0,28.6139,77.209,216.0
AWS-DEL-01,Delhi Safdarjung,2000-03-29 09:00:00,35.0,1009.4,24.0,28.6139,77.209,216.0
AWS-DEL-01,Delhi Safdarjung,2000-03-29 12:00:00,34.8,1008.3,20.0,28.6139,77.209,216.0
AWS-DEL-01,Delhi Safdarjung,2000-03-29 15:00:00,25.6,1010.5,55.0,28.6139,77.209,216.0
AWS-DEL-01,Delhi Safdarjung,2000-03-29 18:00:00,22.6,1011.2,69.0,28.6139,77.209,216.0
AWS-DEL-01,Delhi Safdarjung,2000-03-29 21:00:00,20.4,1011.0,76.0,28.6139,77.209,216.0
AWS-DEL-01,Delhi Safdarjung,2000-03-30 00:00:00,19.4,1009.9,83.0,28.6139,77.209,216.0
AWS-DEL-01,Delhi Safdarjung,2000-03-30 03:00:00,23.6,1009.85,70.0,28.6139,77.209,216.0
AWS-DEL-01,Delhi Safdarjung,2000-03-30 06:00:00,34.6,1009.8,20.0,28.6139,77.209,216.0
AWS-DEL-01,Delhi Safdarjung,2000-03-30 09:00:00,37.4,1006.6,14.0,28.6139,77.209,216.0
AWS-DEL-01,Delhi Safdarjung,2000-03-30 12:00:00,36.0,1005.2,20.0,28.6139,77.209,216.0
AWS-DEL-01,Delhi Safdarjung,2000-03-30 15:00:00,27.2,1006.9,48.0,28.6139,77.209,216.0
AWS-DEL-01,Delhi Safdarjung,2000-03-30 18:00:00,22.8,1007.5,66.0,28.6139,77.209,216.0
AWS-DEL-01,Delhi Safdarjung,2000-03-30 21:00:00,21.4,1006.8,72.0,28.6139,77.209,216.0
AWS-DEL-01,Delhi Safdarjung,2000-03-31 00:00:00,19.4,1006.5,77.0,28.6139,77.209,216.0
AWS-DEL-01,Delhi Safdarjung,2000-03-31 03:00:00,24.0,1008.1,66.0,28.6139,77.209,216.0
AWS-DEL-01,Delhi Safdarjung,2000-03-31 06:00:00,37.0,1006.2,17.0,28.6139,77.209,216.0
AWS-DEL-01,Delhi Safdarjung,2000-03-31 09:00:00,38.4,1005.0,14.0,28.6139,77.209,216.0
AWS-DEL-01,Delhi Safdarjung,2000-03-31 12:00:00,36.6,1003.7,26.0,28.6139,77.209,216.0
AWS-DEL-01,Delhi Safdarjung,2000-03-31 15:00:00,28.8,1005.6,50.0,28.6139,77.209,216.0
AWS-DEL-01,Delhi Safdarjung,2000-03-31 18:00:00,25.4,1006.2,64.0,28.6139,77.209,216.0
AWS-DEL-01,Delhi Safdarjung,2000-03-31 21:00:00,24.6,1005.6,59.0,28.6139,77.209,216.0
AWS-DEL-01,Delhi Safdarjung,2000-04-01 00:00:00,22.6,1005.9,68.0,28.6139,77.209,216.0
AWS-DEL-01,Delhi Safdarjung,2000-04-01 03:00:00,25.2,1008.3,60.0,28.6139,77.209,216.0
AWS-DEL-01,Delhi Safdarjung,2000-04-01 06:00:00,33.4,1007.7,28.0,28.6139,77.209,216.0
AWS-DEL-01,Delhi Safdarjung,2000-04-01 09:00:00,34.8,1005.7,30.0,28.6139,77.209,216.0
AWS-DEL-01,Delhi Safdarjung,2000-04-01 12:00:00,33.2,1005.5,30.0,28.6139,77.209,216.0
AWS-DEL-01,Delhi Safdarjung,2000-04-01 15:00:00,28.4,1007.0,46.0,28.6139,77.209,216.0
AWS-DEL-01,Delhi Safdarjung,2000-04-01 18:00:00,26.4,1007.9,43.0,28.6139,77.209,216.0
AWS-DEL-01,Delhi Safdarjung,2000-04-01 21:00:00,22.4,1006.5,57.0,28.6139,77.209,216.0
AWS-DEL-01,Delhi Safdarjung,2000-04-02 00:00:00,20.2,1006.3,58.0,28.6139,77.209,216.0
AWS-DEL-01,Delhi Safdarjung,2000-04-02 03:00:00,23.0,1007.5,47.0,28.6139,77.209,216.0
AWS-DEL-01,Delhi Safdarjung,2000-04-02 06:00:00,29.8,1006.8,25.0,28.6139,77.209,216.0
AWS-DEL-01,Delhi Safdarjung,2000-04-02 09:00:00,31.6,1004.8,28.0,28.6139,77.209,216.0
AWS-DEL-01,Delhi Safdarjung,2000-04-02 12:00:00,31.0,1003.4,32.0,28.6139,77.209,216.0
AWS-DEL-01,Delhi Safdarjung,2000-04-02 15:00:00,27.0,1004.7,37.0,28.6139,77.209,216.0
AWS-DEL-01,Delhi Safdarjung,2000-04-02 18:00:00,24.8,1006.0,42.0,28.6139,77.209,216.0
AWS-DEL-01,Delhi Safdarjung,2000-04-02 21:00:00,22.8,1005.5,54.0,28.6139,77.209,216.0
AWS-DEL-01,Delhi Safdarjung,2000-04-03 00:00:00,19.2,1005.5,60.0,28.6139,77.209,216.0
AWS-DEL-01,Delhi Safdarjung,2000-04-03 03:00:00,24.0,1007.0,45.0,28.6139,77.209,216.0
AWS-DEL-01,Delhi Safdarjung,2000-04-03 06:00:00,31.6,1007.0,31.0,28.6139,77.209,216.0
AWS-DEL-01,Delhi Safdarjung,2000-04-03 09:00:00,34.4,1004.4,24.0,28.6139,77.209,216.0
AWS-DEL-01,Delhi Safdarjung,2000-04-03 12:00:00,33.4,1003.3,24.0,28.6139,77.209,216.0
AWS-DEL-01,Delhi Safdarjung,2000-04-03 15:00:00,25.4,1004.8,48.0,28.6139,77.209,216.0
AWS-DEL-01,Delhi Safdarjung,2000-04-03 18:00:00,21.8,1005.9,69.0,28.6139,77.209,216.0
AWS-DEL-01,Delhi Safdarjung,2000-04-03 21:00:00,20.0,1005.4,69.0,28.6139,77.209,216.0
AWS-DEL-01,Delhi Safdarjung,2000-04-04 00:00:00,18.6,1005.4,71.0,28.6139,77.209,216.0
AWS-DEL-01,Delhi Safdarjung,2000-04-04 03:00:00,23.8,1006.0,57.0,28.6139,77.209,216.0
AWS-DEL-01,Delhi Safdarjung,2000-04-04 06:00:00,34.0,1006.3,28.0,28.6139,77.209,216.0
AWS-DEL-01,Delhi Safdarjung,2000-04-04 09:00:00,36.4,1004.1,19.0,28.6139,77.209,216.0
AWS-DEL-01,Delhi Safdarjung,2000-04-04 12:00:00,34.8,1003.1,21.0,28.6139,77.209,216.0
AWS-DEL-01,Delhi Safdarjung,2000-04-04 15:00:00,26.2,1004.3,47.0,28.6139,77.209,216.0
AWS-DEL-01,Delhi Safdarjung,2000-04-04 18:00:00,22.0,1005.4,57.0,28.6139,77.209,216.0
AWS-DEL-01,Delhi Safdarjung,2000-04-04 21:00:00,19.4,1005.8,64.0,28.6139,77.209,216.0
AWS-DEL-01,Delhi Safdarjung,2000-04-05 00:00:00,18.0,1005.1,69.0,28.6139,77.209,216.0
AWS-DEL-01,Delhi Safdarjung,2000-04-05 03:00:00,25.2,1006.1,44.0,28.6139,77.209,216.0
AWS-DEL-01,Delhi Safdarjung,2000-04-05 06:00:00,33.6,1006.4,23.0,28.6139,77.209,216.0
AWS-DEL-01,Delhi Safdarjung,2000-04-05 09:00:00,36.4,1003.9,18.0,28.6139,77.209,216.0
AWS-DEL-01,Delhi Safdarjung,2000-04-05 12:00:00,35.0,1002.9,18.0,28.6139,77.209,216.0
AWS-DEL-01,Delhi Safdarjung,2000-04-05 15:00:00,26.0,1004.5,41.0,28.6139,77.209,216.0
AWS-DEL-01,Delhi Safdarjung,2000-04-05 18:00:00,22.2,1005.5,57.0,28.6139,77.209,216.0
AWS-DEL-01,Delhi Safdarjung,2000-04-05 21:00:00,26.0,1004.4,30.0,28.6139,77.209,216.0
AWS-DEL-01,Delhi Safdarjung,2000-04-06 00:00:00,20.6,1004.8,46.0,28.6139,77.209,216.0
AWS-DEL-01,Delhi Safdarjung,2000-04-06 03:00:00,23.8,1006.4,44.0,28.6139,77.209,216.0
AWS-DEL-01,Delhi Safdarjung,2000-04-06 06:00:00,32.4,1006.8,19.0,28.6139,77.209,216.0
AWS-DEL-01,Delhi Safdarjung,2000-04-06 09:00:00,34.4,1005.3,17.0,28.6139,77.209,216.0
AWS-DEL-01,Delhi Safdarjung,2000-04-06 12:00:00,33.8,1004.1,16.0,28.6139,77.209,216.0
AWS-DEL-01,Delhi Safdarjung,2000-04-06 15:00:00,25.6,1005.7,42.0,28.6139,77.209,216.0
AWS-DEL-01,Delhi Safdarjung,2000-04-06 18:00:00,25.2,1007.0,37.0,28.6139,77.209,216.0
AWS-DEL-01,Delhi Safdarjung,2000-04-06 21:00:00,20.0,1007.0,52.0,28.6139,77.209,216.0
AWS-DEL-01,Delhi Safdarjung,2000-04-07 00:00:00,17.6,1007.2,62.0,28.6139,77.209,216.0
AWS-DEL-01,Delhi Safdarjung,2000-04-07 03:00:00,23.4,1009.4,40.0,28.6139,77.209,216.0
AWS-DEL-01,Delhi Safdarjung,2000-04-07 06:00:00,33.4,1009.2,24.0,28.6139,77.209,216.0
AWS-DEL-01,Delhi Safdarjung,2000-04-07 09:00:00,36.2,1006.8,18.0,28.6139,77.209,216.0
AWS-DEL-01,Delhi Safdarjung,2000-04-07 12:00:00,35.4,1005.6,20.0,28.6139,77.209,216.0
AWS-DEL-01,Delhi Safdarjung,2000-04-07 15:00:00,26.4,1007.9,45.0,28.6139,77.209,216.0
AWS-DEL-01,Delhi Safdarjung,2000-04-07 18:00:00,22.0,1008.9,66.0,28.6139,77.209,216.0
AWS-DEL-01,Delhi Safdarjung,2000-04-07 21:00:00,21.2,1007.5,64.0,28.6139,77.209,216.0
AWS-DEL-01,Delhi Safdarjung,2000-04-08 00:00:00,19.4,1007.9,64.0,28.6139,77.209,216.0
AWS-DEL-01,Delhi Safdarjung,2000-04-08 03:00:00,25.8,1008.7,39.0,28.6139,77.209,216.0
AWS-DEL-01,Delhi Safdarjung,2000-04-08 06:00:00,34.6,1008.0,23.0,28.6139,77.209,216.0
AWS-DEL-01,Delhi Safdarjung,2000-04-08 09:00:00,37.4,1005.1,19.0,28.6139,77.209,216.0
AWS-DEL-01,Delhi Safdarjung,2000-04-08 12:00:00,36.2,1003.0,19.0,28.6139,77.209,216.0
AWS-DEL-01,Delhi Safdarjung,2000-04-08 15:00:00,29.6,1004.7,34.0,28.6139,77.209,216.0
AWS-DEL-01,Delhi Safdarjung,2000-04-08 18:00:00,29.0,1005.6,33.0,28.6139,77.209,216.0
AWS-DEL-01,Delhi Safdarjung,2000-04-08 21:00:00,26.0,1004.7,38.0,28.6139,77.209,216.0
AWS-DEL-01,Delhi Safdarjung,2000-04-09 00:00:00,23.4,1005.1,46.0,28.6139,77.209,216.0
AWS-DEL-01,Delhi Safdarjung,2000-04-09 03:00:00,26.4,1006.1,43.0,28.6139,77.209,216.0
AWS-DEL-01,Delhi Safdarjung,2000-04-09 06:00:00,33.2,1006.1,28.0,28.6139,77.209,216.0
AWS-DEL-01,Delhi Safdarjung,2000-04-09 09:00:00,35.2,1003.8,21.0,28.6139,77.209,216.0
AWS-DEL-01,Delhi Safdarjung,2000-04-09 12:00:00,34.8,1002.8,20.0,28.6139,77.209,216.0
AWS-DEL-01,Delhi Safdarjung,2000-04-09 15:00:00,29.0,1004.0,38.0,28.6139,77.209,216.0
AWS-DEL-01,Delhi Safdarjung,2000-04-09 18:00:00,23.8,1004.9,54.0,28.6139,77.209,216.0
AWS-DEL-01,Delhi Safdarjung,2000-04-09 21:00:00,21.2,1004.0,64.0,28.6139,77.209,216.0
AWS-DEL-01,Delhi Safdarjung,2000-04-10 00:00:00,21.6,1003.9,52.0,28.6139,77.209,216.0
AWS-DEL-01,Delhi Safdarjung,2000-04-10 03:00:00,25.8,1005.7,41.0,28.6139,77.209,216.0
AWS-DEL-01,Delhi Safdarjung,2000-04-10 06:00:00,33.6,1005.3,24.0,28.6139,77.209,216.0
AWS-DEL-01,Delhi Safdarjung,2000-04-10 09:00:00,36.8,1003.6,18.0,28.6139,77.209,216.0
AWS-DEL-01,Delhi Safdarjung,2000-04-10 12:00:00,35.8,1002.6,17.0,28.6139,77.209,216.0
AWS-DEL-01,Delhi Safdarjung,2000-04-10 15:00:00,27.2,1004.2,42.0,28.6139,77.209,216.0
AWS-DEL-01,Delhi Safdarjung,2000-04-10 18:00:00,23.6,1005.1,52.0,28.6139,77.209,216.0
AWS-DEL-01,Delhi Safdarjung,2000-04-10 21:00:00,21.6,1005.0,54.0,28.6139,77.209,216.0
AWS-DEL-01,Delhi Safdarjung,2000-04-11 00:00:00,20.0,1005.1,56.0,28.6139,77.209,216.0
AWS-DEL-01,Delhi Safdarjung,2000-04-11 03:00:00,27.0,1006.4,28.0,28.6139,77.209,216.0
AWS-DEL-01,Delhi Safdarjung,2000-04-11 06:00:00,36.0,1005.7,20.0,28.6139,77.209,216.0
AWS-DEL-01,Delhi Safdarjung,2000-04-11 09:00:00,38.4,1002.6,16.0,28.6139,77.209,216.0
AWS-DEL-01,Delhi Safdarjung,2000-04-11 12:00:00,37.4,1001.3,15.0,28.6139,77.209,216.0
AWS-DEL-01,Delhi Safdarjung,2000-04-11 15:00:00,27.6,1003.6,43.0,28.6139,77.209,216.0
AWS-DEL-01,Delhi Safdarjung,2000-04-11 18:00:00,23.4,1004.7,54.0,28.6139,77.209,216.0
AWS-DEL-01,Delhi Safdarjung,2000-04-11 21:00:00,21.2,1004.4,67.0,28.6139,77.209,216.0
AWS-DEL-01,Delhi Safdarjung,2000-04-12 00:00:00,19.6,1005.1,70.0,28.6139,77.209,216.0
AWS-DEL-01,Delhi Safdarjung,2000-04-12 03:00:00,25.8,1005.9,52.0,28.6139,77.209,216.0
AWS-DEL-01,Delhi Safdarjung,2000-04-12 06:00:00,38.0,1005.6,21.0,28.6139,77.209,216.0
AWS-DEL-01,Delhi Safdarjung,2000-04-12 09:00:00,39.4,1002.7,21.0,28.6139,77.209,216.0
AWS-DEL-01,Delhi Safdarjung,2000-04-12 12:00:00,39.2,1001.0,18.0,28.6139,77.209,216.0
AWS-DEL-01,Delhi Safdarjung,2000-04-12 15:00:00,28.6,1003.3,49.0,28.6139,77.209,216.0
AWS-DEL-01,Delhi Safdarjung,2000-04-12 18:00:00,24.6,1004.2,62.0,28.6139,77.209,216.0
AWS-DEL-01,Delhi Safdarjung,2000-04-12 21:00:00,22.6,1004.2,69.0,28.6139,77.209,216.0
AWS-DEL-01,Delhi Safdarjung,2000-04-13 00:00:00,21.4,1003.2,72.0,28.6139,77.209,216.0
AWS-DEL-01,Delhi Safdarjung,2000-04-13 03:00:00,27.4,1004.4,56.0,28.6139,77.209,216.0
AWS-DEL-01,Delhi Safdarjung,2000-04-13 06:00:00,37.2,1003.3,20.0,28.6139,77.209,216.0
AWS-DEL-01,Delhi Safdarjung,2000-04-13 09:00:00,39.6,1000.0,20.0,28.6139,77.209,216.0
AWS-DEL-01,Delhi Safdarjung,2000-04-13 12:00:00,39.6,998.0,24.0,28.6139,77.209,216.0
AWS-DEL-01,Delhi Safdarjung,2000-04-13 15:00:00,33.0,1000.6,43.0,28.6139,77.209,216.0
AWS-DEL-01,Delhi Safdarjung,2000-04-13 18:00:00,30.8,999.4,38.0,28.6139,77.209,216.0
AWS-DEL-01,Delhi Safdarjung,2000-04-13 21:00:00,26.8,999.5,53.0,28.6139,77.209,216.0
AWS-DEL-01,Delhi Safdarjung,2000-04-14 00:00:00,24.0,1000.4,61.0,28.6139,77.209,216.0
AWS-DEL-01,Delhi Safdarjung,2000-04-14 03:00:00,28.4,1002.8,38.0,28.6139,77.209,216.0
AWS-DEL-01,Delhi Safdarjung,2000-04-14 06:00:00,37.6,1001.2,25.0,28.6139,77.209,216.0
AWS-DEL-01,Delhi Safdarjung,2000-04-14 09:00:00,39.2,998.4,21.0,28.6139,77.209,216.0
AWS-DEL-01,Delhi Safdarjung,2000-04-14 15:00:00,28.0,1003.9,44.0,28.6139,77.209,216.0
AWS-DEL-01,Delhi Safdarjung,2000-04-14 18:00:00,26.8,1001.1,52.0,28.6139,77.209,216.0
AWS-DEL-01,Delhi Safdarjung,2000-04-15 00:00:00,24.2,1003.0,59.0,28.6139,77.209,216.0
AWS-DEL-01,Delhi Safdarjung,2000-04-15 03:00:00,27.0,1005.6,50.0,28.6139,77.209,216.0
AWS-DEL-01,Delhi Safdarjung,2000-04-15 06:00:00,33.0,1005.7,38.0,28.6139,77.209,216.0
AWS-DEL-01,Delhi Safdarjung,2000-04-15 09:00:00,35.8,1002.9,33.0,28.6139,77.209,216.0
AWS-DEL-01,Delhi Safdarjung,2000-04-15 12:00:00,35.2,1001.6,33.0,28.6139,77.209,216.0
AWS-DEL-01,Delhi Safdarjung,2000-04-15 15:00:00,30.8,1004.1,46.0,28.6139,77.209,216.0
AWS-DEL-01,Delhi Safdarjung,2000-04-15 18:00:00,26.4,1005.6,66.0,28.6139,77.209,216.0
AWS-DEL-01,Delhi Safdarjung,2000-04-15 21:00:00,24.2,1005.1,74.0,28.6139,77.209,216.0
AWS-DEL-01,Delhi Safdarjung,2000-04-16 00:00:00,25.0,1005.4,68.0,28.6139,77.209,216.0
AWS-DEL-01,Delhi Safdarjung,2000-04-16 03:00:00,29.0,1007.3,52.0,28.6139,77.209,216.0
AWS-DEL-01,Delhi Safdarjung,2000-04-16 06:00:00,35.4,1006.9,36.0,28.6139,77.209,216.0
AWS-DEL-01,Delhi Safdarjung,2000-04-16 09:00:00,36.4,1004.4,31.0,28.6139,77.209,216.0
AWS-DEL-01,Delhi Safdarjung,2000-04-16 12:00:00,37.4,1002.1,26.0,28.6139,77.209,216.0
AWS-DEL-01,Delhi Safdarjung,2000-04-16 15:00:00,30.0,1003.8,44.0,28.6139,77.209,216.0
AWS-DEL-01,Delhi Safdarjung,2000-04-16 18:00:00,26.0,1004.8,59.0,28.6139,77.209,216.0
AWS-DEL-01,Delhi Safdarjung,2000-04-16 21:00:00,24.6,1004.4,65.0,28.6139,77.209,216.0
AWS-DEL-01,Delhi Safdarjung,2000-04-17 00:00:00,24.4,1004.4,65.0,28.6139,77.209,216.0
AWS-DEL-01,Delhi Safdarjung,2000-04-17 03:00:00,30.0,1005.0,44.0,28.6139,77.209,216.0
AWS-DEL-01,Delhi Safdarjung,2000-04-17 06:00:00,36.6,1004.6,29.0,28.6139,77.209,216.0
AWS-DEL-01,Delhi Safdarjung,2000-04-17 09:00:00,39.4,1001.5,24.0,28.6139,77.209,216.0
AWS-DEL-01,Delhi Safdarjung,2000-04-17 12:00:00,38.4,1000.3,24.0,28.6139,77.209,216.0
AWS-DEL-01,Delhi Safdarjung,2000-04-17 15:00:00,30.8,1002.1,48.0,28.6139,77.209,216.0
AWS-DEL-01,Delhi Safdarjung,2000-04-17 18:00:00,27.2,1002.6,63.0,28.6139,77.209,216.0
AWS-DEL-01,Delhi Safdarjung,2000-04-17 21:00:00,25.0,1002.7,71.0,28.6139,77.209,216.0
AWS-DEL-01,Delhi Safdarjung,2000-04-18 00:00:00,23.4,1003.2,75.0,28.6139,77.209,216.0
AWS-DEL-01,Delhi Safdarjung,2000-04-18 03:00:00,29.8,1005.1,44.0,28.6139,77.209,216.0
AWS-DEL-01,Delhi Safdarjung,2000-04-18 06:00:00,38.0,1004.8,29.0,28.6139,77.209,216.0
AWS-DEL-01,Delhi Safdarjung,2000-04-18 09:00:00,40.8,1002.2,22.0,28.6139,77.209,216.0
AWS-DEL-01,Delhi Safdarjung,2000-04-18 12:00:00,40.0,1000.7,21.0,28.6139,77.209,216.0
AWS-DEL-01,Delhi Safdarjung,2000-04-18 15:00:00,31.2,1002.7,48.0,28.6139,77.209,216.0
AWS-DEL-01,Delhi Safdarjung,2000-04-18 18:00:00,28.2,1004.3,60.0,28.6139,77.209,216.0
AWS-DEL-01,Delhi Safdarjung,2000-04-18 21:00:00,26.8,1003.9,59.0,28.6139,77.209,216.0
AWS-DEL-01,Delhi Safdarjung,2000-04-19 00:00:00,25.2,1003.4,68.0,28.6139,77.209,216.0
AWS-DEL-01,Delhi Safdarjung,2000-04-19 03:00:00,30.0,1004.8,46.0,28.6139,77.209,216.0
AWS-DEL-01,Delhi Safdarjung,2000-04-19 06:00:00,39.2,1004.3,25.0,28.6139,77.209,216.0
AWS-DEL-01,Delhi Safdarjung,2000-04-19 12:00:00,41.0,999.8,20.0,28.6139,77.209,216.0
AWS-DEL-01,Delhi Safdarjung,2000-04-19 15:00:00,36.2,1001.4,28.0,28.6139,77.209,216.0
AWS-DEL-01,Delhi Safdarjung,2000-04-19 18:00:00,32.2,1002.6,40.0,28.6139,77.209,216.0
AWS-DEL-01,Delhi Safdarjung,2000-04-19 21:00:00,31.2,1002.3,34.0,28.6139,77.209,216.0
AWS-DEL-01,Delhi Safdarjung,2000-04-20 00:00:00,27.4,1002.5,44.0,28.6139,77.209,216.0
AWS-DEL-01,Delhi Safdarjung,2000-04-20 03:00:00,31.6,1004.3,32.0,28.6139,77.209,216.0
AWS-DEL-01,Delhi Safdarjung,2000-04-20 06:00:00,37.0,1003.8,28.0,28.6139,77.209,216.0
AWS-DEL-01,Delhi Safdarjung,2000-04-20 09:00:00,40.6,1001.3,22.0,28.6139,77.209,216.0
AWS-DEL-01,Delhi Safdarjung,2000-04-20 12:00:00,40.8,998.5,20.0,28.6139,77.209,216.0
AWS-DEL-01,Delhi Safdarjung,2000-04-20 15:00:00,32.0,999.8,43.0,28.6139,77.209,216.0
AWS-DEL-01,Delhi Safdarjung,2000-04-21 03:00:00,31.4,1002.4,40.0,28.6139,77.209,216.0
AWS-DEL-01,Delhi Safdarjung,2000-04-21 06:00:00,37.0,1001.6,23.0,28.6139,77.209,216.0
AWS-DEL-01,Delhi Safdarjung,2000-04-21 09:00:00,40.4,999.9,19.0,28.6139,77.209,216.0
AWS-DEL-01,Delhi Safdarjung,2000-04-21 12:00:00,39.8,999.2,19.0,28.6139,77.209,216.0
AWS-DEL-01,Delhi Safdarjung,2000-04-21 15:00:00,35.2,1000.5,23.0,28.6139,77.209,216.0
AWS-DEL-01,Delhi Safdarjung,2000-04-21 18:00:00,29.4,1001.8,40.0,28.6139,77.209,216.0
AWS-DEL-01,Delhi Safdarjung,2000-04-21 21:00:00,25.8,1002.1,47.0,28.6139,77.209,216.0
AWS-DEL-01,Delhi Safdarjung,2000-04-22 00:00:00,24.2,1002.9,56.0,28.6139,77.209,216.0
AWS-DEL-01,Delhi Safdarjung,2000-04-22 03:00:00,30.0,1004.2,49.0,28.6139,77.209,216.0
AWS-DEL-01,Delhi Safdarjung,2000-04-22 06:00:00,35.6,1003.7,33.0,28.6139,77.209,216.0
AWS-DEL-01,Delhi Safdarjung,2000-04-22 09:00:00,38.6,1001.3,25.0,28.6139,77.209,216.0
AWS-DEL-01,Delhi Safdarjung,2000-04-23 03:00:00,28.2,1005.3,48.0,28.6139,77.209,216.0
AWS-DEL-01,Delhi Safdarjung,2000-04-23 06:00:00,32.8,1004.5,34.0,28.6139,77.209,216.0
AWS-DEL-01,Delhi Safdarjung,2000-04-23 09:00:00,35.8,1001.4,33.0,28.6139,77.209,216.0
AWS-DEL-01,Delhi Safdarjung,2000-04-23 12:00:00,34.6,999.7,37.0,28.6139,77.209,216.0
AWS-DEL-01,Delhi Safdarjung,2000-04-23 15:00:00,31.4,1001.5,48.0,28.6139,77.209,216.0
AWS-DEL-01,Delhi Safdarjung,2000-04-23 18:00:00,28.4,1002.5,59.0,28.6139,77.209,216.0
AWS-DEL-01,Delhi Safdarjung,2000-04-23 21:00:00,27.4,1001.7,62.0,28.6139,77.209,216.0
AWS-DEL-01,Delhi Safdarjung,2000-04-24 00:00:00,25.8,1001.6,70.0,28.6139,77.209,216.0
AWS-DEL-01,Delhi Safdarjung,2000-04-24 03:00:00,29.6,1002.8,54.0,28.6139,77.209,216.0
AWS-DEL-01,Delhi Safdarjung,2000-04-24 06:00:00,35.8,1002.0,32.0,28.6139,77.209,216.0
AWS-DEL-01,Delhi Safdarjung,2000-04-24 09:00:00,38.4,998.6,26.0,28.6139,77.209,216.0
AWS-DEL-01,Delhi Safdarjung,2000-04-24 15:00:00,32.0,997.9,46.0,28.6139,77.209,216.0
AWS-DEL-01,Delhi Safdarjung,2000-04-24 18:00:00,31.0,998.8,47.0,28.6139,77.209,216.0
AWS-DEL-01,Delhi Safdarjung,2000-04-24 21:00:00,28.6,997.8,51.0,28.6139,77.209,216.0
AWS-DEL-01,Delhi Safdarjung,2000-04-25 00:00:00,26.6,998.1,64.0,28.6139,77.209,216.0
AWS-DEL-01,Delhi Safdarjung,2000-04-25 03:00:00,31.0,999.4,50.0,28.6139,77.209,216.0
AWS-DEL-01,Delhi Safdarjung,2000-04-25 06:00:00,37.5,998.2,28.0,28.6139,77.209,216.0
AWS-DEL-01,Delhi Safdarjung,2000-04-25 09:00:00,40.0,995.5,20.0,28.6139,77.209,216.0
AWS-DEL-01,Delhi Safdarjung,2000-04-25 12:00:00,40.0,994.2,19.0,28.6139,77.209,216.0
AWS-DEL-01,Delhi Safdarjung,2000-04-25 15:00:00,32.2,995.6,44.0,28.6139,77.209,216.0
AWS-DEL-01,Delhi Safdarjung,2000-04-25 18:00:00,29.6,997.2,56.0,28.6139,77.209,216.0
AWS-DEL-01,Delhi Safdarjung,2000-04-26 00:00:00,24.5,999.4,73.0,28.6139,77.209,216.0
AWS-DEL-01,Delhi Safdarjung,2000-04-26 03:00:00,27.6,1000.1,67.0,28.6139,77.209,216.0
AWS-DEL-01,Delhi Safdarjung,2000-04-26 06:00:00,33.6,999.3,50.0,28.6139,77.209,216.0
AWS-DEL-01,Delhi Safdarjung,2000-04-26 09:00:00,37.6,997.3,42.0,28.6139,77.209,216.0
AWS-DEL-01,Delhi Safdarjung,2000-04-26 12:00:00,37.0,995.6,41.0,28.6139,77.209,216.0
AWS-DEL-01,Delhi Safdarjung,2000-04-26 15:00:00,38.8,997.8,39.0,28.6139,77.209,216.0
AWS-DEL-01,Delhi Safdarjung,2000-04-26 18:00:00,31.6,999.4,56.0,28.6139,77.209,216.0
AWS-DEL-01,Delhi Safdarjung,2000-04-27 00:00:00,29.2,999.8,67.0,28.6139,77.209,216.0
AWS-DEL-01,Delhi Safdarjung,2000-04-27 03:00:00,29.8,1001.0,63.0,28.6139,77.209,216.0
AWS-DEL-01,Delhi Safdarjung,2000-04-27 06:00:00,34.6,1000.4,54.0,28.6139,77.209,216.0
AWS-DEL-01,Delhi Safdarjung,2000-04-27 09:00:00,38.4,997.6,42.0,28.6139,77.209,216.0
AWS-DEL-01,Delhi Safdarjung,2000-04-27 12:00:00,37.8,995.0,22.0,28.6139,77.209,216.0
AWS-DEL-01,Delhi Safdarjung,2000-04-27 15:00:00,27.6,998.7,58.0,28.6139,77.209,216.0
AWS-DEL-01,Delhi Safdarjung,2000-04-27 18:00:00,28.0,999.5,51.0,28.6139,77.209,216.0
AWS-DEL-01,Delhi Safdarjung,2000-04-27 21:00:00,26.2,1000.4,54.0,28.6139,77.209,216.0
AWS-DEL-01,Delhi Safdarjung,2000-04-28 00:00:00,25.6,999.7,55.0,28.6139,77.209,216.0
AWS-DEL-01,Delhi Safdarjung,2000-04-28 03:00:00,28.4,1000.9,51.0,28.6139,77.209,216.0
AWS-DEL-01,Delhi Safdarjung,2000-04-28 06:00:00,37.2,999.6,32.0,28.6139,77.209,216.0
AWS-DEL-01,Delhi Safdarjung,2000-04-28 09:00:00,39.0,997.4,30.0,28.6139,77.209,216.0
AWS-DEL-01,Delhi Safdarjung,2000-04-28 12:00:00,36.0,996.2,38.0,28.6139,77.209,216.0
AWS-DEL-01,Delhi Safdarjung,2000-04-28 15:00:00,32.8,998.3,54.0,28.6139,77.209,216.0
AWS-DEL-01,Delhi Safdarjung,2000-04-28 18:00:00,30.4,999.8,63.0,28.6139,77.209,216.0
AWS-DEL-01,Delhi Safdarjung,2000-04-28 21:00:00,28.2,999.7,72.0,28.6139,77.209,216.0
AWS-DEL-01,Delhi Safdarjung,2000-04-29 00:00:00,25.4,1000.6,74.0,28.6139,77.209,216.0
AWS-DEL-01,Delhi Safdarjung,2000-04-29 03:00:00,32.0,1001.7,55.0,28.6139,77.209,216.0
AWS-DEL-01,Delhi Safdarjung,2000-04-29 06:00:00,38.4,1001.8,29.0,28.6139,77.209,216.0
AWS-DEL-01,Delhi Safdarjung,2000-04-29 09:00:00,39.8,999.9,16.0,28.6139,77.209,216.0
AWS-DEL-01,Delhi Safdarjung,2000-04-29 12:00:00,38.2,998.5,24.0,28.6139,77.209,216.0
AWS-DEL-01,Delhi Safdarjung,2000-04-29 15:00:00,32.0,1000.3,38.0,28.6139,77.209,216.0
AWS-DEL-01,Delhi Safdarjung,2000-04-29 18:00:00,28.0,1002.4,51.0,28.6139,77.209,216.0
AWS-DEL-01,Delhi Safdarjung,2000-04-29 21:00:00,25.6,1001.9,63.0,28.6139,77.209,216.0
AWS-DEL-01,Delhi Safdarjung,2000-04-30 00:00:00,23.4,1003.0,67.0,28.6139,77.209,216.0
AWS-DEL-01,Delhi Safdarjung,2000-04-30 03:00:00,30.8,1004.4,37.0,28.6139,77.209,216.0
AWS-DEL-01,Delhi Safdarjung,2000-04-30 06:00:00,38.2,1004.1,15.0,28.6139,77.209,216.0
AWS-DEL-01,Delhi Safdarjung,2000-04-30 09:00:00,40.6,1001.8,14.0,28.6139,77.209,216.0
AWS-DEL-01,Delhi Safdarjung,2000-04-30 12:00:00,39.6,1000.3,18.0,28.6139,77.209,216.0
AWS-DEL-01,Delhi Safdarjung,2000-04-30 15:00:00,30.6,1001.9,39.0,28.6139,77.209,216.0
AWS-DEL-01,Delhi Safdarjung,2000-04-30 18:00:00,26.8,1002.8,48.0,28.6139,77.209,216.0
AWS-DEL-01,Delhi Safdarjung,2000-05-01 00:00:00,23.0,1002.2,49.0,28.6139,77.209,216.0
AWS-DEL-01,Delhi Safdarjung,2000-05-01 03:00:00,29.6,1003.7,28.0,28.6139,77.209,216.0
AWS-DEL-01,Delhi Safdarjung,2000-05-01 06:00:00,39.0,1002.4,16.0,28.6139,77.209,216.0
AWS-DEL-01,Delhi Safdarjung,2000-05-01 09:00:00,41.0,999.3,13.0,28.6139,77.209,216.0
AWS-DEL-01,Delhi Safdarjung,2000-05-01 12:00:00,40.2,997.7,12.0,28.6139,77.209,216.0
AWS-DEL-01,Delhi Safdarjung,2000-05-01 15:00:00,32.4,1000.1,26.0,28.6139,77.209,216.0
AWS-DEL-01,Delhi Safdarjung,2000-05-01 18:00:00,27.8,1001.1,36.0,28.6139,77.209,216.0
AWS-DEL-01,Delhi Safdarjung,2000-05-01 21:00:00,27.6,1000.0,29.0,28.6139,77.209,216.0
AWS-DEL-01,Delhi Safdarjung,2000-05-02 00:00:00,26.8,1000.5,29.0,28.6139,77.209,216.0
AWS-DEL-01,Delhi Safdarjung,2000-05-02 03:00:00,30.2,1002.5,30.0,28.6139,77.209,216.0
AWS-DEL-01,Delhi Safdarjung,2000-05-02 06:00:00,39.8,1002.5,18.0,28.6139,77.209,216.0
AWS-DEL-01,Delhi Safdarjung,2000-05-02 09:00:00,41.8,1000.7,10.0,28.6139,77.209,216.0
AWS-DEL-01,Delhi Safdarjung,2000-05-02 12:00:00,41.2,999.0,17.0,28.6139,77.209,216.0
AWS-DEL-01,Delhi Safdarjung,2000-05-02 15:00:00,31.6,1000.8,37.0,28.6139,77.209,216.0
AWS-DEL-01,Delhi Safdarjung,2000-05-02 18:00:00,28.2,1002.5,44.0,28.6139,77.209,216.0
AWS-DEL-01,Delhi Safdarjung,2000-05-02 21:00:00,26.6,1002.4,46.0,28.6139,77.209,216.0
AWS-DEL-01,Delhi Safdarjung,2000-05-03 00:00:00,24.4,1003.5,58.0,28.6139,77.209,216.0
AWS-DEL-01,Delhi Safdarjung,2000-05-03 03:00:00,28.6,1005.9,58.0,28.6139,77.209,216.0
AWS-DEL-01,Delhi Safdarjung,2000-05-03 06:00:00,35.6,1005.2,45.0,28.6139,77.209,216.0
AWS-DEL-01,Delhi Safdarjung,2000-05-03 09:00:00,39.2,1002.6,31.0,28.6139,77.209,216.0
AWS-DEL-01,Delhi Safdarjung,2000-05-03 12:00:00,39.2,1000.3,37.0,28.6139,77.209,216.0
AWS-DEL-01,Delhi Safdarjung,2000-05-03 15:00:00,33.8,1002.0,50.0,28.6139,77.209,216.0
AWS-DEL-01,Delhi Safdarjung,2000-05-03 18:00:00,31.4,1003.3,54.0,28.6139,77.209,216.0
AWS-DEL-01,Delhi Safdarjung,2000-05-03 21:00:00,30.2,1002.7,55.0,28.6139,77.209,216.0
AWS-DEL-01,Delhi Safdarjung,2000-05-04 00:00:00,28.6,1003.3,63.0,28.6139,77.209,216.0
AWS-DEL-01,Delhi Safdarjung,2000-05-04 03:00:00,30.6,1005.1,57.0,28.6139,77.209,216.0
AWS-DEL-01,Delhi Safdarjung,2000-05-04 06:00:00,35.6,1005.0,41.0,28.6139,77.209,216.0
AWS-DEL-01,Delhi Safdarjung,2000-05-04 09:00:00,39.6,1002.7,35.0,28.6139,77.209,216.0
AWS-DEL-01,Delhi Safdarjung,2000-05-04 12:00:00,37.8,1001.0,38.0,28.6139,77.209,216.0
AWS-DEL-01,Delhi Safdarjung,2000-05-04 15:00:00,33.8,1003.5,50.0,28.6139,77.209,216.0
AWS-DEL-01,Delhi Safdarjung,2000-05-04 18:00:00,31.6,1005.4,54.0,28.6139,77.209,216.0
AWS-DEL-01,Delhi Safdarjung,2000-05-04 21:00:00,30.8,1005.0,56.0,28.6139,77.209,216.0
AWS-DEL-01,Delhi Safdarjung,2000-05-05 00:00:00,27.6,1005.7,59.0,28.6139,77.209,216.0
AWS-DEL-01,Delhi Safdarjung,2000-05-05 03:00:00,30.2,1007.5,54.0,28.6139,77.209,216.0
AWS-DEL-01,Delhi Safdarjung,2000-05-05 06:00:00,35.6,1006.4,45.0,28.6139,77.209,216.0
AWS-DEL-01,Delhi Safdarjung,2000-05-05 09:00:00,38.0,1003.7,40.5,28.6139,77.209,216.0
AWS-DEL-01,Delhi Safdarjung,2000-05-05 12:00:00,37.4,1001.6,36.0,28.6139,77.209,216.0
AWS-DEL-01,Delhi Safdarjung,2000-05-05 15:00:00,34.6,1003.5,40.0,28.6139,77.209,216.0
AWS-DEL-01,Delhi Safdarjung,2000-05-05 18:00:00,23.6,1006.6,71.0,28.6139,77.209,216.0
AWS-DEL-01,Delhi Safdarjung,2000-05-05 21:00:00,23.6,1005.6,69.0,28.6139,77.209,216.0
AWS-DEL-01,Delhi Safdarjung,2000-05-06 00:00:00,23.4,1007.8,70.0,28.6139,77.209,216.0
AWS-DEL-01,Delhi Safdarjung,2000-05-06 03:00:00,25.6,1008.8,60.0,28.6139,77.209,216.0
AWS-DEL-01,Delhi Safdarjung,2000-05-06 06:00:00,33.0,1008.3,37.0,28.6139,77.209,216.0
AWS-DEL-01,Delhi Safdarjung,2000-05-06 09:00:00,35.2,1005.7,36.0,28.6139,77.209,216.0
AWS-DEL-01,Delhi Safdarjung,2000-05-06 12:00:00,34.0,1003.6,45.0,28.6139,77.209,216.0
AWS-DEL-01,Delhi Safdarjung,2000-05-06 18:00:00,27.4,1006.6,59.0,28.6139,77.209,216.0
AWS-DEL-01,Delhi Safdarjung,2000-05-06 21:00:00,26.0,1006.4,67.0,28.6139,77.209,216.0
AWS-DEL-01,Delhi Safdarjung,2000-05-07 00:00:00,25.0,1006.4,71.0,28.6139,77.209,216.0
AWS-DEL-01,Delhi Safdarjung,2000-05-07 03:00:00,21.8,1011.3,84.0,28.6139,77.209,216.0
AWS-DEL-01,Delhi Safdarjung,2000-05-07 06:00:00,26.6,1010.5,65.0,28.6139,77.209,216.0
AWS-DEL-01,Delhi Safdarjung,2000-05-07 09:00:00,28.8,1007.2,60.0,28.6139,77.209,216.0
AWS-DEL-01,Delhi Safdarjung,2000-05-07 12:00:00,31.0,1004.8,57.0,28.6139,77.209,216.0
AWS-DEL-01,Delhi Safdarjung,2000-05-07 15:00:00,27.4,1005.4,73.0,28.6139,77.209,216.0
AWS-DEL-01,Delhi Safdarjung,2000-05-07 18:00:00,25.2,1005.6,82.0,28.6139,77.209,216.0
AWS-DEL-01,Delhi Safdarjung,2000-05-07 21:00:00,23.6,1005.3,88.0,28.6139,77.209,216.0
AWS-DEL-01,Delhi Safdarjung,2000-05-08 00:00:00,23.4,1006.0,86.0,28.6139,77.209,216.0
AWS-DEL-01,Delhi Safdarjung,2000-05-08 03:00:00,27.6,1007.7,67.0,28.6139,77.209,216.0
AWS-DEL-01,Delhi Safdarjung,2000-05-08 06:00:00,33.2,1006.7,46.0,28.6139,77.209,216.0
AWS-DEL-01,Delhi Safdarjung,2000-05-08 09:00:00,36.4,1004.1,36.0,28.6139,77.209,216.0
AWS-DEL-01,Delhi Safdarjung,2000-05-08 12:00:00,36.0,1002.5,33.0,28.6139,77.209,216.0
AWS-DEL-01,Delhi Safdarjung,2000-05-08 15:00:00,31.4,1003.8,54.0,28.6139,77.209,216.0
AWS-DEL-01,Delhi Safdarjung,2000-05-08 18:00:00,29.8,1005.1,56.0,28.6139,77.209,216.0
AWS-DEL-01,Delhi Safdarjung,2000-05-08 21:00:00,28.4,1004.7,60.0,28.6139,77.209,216.0
AWS-DEL-01,Delhi Safdarjung,2000-05-09 00:00:00,26.2,1005.2,70.0,28.6139,77.209,216.0
AWS-DEL-01,Delhi Safdarjung,2000-05-09 03:00:00,29.6,1006.3,54.0,28.6139,77.209,216.0
AWS-DEL-01,Delhi Safdarjung,2000-05-09 06:00:00,36.0,1005.4,34.0,28.6139,77.209,216.0
AWS-DEL-01,Delhi Safdarjung,2000-05-09 09:00:00,38.6,1002.2,30.0,28.6139,77.209,216.0
AWS-DEL-01,Delhi Safdarjung,2000-05-09 12:00:00,38.2,1000.0,32.0,28.6139,77.209,216.0
AWS-DEL-01,Delhi Safdarjung,2000-05-09 15:00:00,33.6,1002.0,44.0,28.6139,77.209,216.0
AWS-DEL-01,Delhi Safdarjung,2000-05-09 18:00:00,30.8,1003.5,52.0,28.6139,77.209,216.0
AWS-DEL-01,Delhi Safdarjung,2000-05-09 21:00:00,29.2,1003.1,63.0,28.6139,77.209,216.0
AWS-DEL-01,Delhi Safdarjung,2000-05-10 00:00:00,27.6,1003.7,67.0,28.6139,77.209,216.0
AWS-DEL-01,Delhi Safdarjung,2000-05-10 03:00:00,31.0,1004.5,48.0,28.6139,77.209,216.0
AWS-DEL-01,Delhi Safdarjung,2000-05-10 06:00:00,37.8,1003.3,33.0,28.6139,77.209,216.0
AWS-DEL-01,Delhi Safdarjung,2000-05-10 09:00:00,40.2,1000.3,27.0,28.6139,77.209,216.0
AWS-DEL-01,Delhi Safdarjung,2000-05-10 12:00:00,39.6,998.7,31.0,28.6139,77.209,216.0
AWS-DEL-01,Delhi Safdarjung,2000-05-10 15:00:00,35.0,1000.3,41.0,28.6139,77.209,216.0
AWS-DEL-01,Delhi Safdarjung,2000-05-10 18:00:00,32.0,1001.3,50.0,28.6139,77.209,216.0
AWS-DEL-01,Delhi Safdarjung,2000-05-10 21:00:00,30.0,1000.5,54.0,28.6139,77.209,216.0
AWS-DEL-01,Delhi Safdarjung,2000-05-11 00:00:00,29.0,1001.6,57.0,28.6139,77.209,216.0
AWS-DEL-01,Delhi Safdarjung,2000-05-11 03:00:00,32.0,1002.9,49.0,28.6139,77.209,216.0
AWS-DEL-01,Delhi Safdarjung,2000-05-11 06:00:00,37.2,1002.1,37.0,28.6139,77.209,216.0
AWS-DEL-01,Delhi Safdarjung,2000-05-11 09:00:00,40.0,998.7,31.0,28.6139,77.209,216.0
AWS-DEL-01,Delhi Safdarjung,2000-05-11 12:00:00,39.6,996.9,33.0,28.6139,77.209,216.0
AWS-DEL-01,Delhi Safdarjung,2000-05-11 18:00:00,34.8,999.0,50.0,28.6139,77.209,216.0
AWS-DEL-01,Delhi Safdarjung,2000-05-11 21:00:00,33.0,999.0,56.0,28.6139,77.209,216.0
AWS-DEL-01,Delhi Safdarjung,2000-05-12 00:00:00,31.2,999.7,63.0,28.6139,77.209,216.0
AWS-DEL-01,Delhi Safdarjung,2000-05-12 03:00:00,35.0,1001.8,39.0,28.6139,77.209,216.0
AWS-DEL-01,Delhi Safdarjung,2000-05-12 06:00:00,37.8,1002.1,35.0,28.6139,77.209,216.0
AWS-DEL-01,Delhi Safdarjung,2000-05-12 09:00:00,40.0,998.7,30.0,28.6139,77.209,216.0
AWS-DEL-01,Delhi Safdarjung,2000-05-12 12:00:00,38.8,997.2,39.0,28.6139,77.209,216.0
AWS-DEL-01,Delhi Safdarjung,2000-05-12 15:00:00,26.0,1001.4,81.0,28.6139,77.209,216.0
AWS-DEL-01,Delhi Safdarjung,2000-05-12 18:00:00,28.8,1005.1,62.0,28.6139,77.209,216.0
AWS-DEL-01,Delhi Safdarjung,2000-05-12 21:00:00,26.8,1005.3,74.0,28.6139,77.209,216.0
AWS-DEL-01,Delhi Safdarjung,2000-05-13 00:00:00,26.4,1002.2,72.0,28.6139,77.209,216.0
AWS-DEL-01,Delhi Safdarjung,2000-05-13 03:00:00,26.6,1006.0,76.0,28.6139,77.209,216.0
AWS-DEL-01,Delhi Safdarjung,2000-05-13 06:00:00,29.4,1006.5,64.0,28.6139,77.209,216.0
AWS-DEL-01,Delhi Safdarjung,2000-05-13 09:00:00,30.0,1004.4,66.0,28.6139,77.209,216.0
AWS-DEL-01,Delhi Safdarjung,2000-05-13 12:00:00,32.0,1002.0,59.0,28.6139,77.209,216.0
AWS-DEL-01,Delhi Safdarjung,2000-05-13 15:00:00,27.2,1003.5,71.0,28.6139,77.209,216.0
AWS-DEL-01,Delhi Safdarjung,2000-05-13 18:00:00,26.4,1004.3,81.0,28.6139,77.209,216.0
AWS-DEL-01,Delhi Safdarjung,2000-05-13 21:00:00,25.8,1003.5,87.0,28.6139,77.209,216.0
AWS-DEL-01,Delhi Safdarjung,2000-05-14 00:00:00,25.6,1003.1,84.0,28.6139,77.209,216.0
AWS-DEL-01,Delhi Safdarjung,2000-05-14 03:00:00,28.2,1003.4,65.0,28.6139,77.209,216.0
AWS-DEL-01,Delhi Safdarjung,2000-05-14 06:00:00,33.0,1002.9,54.0,28.6139,77.209,216.0
AWS-DEL-01,Delhi Safdarjung,2000-05-14 09:00:00,36.6,1000.5,50.5,28.6139,77.209,216.0
AWS-DEL-01,Delhi Safdarjung,2000-05-14 12:00:00,36.6,998.1,47.0,28.6139,77.209,216.0
AWS-DEL-01,Delhi Safdarjung,2000-05-14 15:00:00,33.6,999.9,60.0,28.6139,77.209,216.0
AWS-DEL-01,Delhi Safdarjung,2000-05-14 18:00:00,31.6,1000.7,64.0,28.6139,77.209,216.0
AWS-DEL-01,Delhi Safdarjung,2000-05-14 21:00:00,31.0,999.5,58.0,28.6139,77.209,216.0
AWS-DEL-01,Delhi Safdarjung,2000-05-15 00:00:00,29.8,999.9,58.0,28.6139,77.209,216.0
AWS-DEL-01,Delhi Safdarjung,2000-05-15 03:00:00,32.6,1001.6,44.0,28.6139,77.209,216.0
AWS-DEL-01,Delhi Safdarjung,2000-05-15 06:00:00,37.4,1001.2,39.0,28.6139,77.209,216.0
AWS-DEL-01,Delhi Safdarjung,2000-05-15 09:00:00,39.6,998.9,33.0,28.6139,77.209,216.0
AWS-DEL-01,Delhi Safdarjung,2000-05-15 12:00:00,39.4,995.9,30.0,28.6139,77.209,216.0
AWS-DEL-01,Delhi Safdarjung,2000-05-15 15:00:00,35.6,998.1,42.0,28.6139,77.209,216.0
AWS-DEL-01,Delhi Safdarjung,2000-05-15 18:00:00,34.4,999.7,45.0,28.6139,77.209,216.0
AWS-DEL-01,Delhi Safdarjung,2000-05-15 21:00:00,33.4,998.6,41.0,28.6139,77.209,216.0
AWS-DEL-01,Delhi Safdarjung,2000-05-16 00:00:00,31.8,998.7,46.0,28.6139,77.209,216.0
AWS-DEL-01,Delhi Safdarjung,2000-05-16 03:00:00,34.0,1000.5,41.0,28.6139,77.209,216.0
AWS-DEL-01,Delhi Safdarjung,2000-05-16 06:00:00,38.0,999.0,34.0,28.6139,77.209,216.0
AWS-DEL-01,Delhi Safdarjung,2000-05-16 09:00:00,40.2,998.3,31.0,28.6139,77.209,216.0
AWS-DEL-01,Delhi Safdarjung,2000-05-16 12:00:00,39.4,996.6,32.0,28.6139,77.209,216.0
AWS-DEL-01,Delhi Safdarjung,2000-05-16 15:00:00,35.4,997.4,44.0,28.6139,77.209,216.0
AWS-DEL-01,Delhi Safdarjung,2000-05-16 18:00:00,33.0,998.3,53.0,28.6139,77.209,216.0
AWS-DEL-01,Delhi Safdarjung,2000-05-16 21:00:00,32.6,997.5,43.0,28.6139,77.209,216.0
AWS-DEL-01,Delhi Safdarjung,2000-05-17 00:00:00,31.2,998.5,47.0,28.6139,77.209,216.0
AWS-DEL-01,Delhi Safdarjung,2000-05-17 03:00:00,34.4,999.9,42.0,28.6139,77.209,216.0
AWS-DEL-01,Delhi Safdarjung,2000-05-17 06:00:00,38.8,998.3,38.0,28.6139,77.209,216.0
AWS-DEL-01,Delhi Safdarjung,2000-05-17 09:00:00,40.6,995.6,29.0,28.6139,77.209,216.0
AWS-DEL-01,Delhi Safdarjung,2000-05-17 12:00:00,40.2,993.9,26.0,28.6139,77.209,216.0
AWS-DEL-01,Delhi Safdarjung,2000-05-17 15:00:00,36.2,994.7,43.0,28.6139,77.209,216.0
AWS-DEL-01,Delhi Safdarjung,2000-05-17 18:00:00,33.6,996.3,45.0,28.6139,77.209,216.0
AWS-DEL-01,Delhi Safdarjung,2000-05-17 21:00:00,33.0,996.0,29.0,28.6139,77.209,216.0
AWS-DEL-01,Delhi Safdarjung,2000-05-18 00:00:00,32.0,996.8,46.0,28.6139,77.209,216.0
AWS-DEL-01,Delhi Safdarjung,2000-05-18 03:00:00,35.0,998.0,37.0,28.6139,77.209,216.0
AWS-DEL-01,Delhi Safdarjung,2000-05-18 06:00:00,39.2,997.3,31.0,28.6139,77.209,216.0
AWS-DEL-01,Delhi Safdarjung,2000-05-18 09:00:00,41.6,994.6,27.0,28.6139,77.209,216.0
AWS-DEL-01,Delhi Safdarjung,2000-05-18 12:00:00,41.0,992.6,26.0,28.6139,77.209,216.0
AWS-DEL-01,Delhi Safdarjung,2000-05-18 15:00:00,36.0,994.4,44.0,28.6139,77.209,216.0
AWS-DEL-01,Delhi Safdarjung,2000-05-18 18:00:00,32.6,995.4,52.0,28.6139,77.209,216.0
AWS-DEL-01,Delhi Safdarjung,2000-05-18 21:00:00,31.6,994.9,51.0,28.6139,77.209,216.0
AWS-DEL-01,Delhi Safdarjung,2000-05-19 00:00:00,31.0,995.8,47.0,28.6139,77.209,216.0
AWS-DEL-01,Delhi Safdarjung,2000-05-19 03:00:00,35.0,997.9,38.0,28.6139,77.209,216.0
AWS-DEL-01,Delhi Safdarjung,2000-05-19 06:00:00,40.4,996.1,30.0,28.6139,77.209,216.0
AWS-DEL-01,Delhi Safdarjung,2000-05-19 09:00:00,42.6,993.8,22.0,28.6139,77.209,216.0
AWS-DEL-01,Delhi Safdarjung,2000-05-19 12:00:00,42.0,991.8,26.0,28.6139,77.209,216.0
AWS-DEL-01,Delhi Safdarjung,2000-05-19 15:00:00,36.8,993.2,41.0,28.6139,77.209,216.0
AWS-DEL-01,Delhi Safdarjung,2000-05-19 18:00:00,35.0,994.8,37.0,28.6139,77.209,216.0
AWS-DEL-01,Delhi Safdarjung,2000-05-19 21:00:00,34.2,994.9,36.0,28.6139,77.209,216.0
AWS-DEL-01,Delhi Safdarjung,2000-05-20 00:00:00,31.8,995.8,54.0,28.6139,77.209,216.0
AWS-DEL-01,Delhi Safdarjung,2000-05-20 03:00:00,34.6,997.9,42.0,28.6139,77.209,216.0
AWS-DEL-01,Delhi Safdarjung,2000-05-20 06:00:00,39.4,997.9,33.0,28.6139,77.209,216.0
AWS-DEL-01,Delhi Safdarjung,2000-05-20 09:00:00,42.4,994.9,27.0,28.6139,77.209,216.0
AWS-DEL-01,Delhi Safdarjung,2000-05-20 12:00:00,42.4,993.2,20.0,28.6139,77.209,216.0
AWS-DEL-01,Delhi Safdarjung,2000-05-20 15:00:00,37.4,995.3,34.0,28.6139,77.209,216.0
AWS-DEL-01,Delhi Safdarjung,2000-05-20 18:00:00,32.8,998.0,50.0,28.6139,77.209,216.0
AWS-DEL-01,Delhi Safdarjung,2000-05-20 21:00:00,31.2,997.5,54.0,28.6139,77.209,216.0
AWS-DEL-01,Delhi Safdarjung,2000-05-21 00:00:00,28.6,998.5,68.0,28.6139,77.209,216.0
AWS-DEL-01,Delhi Safdarjung,2000-05-21 03:00:00,30.0,999.9,67.0,28.6139,77.209,216.0
AWS-DEL-01,Delhi Safdarjung,2000-05-21 06:00:00,36.8,997.8,52.0,28.6139,77.209,216.0
AWS-DEL-01,Delhi Safdarjung,2000-05-21 09:00:00,39.6,995.2,42.0,28.6139,77.209,216.0
AWS-DEL-01,Delhi Safdarjung,2000-05-21 12:00:00,38.4,995.3,48.0,28.6139,77.209,216.0
AWS-DEL-01,Delhi Safdarjung,2000-05-21 15:00:00,34.6,995.4,56.0,28.6139,77.209,216.0
AWS-DEL-01,Delhi Safdarjung,2000-05-21 18:00:00,31.2,997.4,71.0,28.6139,77.209,216.0
AWS-DEL-01,Delhi Safdarjung,2000-05-22 00:00:00,28.0,997.6,85.0,28.6139,77.209,216.0
AWS-DEL-01,Delhi Safdarjung,2000-05-22 03:00:00,29.8,999.7,77.0,28.6139,77.209,216.0
AWS-DEL-01,Delhi Safdarjung,2000-05-22 06:00:00,35.2,999.2,53.0,28.6139,77.209,216.0
AWS-DEL-01,Delhi Safdarjung,2000-05-22 12:00:00,37.2,995.0,54.0,28.6139,77.209,216.0
AWS-DEL-01,Delhi Safdarjung,2000-05-22 15:00:00,33.2,996.7,63.0,28.6139,77.209,216.0
AWS-DEL-01,Delhi Safdarjung,2000-05-22 18:00:00,31.4,998.6,70.0,28.6139,77.209,216.0
AWS-DEL-01,Delhi Safdarjung,2000-05-23 00:00:00,29.2,999.2,75.0,28.6139,77.209,216.0
AWS-DEL-01,Delhi Safdarjung,2000-05-23 03:00:00,30.4,1000.6,72.0,28.6139,77.209,216.0
AWS-DEL-01,Delhi Safdarjung,2000-05-23 06:00:00,36.8,999.9,55.0,28.6139,77.209,216.0
AWS-DEL-01,Delhi Safdarjung,2000-05-23 09:00:00,39.2,997.0,46.0,28.6139,77.209,216.0
AWS-DEL-01,Delhi Safdarjung,2000-05-23 12:00:00,40.2,994.9,45.0,28.6139,77.209,216.0
AWS-DEL-01,Delhi Safdarjung,2000-05-23 15:00:00,33.8,996.9,66.0,28.6139,77.209,216.0
AWS-DEL-01,Delhi Safdarjung,2000-05-23 18:00:00,31.4,997.9,74.0,28.6139,77.209,216.0
AWS-DEL-01,Delhi Safdarjung,2000-05-23 21:00:00,30.4,997.6,77.0,28.6139,77.209,216.0
AWS-DEL-01,Delhi Safdarjung,2000-05-24 00:00:00,30.2,997.6,77.0,28.6139,77.209,216.0
AWS-DEL-01,Delhi Safdarjung,2000-05-24 03:00:00,31.4,998.8,75.0,28.6139,77.209,216.0
AWS-DEL-01,Delhi Safdarjung,2000-05-24 06:00:00,38.2,997.3,46.0,28.6139,77.209,216.0
AWS-DEL-01,Delhi Safdarjung,2000-05-24 09:00:00,40.0,995.2,42.0,28.6139,77.209,216.0
AWS-DEL-01,Delhi Safdarjung,2000-05-24 12:00:00,40.4,993.3,32.0,28.6139,77.209,216.0
AWS-DEL-01,Delhi Safdarjung,2000-05-24 15:00:00,37.2,993.6,48.0,28.6139,77.209,216.0
AWS-DEL-01,Delhi Safdarjung,2000-05-24 18:00:00,34.8,994.8,57.0,28.6139,77.209,216.0
AWS-DEL-01,Delhi Safdarjung,2000-05-24 21:00:00,33.0,994.6,63.0,28.6139,77.209,216.0
AWS-DEL-01,Delhi Safdarjung,2000-05-25 00:00:00,32.0,995.0,52.0,28.6139,77.209,216.0
AWS-DEL-01,Delhi Safdarjung,2000-05-25 03:00:00,35.2,996.5,41.0,28.6139,77.209,216.0
AWS-DEL-01,Delhi Safdarjung,2000-05-25 06:00:00,38.2,995.8,38.0,28.6139,77.209,216.0
AWS-DEL-01,Delhi Safdarjung,2000-05-25 09:00:00,41.2,993.2,32.0,28.6139,77.209,216.0
AWS-DEL-01,Delhi Safdarjung,2000-05-25 12:00:00,41.6,990.8,29.0,28.6139,77.209,216.0
AWS-DEL-01,Delhi Safdarjung,2000-05-25 18:00:00,34.6,993.3,56.0,28.6139,77.209,216.0
AWS-DEL-01,Delhi Safdarjung,2000-05-25 21:00:00,32.6,993.3,48.0,28.6139,77.209,216.0
AWS-DEL-01,Delhi Safdarjung,2000-05-26 00:00:00,32.6,993.3,55.0,28.6139,77.209,216.0
AWS-DEL-01,Delhi Safdarjung,2000-05-26 03:00:00,34.6,994.4,41.0,28.6139,77.209,216.0
AWS-DEL-01,Delhi Safdarjung,2000-05-26 06:00:00,38.4,994.0,32.0,28.6139,77.209,216.0
AWS-DEL-01,Delhi Safdarjung,2000-05-26 12:00:00,42.6,990.9,22.0,28.6139,77.209,216.0
AWS-DEL-01,Delhi Safdarjung,2000-05-26 15:00:00,38.2,992.7,38.0,28.6139,77.209,216.0
AWS-DEL-01,Delhi Safdarjung,2000-05-26 18:00:00,36.6,993.7,45.0,28.6139,77.209,216.0
AWS-DEL-01,Delhi Safdarjung,2000-05-26 21:00:00,36.6,993.6,39.0,28.6139,77.209,216.0
AWS-DEL-01,Delhi Safdarjung,2000-05-27 00:00:00,35.0,995.2,44.0,28.6139,77.209,216.0
AWS-DEL-01,Delhi Safdarjung,2000-05-27 03:00:00,35.4,997.4,43.0,28.6139,77.209,216.0
AWS-DEL-01,Delhi Safdarjung,2000-05-27 06:00:00,38.6,997.5,36.0,28.6139,77.209,216.0
AWS-DEL-01,Delhi Safdarjung,2000-05-27 12:00:00,41.4,992.9,28.0,28.6139,77.209,216.0
AWS-DEL-01,Delhi Safdarjung,2000-05-27 15:00:00,27.8,994.0,72.0,28.6139,77.209,216.0
AWS-DEL-01,Delhi Safdarjung,2000-05-27 18:00:00,36.6,996.0,38.0,28.6139,77.209,216.0
AWS-DEL-01,Delhi Safdarjung,2000-05-27 21:00:00,35.4,996.3,44.0,28.6139,77.209,216.0
AWS-DEL-01,Delhi Safdarjung,2000-05-28 00:00:00,34.8,997.0,40.0,28.6139,77.209,216.0
AWS-DEL-01,Delhi Safdarjung,2000-05-28 03:00:00,35.6,999.0,42.0,28.6139,77.209,216.0
AWS-DEL-01,Delhi Safdarjung,2000-05-28 06:00:00,38.8,998.8,38.0,28.6139,77.209,216.0
AWS-DEL-01,Delhi Safdarjung,2000-05-28 09:00:00,42.4,996.4,34.0,28.6139,77.209,216.0
AWS-DEL-01,Delhi Safdarjung,2000-05-28 12:00:00,41.4,994.8,30.0,28.6139,77.209,216.0
AWS-DEL-01,Delhi Safdarjung,2000-05-28 15:00:00,39.2,995.9,24.0,28.6139,77.209,216.0
AWS-DEL-01,Delhi Safdarjung,2000-05-28 18:00:00,36.4,997.3,28.0,28.6139,77.209,216.0
AWS-DEL-01,Delhi Safdarjung,2000-05-28 21:00:00,35.0,997.7,31.0,28.6139,77.209,216.0
AWS-DEL-01,Delhi Safdarjung,2000-05-29 00:00:00,31.6,999.0,43.0,28.6139,77.209,216.0
AWS-DEL-01,Delhi Safdarjung,2000-05-29 03:00:00,34.6,1000.9,48.0,28.6139,77.209,216.0
AWS-DEL-01,Delhi Safdarjung,2000-05-29 06:00:00,40.0,999.9,29.0,28.6139,77.209,216.0
AWS-DEL-01,Delhi Safdarjung,2000-05-29 09:00:00,43.2,996.9,18.0,28.6139,77.209,216.0
AWS-DEL-01,Delhi Safdarjung,2000-05-29 12:00:00,42.6,993.2,17.0,28.6139,77.209,216.0
AWS-DEL-01,Delhi Safdarjung,2000-05-29 15:00:00,38.2,996.5,27.0,28.6139,77.209,216.0
AWS-DEL-01,Delhi Safdarjung,2000-05-29 18:00:00,36.0,998.8,33.0,28.6139,77.209,216.0
AWS-DEL-01,Delhi Safdarjung,2000-05-29 21:00:00,35.0,998.3,30.0,28.6139,77.209,216.0
AWS-DEL-01,Delhi Safdarjung,2000-05-30 00:00:00,33.6,999.3,36.0,28.6139,77.209,216.0
AWS-DEL-01,Delhi Safdarjung,2000-05-30 03:00:00,35.6,1000.5,39.0,28.6139,77.209,216.0
AWS-DEL-01,Delhi Safdarjung,2000-05-30 06:00:00,39.0,1000.8,37.0,28.6139,77.209,216.0
AWS-DEL-01,Delhi Safdarjung,2000-05-30 09:00:00,41.8,998.3,27.0,28.6139,77.209,216.0
AWS-DEL-01,Delhi Safdarjung,2000-05-30 12:00:00,42.2,996.1,26.0,28.6139,77.209,216.0
AWS-DEL-01,Delhi Safdarjung,2000-05-30 15:00:00,37.0,997.2,38.0,28.6139,77.209,216.0
AWS-DEL-01,Delhi Safdarjung,2000-05-30 18:00:00,35.0,998.3,47.0,28.6139,77.209,216.0
AWS-DEL-01,Delhi Safdarjung,2000-05-30 21:00:00,34.6,997.5,47.0,28.6139,77.209,216.0
AWS-DEL-01,Delhi Safdarjung,2000-05-31 00:00:00,27.0,1001.2,72.0,28.6139,77.209,216.0
AWS-DEL-01,Delhi Safdarjung,2000-05-31 03:00:00,28.2,1003.6,65.0,28.6139,77.209,216.0
AWS-DEL-01,Delhi Safdarjung,2000-05-31 06:00:00,34.4,1001.8,43.0,28.6139,77.209,216.0
AWS-DEL-01,Delhi Safdarjung,2000-05-31 09:00:00,39.6,998.2,36.0,28.6139,77.209,216.0
AWS-DEL-01,Delhi Safdarjung,2000-05-31 12:00:00,36.6,996.5,50.0,28.6139,77.209,216.0
AWS-DEL-01,Delhi Safdarjung,2000-05-31 15:00:00,32.8,996.7,64.0,28.6139,77.209,216.0
AWS-DEL-01,Delhi Safdarjung,2000-05-31 21:00:00,30.4,997.7,69.0,28.6139,77.209,216.0
AWS-DEL-01,Delhi Safdarjung,2000-06-01 00:00:00,30.4,998.0,60.0,28.6139,77.209,216.0
AWS-DEL-01,Delhi Safdarjung,2000-06-01 03:00:00,30.8,999.6,58.0,28.6139,77.209,216.0
AWS-DEL-01,Delhi Safdarjung,2000-06-01 06:00:00,36.8,998.6,45.0,28.6139,77.209,216.0
AWS-DEL-01,Delhi Safdarjung,2000-06-01 12:00:00,26.0,995.6,87.0,28.6139,77.209,216.0
AWS-DEL-01,Delhi Safdarjung,2000-06-01 15:00:00,26.7,998.3,82.0,28.6139,77.209,216.0
AWS-DEL-01,Delhi Safdarjung,2000-06-01 18:00:00,27.4,997.4,77.0,28.6139,77.209,216.0
AWS-DEL-01,Delhi Safdarjung,2000-06-01 21:00:00,27.0,997.3,78.0,28.6139,77.209,216.0
AWS-DEL-01,Delhi Safdarjung,2000-06-02 00:00:00,27.0,998.0,83.0,28.6139,77.209,216.0
AWS-DEL-01,Delhi Safdarjung,2000-06-02 03:00:00,30.6,999.6,56.0,28.6139,77.209,216.0
AWS-DEL-01,Delhi Safdarjung,2000-06-02 06:00:00,34.6,999.2,59.0,28.6139,77.209,216.0
AWS-DEL-01,Delhi Safdarjung,2000-06-02 09:00:00,38.0,996.9,53.0,28.6139,77.209,216.0
AWS-DEL-01,Delhi Safdarjung,2000-06-02 12:00:00,38.6,994.1,44.0,28.6139,77.209,216.0
AWS-DEL-01,Delhi Safdarjung,2000-06-02 15:00:00,34.0,995.6,56.0,28.6139,77.209,216.0
AWS-DEL-01,Delhi Safdarjung,2000-06-02 18:00:00,32.0,998.4,70.0,28.6139,77.209,216.0
AWS-DEL-01,Delhi Safdarjung,2000-06-02 21:00:00,30.6,999.5,56.0,28.6139,77.209,216.0
AWS-DEL-01,Delhi Safdarjung,2000-06-03 00:00:00,29.8,998.5,76.0,28.6139,77.209,216.0
AWS-DEL-01,Delhi Safdarjung,2000-06-03 03:00:00,31.6,1000.2,74.0,28.6139,77.209,216.0
AWS-DEL-01,Delhi Safdarjung,2000-06-03 06:00:00,36.0,1000.3,56.0,28.6139,77.209,216.0
AWS-DEL-01,Delhi Safdarjung,2000-06-03 09:00:00,38.4,997.9,51.0,28.6139,77.209,216.0
AWS-DEL-01,Delhi Safdarjung,2000-06-03 12:00:00,38.0,995.5,49.0,28.6139,77.209,216.0
AWS-DEL-01,Delhi Safdarjung,2000-06-03 15:00:00,32.2,996.4,51.0,28.6139,77.209,216.0
AWS-DEL-01,Delhi Safdarjung,2000-06-03 18:00:00,33.0,998.0,63.0,28.6139,77.209,216.0
AWS-DEL-01,Delhi Safdarjung,2000-06-03 21:00:00,31.6,998.2,71.0,28.6139,77.209,216.0
AWS-DEL-01,Delhi Safdarjung,2000-06-04 00:00:00,30.4,999.0,76.0,28.6139,77.209,216.0
AWS-DEL-01,Delhi Safdarjung,2000-06-04 03:00:00,32.2,1000.0,66.0,28.6139,77.209,216.0
AWS-DEL-01,Delhi Safdarjung,2000-06-04 06:00:00,36.0,999.0,54.0,28.6139,77.209,216.0
AWS-DEL-01,Delhi Safdarjung,2000-06-04 09:00:00,29.6,1000.5,70.0,28.6139,77.209,216.0
AWS-DEL-01,Delhi Safdarjung,2000-06-04 12:00:00,23.8,998.9,90.0,28.6139,77.209,216.0
AWS-DEL-01,Delhi Safdarjung,2000-06-04 18:00:00,25.4,999.3,82.0,28.6139,77.209,216.0
AWS-DEL-01,Delhi Safdarjung,2000-06-04 21:00:00,24.8,1000.6,78.0,28.6139,77.209,216.0
AWS-DEL-01,Delhi Safdarjung,2000-06-05 00:00:00,24.4,1000.5,83.0,28.6139,77.209,216.0
AWS-DEL-01,Delhi Safdarjung,2000-06-05 03:00:00,29.6,1000.7,63.0,28.6139,77.209,216.0
AWS-DEL-01,Delhi Safdarjung,2000-06-05 06:00:00,34.4,999.4,49.0,28.6139,77.209,216.0
AWS-DEL-01,Delhi Safdarjung,2000-06-05 09:00:00,36.0,997.9,56.0,28.6139,77.209,216.0
AWS-DEL-01,Delhi Safdarjung,2000-06-05 12:00:00,35.4,996.2,56.0,28.6139,77.209,216.0
AWS-DEL-01,Delhi Safdarjung,2000-06-05 15:00:00,31.4,997.6,63.0,28.6139,77.209,216.0
AWS-DEL-01,Delhi Safdarjung,2000-06-05 18:00:00,28.8,998.9,72.0,28.6139,77.209,216.0
AWS-DEL-01,Delhi Safdarjung,2000-06-05 21:00:00,28.0,998.5,76.0,28.6139,77.209,216.0
AWS-DEL-01,Delhi Safdarjung,2000-06-06 00:00:00,26.4,998.6,84.0,28.6139,77.209,216.0
AWS-DEL-01,Delhi Safdarjung,2000-06-06 03:00:00,28.6,999.9,78.0,28.6139,77.209,216.0
AWS-DEL-01,Delhi Safdarjung,2000-06-06 06:00:00,27.6,1001.0,74.0,28.6139,77.209,216.0
AWS-DEL-01,Delhi Safdarjung,2000-06-06 09:00:00,27.4,998.9,73.0,28.6139,77.209,216.0
AWS-DEL-01,Delhi Safdarjung,2000-06-06 12:00:00,28.2,997.1,74.0,28.6139,77.209,216.0
AWS-DEL-01,Delhi Safdarjung,2000-06-06 15:00:00,26.4,998.3,83.0,28.6139,77.209,216.0
AWS-DEL-01,Delhi Safdarjung,2000-06-06 18:00:00,26.0,999.7,81.0,28.6139,77.209,216.0
AWS-DEL-01,Delhi Safdarjung,2000-06-06 21:00:00,26.0,998.5,86.0,28.6139,77.209,216.0
AWS-DEL-01,Delhi Safdarjung,2000-06-07 00:00:00,25.8,998.6,87.0,28.6139,77.209,216.0
AWS-DEL-01,Delhi Safdarjung,2000-06-07 03:00:00,25.0,998.7,90.0,28.6139,77.209,216.0
AWS-DEL-01,Delhi Safdarjung,2000-06-07 09:00:00,25.4,997.6,93.0,28.6139,77.209,216.0
AWS-DEL-01,Delhi Safdarjung,2000-06-07 12:00:00,24.4,995.3,98.0,28.6139,77.209,216.0
AWS-DEL-01,Delhi Safdarjung,2000-06-07 18:00:00,25.0,996.6,93.0,28.6139,77.209,216.0
AWS-DEL-01,Delhi Safdarjung,2000-06-08 00:00:00,24.8,992.2,98.0,28.6139,77.209,216.0
AWS-DEL-01,Delhi Safdarjung,2000-06-08 03:00:00,25.4,995.2,96.0,28.6139,77.209,216.0
AWS-DEL-01,Delhi Safdarjung,2000-06-08 06:00:00,25.0,996.3,87.0,28.6139,77.209,216.0
AWS-DEL-01,Delhi Safdarjung,2000-06-08 09:00:00,27.8,995.8,81.0,28.6139,77.209,216.0
AWS-DEL-01,Delhi Safdarjung,2000-06-08 12:00:00,30.4,995.0,69.0,28.6139,77.209,216.0
AWS-DEL-01,Delhi Safdarjung,2000-06-08 15:00:00,27.8,997.0,84.0,28.6139,77.209,216.0
AWS-DEL-01,Delhi Safdarjung,2000-06-08 18:00:00,26.6,999.1,87.0,28.6139,77.209,216.0
AWS-DEL-01,Delhi Safdarjung,2000-06-08 21:00:00,26.2,999.0,92.0,28.6139,77.209,216.0
AWS-DEL-01,Delhi Safdarjung,2000-06-09 00:00:00,26.2,999.0,94.0,28.6139,77.209,216.0
AWS-DEL-01,Delhi Safdarjung,2000-06-09 03:00:00,26.8,1000.8,90.0,28.6139,77.209,216.0
AWS-DEL-01,Delhi Safdarjung,2000-06-09 06:00:00,29.8,1001.1,77.0,28.6139,77.209,216.0
AWS-DEL-01,Delhi Safdarjung,2000-06-09 09:00:00,32.4,999.7,68.0,28.6139,77.209,216.0
AWS-DEL-01,Delhi Safdarjung,2000-06-09 12:00:00,32.0,999.0,63.0,28.6139,77.209,216.0
AWS-DEL-01,Delhi Safdarjung,2000-06-09 15:00:00,30.0,998.8,78.0,28.6139,77.209,216.0
AWS-DEL-01,Delhi Safdarjung,2000-06-09 18:00:00,28.4,1000.0,82.0,28.6139,77.209,216.0
AWS-DEL-01,Delhi Safdarjung,2000-06-09 21:00:00,27.4,999.4,84.0,28.6139,77.209,216.0
AWS-DEL-01,Delhi Safdarjung,2000-06-10 00:00:00,26.4,1000.0,89.0,28.6139,77.209,216.0
AWS-DEL-01,Delhi Safdarjung,2000-06-10 03:00:00,29.0,1001.4,78.0,28.6139,77.209,216.0
AWS-DEL-01,Delhi Safdarjung,2000-06-10 06:00:00,33.2,1000.3,59.0,28.6139,77.209,216.0
AWS-DEL-01,Delhi Safdarjung,2000-06-10 18:00:00,27.0,999.1,81.0,28.6139,77.209,216.0
AWS-DEL-01,Delhi Safdarjung,2000-06-11 00:00:00,25.6,999.4,89.0,28.6139,77.209,216.0
AWS-DEL-01,Delhi Safdarjung,2000-06-11 06:00:00,33.4,999.8,52.0,28.6139,77.209,216.0
AWS-DEL-01,Delhi Safdarjung,2000-06-11 09:00:00,35.6,997.8,44.0,28.6139,77.209,216.0
AWS-DEL-01,Delhi Safdarjung,2000-06-11 12:00:00,36.8,995.9,42.0,28.6139,77.209,216.0
AWS-DEL-01,Delhi Safdarjung,2000-06-11 15:00:00,31.0,996.8,66.0,28.6139,77.209,216.0
AWS-DEL-01,Delhi Safdarjung,2000-06-11 18:00:00,29.4,998.4,64.0,28.6139,77.209,216.0
AWS-DEL-01,Delhi Safdarjung,2000-06-11 21:00:00,27.4,997.6,73.0,28.6139,77.209,216.0
AWS-DEL-01,Delhi Safdarjung,2000-06-12 00:00:00,26.4,998.3,75.0,28.6139,77.209,216.0
AWS-DEL-01,Delhi Safdarjung,2000-06-12 03:00:00,30.6,999.3,58.0,28.6139,77.209,216.0
AWS-DEL-01,Delhi Safdarjung,2000-06-12 06:00:00,34.2,998.5,50.0,28.6139,77.209,216.0
AWS-DEL-01,Delhi Safdarjung,2000-06-12 09:00:00,37.6,996.4,37.0,28.6139,77.209,216.0
AWS-DEL-01,Delhi Safdarjung,2000-06-12 12:00:00,34.6,994.7,46.0,28.6139,77.209,216.0
AWS-DEL-01,Delhi Safdarjung,2000-06-12 15:00:00,31.4,996.4,58.0,28.6139,77.209,216.0
AWS-DEL-01,Delhi Safdarjung,2000-06-12 18:00:00,30.6,997.5,58.0,28.6139,77.209,216.0
AWS-DEL-01,Delhi Safdarjung,2000-06-12 21:00:00,29.0,997.3,64.0,28.6139,77.209,216.0
AWS-DEL-01,Delhi Safdarjung,2000-06-13 00:00:00,27.6,997.8,73.0,28.6139,77.209,216.0
AWS-DEL-01,Delhi Safdarjung,2000-06-13 03:00:00,30.4,998.5,64.0,28.6139,77.209,216.0
AWS-DEL-01,Delhi Safdarjung,2000-06-13 06:00:00,34.4,997.9,58.0,28.6139,77.209,216.0
AWS-DEL-01,Delhi Safdarjung,2000-06-13 09:00:00,33.4,996.1,50.0,28.6139,77.209,216.0
AWS-DEL-01,Delhi Safdarjung,2000-06-13 12:00:00,32.8,995.2,58.0,28.6139,77.209,216.0
AWS-DEL-01,Delhi Safdarjung,2000-06-13 15:00:00,31.4,995.9,58.0,28.6139,77.209,216.0
AWS-DEL-01,Delhi Safdarjung,2000-06-13 18:00:00,30.0,996.8,62.0,28.6139,77.209,216.0
AWS-DEL-01,Delhi Safdarjung,2000-06-13 21:00:00,29.0,996.2,64.0,28.6139,77.209,216.0
AWS-DEL-01,Delhi Safdarjung,2000-06-14 00:00:00,28.4,996.1,68.0,28.6139,77.209,216.0
AWS-DEL-01,Delhi Safdarjung,2000-06-14 03:00:00,32.4,998.5,61.0,28.6139,77.209,216.0
AWS-DEL-01,Delhi Safdarjung,2000-06-14 06:00:00,35.6,997.6,50.0,28.6139,77.209,216.0
AWS-DEL-01,Delhi Safdarjung,2000-06-14 09:00:00,38.6,995.6,42.0,28.6139,77.209,216.0
AWS-DEL-01,Delhi Safdarjung,2000-06-14 12:00:00,39.0,993.2,40.0,28.6139,77.209,216.0
AWS-DEL-01,Delhi Safdarjung,2000-06-14 15:00:00,35.0,994.8,59.0,28.6139,77.209,216.0
AWS-DEL-01,Delhi Safdarjung,2000-06-14 18:00:00,32.4,996.0,64.0,28.6139,77.209,216.0
AWS-DEL-01,Delhi Safdarjung,2000-06-14 21:00:00,32.0,995.0,58.5,28.6139,77.209,216.0
AWS-DEL-01,Delhi Safdarjung,2000-06-15 00:00:00,31.6,995.2,53.0,28.6139,77.209,216.0
AWS-DEL-01,Delhi Safdarjung,2000-06-15 03:00:00,33.0,997.1,56.0,28.6139,77.209,216.0
AWS-DEL-01,Delhi Safdarjung,2000-06-15 06:00:00,36.4,996.7,49.0,28.6139,77.209,216.0
AWS-DEL-01,Delhi Safdarjung,2000-06-15 09:00:00,39.2,994.9,42.0,28.6139,77.209,216.0
AWS-DEL-01,Delhi Safdarjung,2000-06-15 12:00:00,39.8,993.0,39.0,28.6139,77.209,216.0
AWS-DEL-01,Delhi Safdarjung,2000-06-15 15:00:00,35.0,994.4,53.0,28.6139,77.209,216.0
AWS-DEL-01,Delhi Safdarjung,2000-06-15 18:00:00,31.6,996.6,68.0,28.6139,77.209,216.0
AWS-DEL-01,Delhi Safdarjung,2000-06-15 21:00:00,29.7,995.7,72.5,28.6139,77.209,216.0
AWS-DEL-01,Delhi Safdarjung,2000-06-16 00:00:00,27.8,997.1,77.0,28.6139,77.209,216.0
AWS-DEL-01,Delhi Safdarjung,2000-06-16 03:00:00,29.0,998.6,76.0,28.6139,77.209,216.0
AWS-DEL-01,Delhi Safdarjung,2000-06-16 06:00:00,33.6,998.5,64.0,28.6139,77.209,216.0
AWS-DEL-01,Delhi Safdarjung,2000-06-16 09:00:00,36.2,996.7,57.0,28.6139,77.209,216.0
AWS-DEL-01,Delhi Safdarjung,2000-06-16 12:00:00,35.8,994.3,58.0,28.6139,77.209,216.0
AWS-DEL-01,Delhi Safdarjung,2000-06-16 15:00:00,31.8,995.2,75.0,28.6139,77.209,216.0
AWS-DEL-01,Delhi Safdarjung,2000-06-16 18:00:00,29.8,997.1,80.0,28.6139,77.209,216.0
AWS-DEL-01,Delhi Safdarjung,2000-06-16 21:00:00,28.6,996.7,85.0,28.6139,77.209,216.0
AWS-DEL-01,Delhi Safdarjung,2000-06-17 00:00:00,28.6,996.7,85.0,28.6139,77.209,216.0
AWS-DEL-01,Delhi Safdarjung,2000-06-17 03:00:00,30.6,998.9,78.0,28.6139,77.209,216.0
AWS-DEL-01,Delhi Safdarjung,2000-06-17 06:00:00,35.2,998.2,59.0,28.6139,77.209,216.0
AWS-DEL-01,Delhi Safdarjung,2000-06-17 09:00:00,38.6,996.1,41.0,28.6139,77.209,216.0
AWS-DEL-01,Delhi Safdarjung,2000-06-17 12:00:00,36.6,995.0,51.5,28.6139,77.209,216.0
AWS-DEL-01,Delhi Safdarjung,2000-06-17 15:00:00,34.6,994.5,62.0,28.6139,77.209,216.0
AWS-DEL-01,Delhi Safdarjung,2000-06-17 18:00:00,32.6,996.0,69.0,28.6139,77.209,216.0
AWS-DEL-01,Delhi Safdarjung,2000-06-17 21:00:00,31.6,996.0,72.0,28.6139,77.209,216.0
AWS-DEL-01,Delhi Safdarjung,2000-06-18 00:00:00,30.6,996.7,73.0,28.6139,77.209,216.0
AWS-DEL-01,Delhi Safdarjung,2000-06-18 03:00:00,32.6,997.8,68.0,28.6139,77.209,216.0
AWS-DEL-01,Delhi Safdarjung,2000-06-18 06:00:00,36.4,997.7,50.0,28.6139,77.209,216.0
AWS-DEL-01,Delhi Safdarjung,2000-06-18 09:00:00,39.0,996.2,44.0,28.6139,77.209,216.0
AWS-DEL-01,Delhi Safdarjung,2000-06-18 12:00:00,38.6,994.0,45.0,28.6139,77.209,216.0
AWS-DEL-01,Delhi Safdarjung,2000-06-18 15:00:00,33.4,996.3,38.0,28.6139,77.209,216.0
AWS-DEL-01,Delhi Safdarjung,2000-06-18 18:00:00,31.4,997.4,76.0,28.6139,77.209,216.0
AWS-DEL-01,Delhi Safdarjung,2000-06-18 21:00:00,29.6,997.4,81.0,28.6139,77.209,216.0
AWS-DEL-01,Delhi Safdarjung,2000-06-19 00:00:00,29.0,998.2,85.0,28.6139,77.209,216.0
AWS-DEL-01,Delhi Safdarjung,2000-06-19 03:00:00,31.2,999.4,75.0,28.6139,77.209,216.0
AWS-DEL-01,Delhi Safdarjung,2000-06-19 06:00:00,33.8,999.1,64.0,28.6139,77.209,216.0
AWS-DEL-01,Delhi Safdarjung,2000-06-19 09:00:00,37.2,996.7,56.0,28.6139,77.209,216.0
AWS-DEL-01,Delhi Safdarjung,2000-06-19 12:00:00,36.2,995.4,58.0,28.6139,77.209,216.0
AWS-DEL-01,Delhi Safdarjung,2000-06-19 15:00:00,33.0,997.3,68.0,28.6139,77.209,216.0
AWS-DEL-01,Delhi Safdarjung,2000-06-19 18:00:00,30.4,999.1,72.0,28.6139,77.209,216.0
AWS-DEL-01,Delhi Safdarjung,2000-06-19 21:00:00,29.2,998.7,75.0,28.6139,77.209,216.0
AWS-DEL-01,Delhi Safdarjung,2000-06-20 00:00:00,28.4,999.3,80.0,28.6139,77.209,216.0
AWS-DEL-01,Delhi Safdarjung,2000-06-20 03:00:00,30.4,999.6,76.0,28.6139,77.209,216.0
AWS-DEL-01,Delhi Safdarjung,2000-06-20 06:00:00,34.0,999.4,64.0,28.6139,77.209,216.0
AWS-DEL-01,Delhi Safdarjung,2000-06-20 09:00:00,37.2,997.6,54.0,28.6139,77.209,216.0
AWS-DEL-01,Delhi Safdarjung,2000-06-20 12:00:00,35.2,996.2,60.0,28.6139,77.209,216.0
AWS-DEL-01,Delhi Safdarjung,2000-06-20 15:00:00,31.4,998.1,70.0,28.6139,77.209,216.0
AWS-DEL-01,Delhi Safdarjung,2000-06-20 18:00:00,29.8,999.2,80.0,28.6139,77.209,216.0
AWS-DEL-01,Delhi Safdarjung,2000-06-20 21:00:00,29.0,999.0,82.0,28.6139,77.209,216.0
AWS-DEL-01,Delhi Safdarjung,2000-06-21 00:00:00,28.6,998.6,86.0,28.6139,77.209,216.0
AWS-DEL-01,Delhi Safdarjung,2000-06-21 03:00:00,31.4,998.7,76.0,28.6139,77.209,216.0
AWS-DEL-01,Delhi Safdarjung,2000-06-21 06:00:00,35.8,997.9,58.0,28.6139,77.209,216.0
AWS-DEL-01,Delhi Safdarjung,2000-06-21 09:00:00,39.4,995.7,40.0,28.6139,77.209,216.0
AWS-DEL-01,Delhi Safdarjung,2000-06-21 12:00:00,39.0,994.1,44.0,28.6139,77.209,216.0
AWS-DEL-01,Delhi Safdarjung,2000-06-21 15:00:00,36.0,994.9,56.0,28.6139,77.209,216.0
AWS-DEL-01,Delhi Safdarjung,2000-06-21 18:00:00,33.4,996.7,67.0,28.6139,77.209,216.0
AWS-DEL-01,Delhi Safdarjung,2000-06-21 21:00:00,32.2,995.4,72.0,28.6139,77.209,216.0
AWS-DEL-01,Delhi Safdarjung,2000-06-22 00:00:00,30.0,996.0,76.0,28.6139,77.209,216.0
AWS-DEL-01,Delhi Safdarjung,2000-06-22 03:00:00,34.1,997.1,57.0,28.6139,77.209,216.0
AWS-DEL-01,Delhi Safdarjung,2000-06-22 06:00:00,38.2,996.0,38.0,28.6139,77.209,216.0
AWS-DEL-01,Delhi Safdarjung,2000-06-22 09:00:00,39.4,994.5,40.0,28.6139,77.209,216.0
AWS-DEL-01,Delhi Safdarjung,2000-06-22 12:00:00,26.6,996.5,87.0,28.6139,77.209,216.0
AWS-DEL-01,Delhi Safdarjung,2000-06-22 15:00:00,28.4,997.5,66.0,28.6139,77.209,216.0
AWS-DEL-01,Delhi Safdarjung,2000-06-22 18:00:00,28.6,998.3,68.0,28.6139,77.209,216.0
AWS-DEL-01,Delhi Safdarjung,2000-06-23 00:00:00,26.0,1000.0,86.0,28.6139,77.209,216.0
AWS-DEL-01,Delhi Safdarjung,2000-06-23 03:00:00,27.6,1002.0,76.0,28.6139,77.209,216.0
AWS-DEL-01,Delhi Safdarjung,2000-06-23 06:00:00,31.4,1000.5,66.0,28.6139,77.209,216.0
AWS-DEL-01,Delhi Safdarjung,2000-06-23 12:00:00,32.2,998.3,54.0,28.6139,77.209,216.0
AWS-DEL-01,Delhi Safdarjung,2000-06-23 15:00:00,31.0,998.1,62.0,28.6139,77.209,216.0
AWS-DEL-01,Delhi Safdarjung,2000-06-23 18:00:00,29.4,998.6,68.0,28.6139,77.209,216.0
AWS-DEL-01,Delhi Safdarjung,2000-06-23 21:00:00,28.0,997.8,76.0,28.6139,77.209,216.0
AWS-DEL-01,Delhi Safdarjung,2000-06-24 00:00:00,27.0,997.9,83.0,28.6139,77.209,216.0
AWS-DEL-01,Delhi Safdarjung,2000-06-24 03:00:00,31.8,998.0,54.0,28.6139,77.209,216.0
AWS-DEL-01,Delhi Safdarjung,2000-06-24 06:00:00,36.0,997.2,53.0,28.6139,77.209,216.0
AWS-DEL-01,Delhi Safdarjung,2000-06-24 09:00:00,34.6,995.2,52.0,28.6139,77.209,216.0
AWS-DEL-01,Delhi Safdarjung,2000-06-24 12:00:00,27.6,994.3,81.0,28.6139,77.209,216.0
AWS-DEL-01,Delhi Safdarjung,2000-06-24 15:00:00,29.4,994.9,75.0,28.6139,77.209,216.0
AWS-DEL-01,Delhi Safdarjung,2000-06-24 18:00:00,29.6,995.1,76.0,28.6139,77.209,216.0
AWS-DEL-01,Delhi Safdarjung,2000-06-24 21:00:00,28.6,994.5,75.0,28.6139,77.209,216.0
AWS-DEL-01,Delhi Safdarjung,2000-06-25 00:00:00,28.4,994.7,82.0,28.6139,77.209,216.0
AWS-DEL-01,Delhi Safdarjung,2000-06-25 03:00:00,32.6,996.1,52.0,28.6139,77.209,216.0
AWS-DEL-01,Delhi Safdarjung,2000-06-25 06:00:00,35.6,996.0,46.0,28.6139,77.209,216.0
AWS-DEL-01,Delhi Safdarjung,2000-06-25 09:00:00,37.4,995.4,39.0,28.6139,77.209,216.0
AWS-DEL-01,Delhi Safdarjung,2000-06-25 12:00:00,37.0,994.2,42.0,28.6139,77.209,216.0
AWS-DEL-01,Delhi Safdarjung,2000-06-25 15:00:00,34.2,994.6,58.0,28.6139,77.209,216.0
AWS-DEL-01,Delhi Safdarjung,2000-06-25 18:00:00,32.6,996.0,62.0,28.6139,77.209,216.0
AWS-DEL-01,Delhi Safdarjung,2000-06-25 21:00:00,31.0,995.6,66.0,28.6139,77.209,216.0
AWS-DEL-01,Delhi Safdarjung,2000-06-26 00:00:00,30.4,995.5,63.0,28.6139,77.209,216.0
AWS-DEL-01,Delhi Safdarjung,2000-06-26 03:00:00,33.4,997.6,45.0,28.6139,77.209,216.0
AWS-DEL-01,Delhi Safdarjung,2000-06-26 06:00:00,35.4,997.8,42.0,28.6139,77.209,216.0
AWS-DEL-01,Delhi Safdarjung,2000-06-26 12:00:00,37.0,994.4,41.0,28.6139,77.209,216.0
AWS-DEL-01,Delhi Safdarjung,2000-06-26 15:00:00,34.8,995.6,59.0,28.6139,77.209,216.0
AWS-DEL-01,Delhi Safdarjung,2000-06-26 18:00:00,33.0,997.4,68.0,28.6139,77.209,216.0
AWS-DEL-01,Delhi Safdarjung,2000-06-26 21:00:00,31.8,996.8,74.0,28.6139,77.209,216.0
AWS-DEL-01,Delhi Safdarjung,2000-06-27 00:00:00,31.2,997.1,57.0,28.6139,77.209,216.0
AWS-DEL-01,Delhi Safdarjung,2000-06-27 03:00:00,33.4,999.1,46.0,28.6139,77.209,216.0
AWS-DEL-01,Delhi Safdarjung,2000-06-27 06:00:00,35.6,999.1,45.0,28.6139,77.209,216.0
AWS-DEL-01,Delhi Safdarjung,2000-06-27 09:00:00,37.4,997.3,38.0,28.6139,77.209,216.0
AWS-DEL-01,Delhi Safdarjung,2000-06-27 12:00:00,37.8,995.2,22.0,28.6139,77.209,216.0
AWS-DEL-01,Delhi Safdarjung,2000-06-27 15:00:00,33.4,997.3,65.0,28.6139,77.209,216.0
AWS-DEL-01,Delhi Safdarjung,2000-06-27 18:00:00,31.2,998.9,74.0,28.6139,77.209,216.0
AWS-DEL-01,Delhi Safdarjung,2000-06-27 21:00:00,30.2,999.0,69.0,28.6139,77.209,216.0
AWS-DEL-01,Delhi Safdarjung,2000-06-28 00:00:00,29.6,999.7,77.0,28.6139,77.209,216.0
AWS-DEL-01,Delhi Safdarjung,2000-06-28 03:00:00,32.8,1001.4,62.0,28.6139,77.209,216.0
AWS-DEL-01,Delhi Safdarjung,2000-06-28 06:00:00,37.0,1000.9,43.0,28.6139,77.209,216.0
AWS-DEL-01,Delhi Safdarjung,2000-06-28 09:00:00,37.2,998.9,48.0,28.6139,77.209,216.0
AWS-DEL-01,Delhi Safdarjung,2000-06-28 12:00:00,36.0,997.2,54.0,28.6139,77.209,216.0
AWS-DEL-01,Delhi Safdarjung,2000-06-28 15:00:00,33.4,998.2,62.0,28.6139,77.209,216.0
AWS-DEL-01,Delhi Safdarjung,2000-06-28 18:00:00,32.4,999.7,68.0,28.6139,77.209,216.0
AWS-DEL-01,Delhi Safdarjung,2000-06-28 21:00:00,31.0,999.6,74.0,28.6139,77.209,216.0
AWS-DEL-01,Delhi Safdarjung,2000-06-29 00:00:00,30.6,999.7,73.0,28.6139,77.209,216.0
AWS-DEL-01,Delhi Safdarjung,2000-06-29 03:00:00,32.8,1001.2,68.0,28.6139,77.209,216.0
AWS-DEL-01,Delhi Safdarjung,2000-06-29 09:00:00,38.0,998.3,50.0,28.6139,77.209,216.0
AWS-DEL-01,Delhi Safdarjung,2000-06-29 12:00:00,26.4,999.4,92.0,28.6139,77.209,216.0
AWS-DEL-01,Delhi Safdarjung,2000-06-29 18:00:00,28.2,999.5,87.0,28.6139,77.209,216.0
AWS-DEL-01,Delhi Safdarjung,2000-06-29 21:00:00,27.6,999.6,89.0,28.6139,77.209,216.0
AWS-DEL-01,Delhi Safdarjung,2000-06-30 00:00:00,27.0,999.6,92.0,28.6139,77.209,216.0
AWS-DEL-01,Delhi Safdarjung,2000-06-30 03:00:00,29.6,1001.0,81.0,28.6139,77.209,216.0
AWS-DEL-01,Delhi Safdarjung,2000-06-30 09:00:00,26.8,999.9,94.0,28.6139,77.209,216.0
AWS-DEL-01,Delhi Safdarjung,2000-06-30 12:00:00,30.2,997.5,88.0,28.6139,77.209,216.0
AWS-DEL-01,Delhi Safdarjung,2000-06-30 18:00:00,28.8,999.0,96.0,28.6139,77.209,216.0
AWS-DEL-01,Delhi Safdarjung,2000-06-30 21:00:00,28.0,998.9,95.0,28.6139,77.209,216.0
AWS-DEL-01,Delhi Safdarjung,2000-07-01 00:00:00,27.8,998.8,94.0,28.6139,77.209,216.0
AWS-DEL-01,Delhi Safdarjung,2000-07-01 03:00:00,29.6,1000.1,88.0,28.6139,77.209,216.0
AWS-DEL-01,Delhi Safdarjung,2000-07-01 06:00:00,25.2,1001.1,96.0,28.6139,77.209,216.0
AWS-DEL-01,Delhi Safdarjung,2000-07-01 09:00:00,30.0,999.9,76.0,28.6139,77.209,216.0
AWS-DEL-01,Delhi Safdarjung,2000-07-01 12:00:00,32.8,997.1,73.0,28.6139,77.209,216.0
AWS-DEL-01,Delhi Safdarjung,2000-07-01 15:00:00,29.8,998.0,78.0,28.6139,77.209,216.0
AWS-DEL-01,Delhi Safdarjung,2000-07-01 18:00:00,28.6,999.2,83.0,28.6139,77.209,216.0
AWS-DEL-01,Delhi Safdarjung,2000-07-01 21:00:00,28.2,999.4,89.0,28.6139,77.209,216.0
AWS-DEL-01,Delhi Safdarjung,2000-07-02 00:00:00,28.0,999.0,90.0,28.6139,77.209,216.0
AWS-DEL-01,Delhi Safdarjung,2000-07-02 03:00:00,30.6,999.6,83.0,28.6139,77.209,216.0
AWS-DEL-01,Delhi Safdarjung,2000-07-02 06:00:00,33.0,1000.4,72.0,28.6139,77.209,216.0
AWS-DEL-01,Delhi Safdarjung,2000-07-02 09:00:00,26.0,1000.9,92.0,28.6139,77.209,216.0
AWS-DEL-01,Delhi Safdarjung,2000-07-02 12:00:00,28.4,998.6,82.0,28.6139,77.209,216.0
AWS-DEL-01,Delhi Safdarjung,2000-07-02 15:00:00,28.4,998.2,85.0,28.6139,77.209,216.0
AWS-DEL-01,Delhi Safdarjung,2000-07-02 18:00:00,26.6,999.5,86.0,28.6139,77.209,216.0
AWS-DEL-01,Delhi Safdarjung,2000-07-02 21:00:00,26.4,999.3,87.0,28.6139,77.209,216.0
AWS-DEL-01,Delhi Safdarjung,2000-07-03 00:00:00,26.0,999.9,90.0,28.6139,77.209,216.0
AWS-DEL-01,Delhi Safdarjung,2000-07-03 03:00:00,27.4,1001.8,86.0,28.6139,77.209,216.0
AWS-DEL-01,Delhi Safdarjung,2000-07-03 06:00:00,31.0,1001.6,75.0,28.6139,77.209,216.0
AWS-DEL-01,Delhi Safdarjung,2000-07-03 09:00:00,34.0,999.3,63.0,28.6139,77.209,216.0
AWS-DEL-01,Delhi Safdarjung,2000-07-03 12:00:00,34.0,996.6,57.0,28.6139,77.209,216.0
AWS-DEL-01,Delhi Safdarjung,2000-07-03 15:00:00,32.0,997.9,71.0,28.6139,77.209,216.0
AWS-DEL-01,Delhi Safdarjung,2000-07-03 18:00:00,30.2,999.2,77.0,28.6139,77.209,216.0
AWS-DEL-01,Delhi Safdarjung,2000-07-03 21:00:00,29.2,998.8,80.0,28.6139,77.209,216.0
AWS-DEL-01,Delhi Safdarjung,2000-07-04 00:00:00,28.4,999.0,90.0,28.6139,77.209,216.0
AWS-DEL-01,Delhi Safdarjung,2000-07-04 03:00:00,28.6,1000.8,82.0,28.6139,77.209,216.0
AWS-DEL-01,Delhi Safdarjung,2000-07-04 06:00:00,33.4,999.8,65.0,28.6139,77.209,216.0
AWS-DEL-01,Delhi Safdarjung,2000-07-04 09:00:00,35.8,997.8,54.0,28.6139,77.209,216.0
AWS-DEL-01,Delhi Safdarjung,2000-07-04 12:00:00,35.6,995.8,57.0,28.6139,77.209,216.0
AWS-DEL-01,Delhi Safdarjung,2000-07-04 15:00:00,32.6,997.4,68.0,28.6139,77.209,216.0
AWS-DEL-01,Delhi Safdarjung,2000-07-04 18:00:00,30.6,998.8,77.0,28.6139,77.209,216.0
AWS-DEL-01,Delhi Safdarjung,2000-07-05 00:00:00,29.4,998.7,83.0,28.6139,77.209,216.0
AWS-DEL-01,Delhi Safdarjung,2000-07-05 03:00:00,32.2,999.3,75.0,28.6139,77.209,216.0
AWS-DEL-01,Delhi Safdarjung,2000-07-05 06:00:00,35.8,998.6,58.0,28.6139,77.209,216.0
AWS-DEL-01,Delhi Safdarjung,2000-07-05 09:00:00,37.6,996.7,47.0,28.6139,77.209,216.0
AWS-DEL-01,Delhi Safdarjung,2000-07-05 12:00:00,36.8,994.5,55.0,28.6139,77.209,216.0
AWS-DEL-01,Delhi Safdarjung,2000-07-05 15:00:00,34.4,995.7,34.0,28.6139,77.209,216.0
AWS-DEL-01,Delhi Safdarjung,2000-07-05 18:00:00,32.6,996.6,66.0,28.6139,77.209,216.0
AWS-DEL-01,Delhi Safdarjung,2000-07-05 21:00:00,31.2,995.9,76.0,28.6139,77.209,216.0
AWS-DEL-01,Delhi Safdarjung,2000-07-06 00:00:00,31.0,996.5,78.0,28.6139,77.209,216.0
AWS-DEL-01,Delhi Safdarjung,2000-07-06 03:00:00,33.0,997.0,69.0,28.6139,77.209,216.0
AWS-DEL-01,Delhi Safdarjung,2000-07-06 06:00:00,37.4,996.7,50.0,28.6139,77.209,216.0
AWS-DEL-01,Delhi Safdarjung,2000-07-06 09:00:00,39.6,994.7,41.0,28.6139,77.209,216.0
AWS-DEL-01,Delhi Safdarjung,2000-07-06 12:00:00,38.8,992.3,45.0,28.6139,77.209,216.0
AWS-DEL-01,Delhi Safdarjung,2000-07-06 15:00:00,35.8,993.7,63.0,28.6139,77.209,216.0
AWS-DEL-01,Delhi Safdarjung,2000-07-06 18:00:00,34.0,994.6,71.0,28.6139,77.209,216.0
AWS-DEL-01,Delhi Safdarjung,2000-07-06 21:00:00,31.8,994.9,63.0,28.6139,77.209,216.0
AWS-DEL-01,Delhi Safdarjung,2000-07-07 00:00:00,30.6,994.9,67.0,28.6139,77.209,216.0
AWS-DEL-01,Delhi Safdarjung,2000-07-07 03:00:00,32.0,996.7,60.0,28.6139,77.209,216.0
AWS-DEL-01,Delhi Safdarjung,2000-07-07 06:00:00,34.4,997.6,66.0,28.6139,77.209,216.0
AWS-DEL-01,Delhi Safdarjung,2000-07-07 09:00:00,36.0,996.1,58.0,28.6139,77.209,216.0
AWS-DEL-01,Delhi Safdarjung,2000-07-07 12:00:00,35.0,994.4,62.0,28.6139,77.209,216.0
AWS-DEL-01,Delhi Safdarjung,2000-07-07 15:00:00,32.6,995.8,69.0,28.6139,77.209,216.0
AWS-DEL-01,Delhi Safdarjung,2000-07-07 18:00:00,31.0,996.8,74.0,28.6139,77.209,216.0
AWS-DEL-01,Delhi Safdarjung,2000-07-07 21:00:00,28.4,997.2,86.0,28.6139,77.209,216.0
AWS-DEL-01,Delhi Safdarjung,2000-07-08 00:00:00,26.0,997.4,90.0,28.6139,77.209,216.0
AWS-DEL-01,Delhi Safdarjung,2000-07-08 03:00:00,27.4,998.2,86.0,28.6139,77.209,216.0
AWS-DEL-01,Delhi Safdarjung,2000-07-08 06:00:00,31.4,998.1,76.0,28.6139,77.209,216.0
AWS-DEL-01,Delhi Safdarjung,2000-07-08 09:00:00,32.8,994.7,72.0,28.6139,77.209,216.0
AWS-DEL-01,Delhi Safdarjung,2000-07-08 12:00:00,33.0,993.6,73.0,28.6139,77.209,216.0
AWS-DEL-01,Delhi Safdarjung,2000-07-08 15:00:00,30.6,995.0,78.0,28.6139,77.209,216.0
AWS-DEL-01,Delhi Safdarjung,2000-07-08 18:00:00,28.4,995.7,89.0,28.6139,77.209,216.0
AWS-DEL-01,Delhi Safdarjung,2000-07-08 21:00:00,28.0,994.9,89.0,28.6139,77.209,216.0
AWS-DEL-01,Delhi Safdarjung,2000-07-09 00:00:00,28.0,994.6,92.0,28.6139,77.209,216.0
AWS-DEL-01,Delhi Safdarjung,2000-07-09 06:00:00,31.4,996.0,76.0,28.6139,77.209,216.0
AWS-DEL-01,Delhi Safdarjung,2000-07-09 09:00:00,34.4,993.7,66.0,28.6139,77.209,216.0
AWS-DEL-01,Delhi Safdarjung,2000-07-09 12:00:00,34.8,991.8,63.0,28.6139,77.209,216.0
AWS-DEL-01,Delhi Safdarjung,2000-07-09 15:00:00,32.4,992.7,72.0,28.6139,77.209,216.0
AWS-DEL-01,Delhi Safdarjung,2000-07-09 18:00:00,31.6,994.3,78.0,28.6139,77.209,216.0
AWS-DEL-01,Delhi Safdarjung,2000-07-09 21:00:00,30.0,993.4,70.0,28.6139,77.209,216.0
AWS-DEL-01,Delhi Safdarjung,2000-07-10 00:00:00,27.6,994.6,80.0,28.6139,77.209,216.0
AWS-DEL-01,Delhi Safdarjung,2000-07-10 03:00:00,29.2,996.2,84.0,28.6139,77.209,216.0
AWS-DEL-01,Delhi Safdarjung,2000-07-10 06:00:00,32.0,995.7,67.0,28.6139,77.209,216.0
AWS-DEL-01,Delhi Safdarjung,2000-07-10 09:00:00,34.4,993.7,58.0,28.6139,77.209,216.0
AWS-DEL-01,Delhi Safdarjung,2000-07-10 12:00:00,34.6,991.3,62.0,28.6139,77.209,216.0
AWS-DEL-01,Delhi Safdarjung,2000-07-10 15:00:00,31.4,993.6,74.0,28.6139,77.209,216.0
AWS-DEL-01,Delhi Safdarjung,2000-07-10 18:00:00,28.6,994.5,74.0,28.6139,77.209,216.0
AWS-DEL-01,Delhi Safdarjung,2000-07-10 21:00:00,27.6,994.8,76.0,28.6139,77.209,216.0
AWS-DEL-01,Delhi Safdarjung,2000-07-11 00:00:00,25.6,995.4,95.0,28.6139,77.209,216.0
AWS-DEL-01,Delhi Safdarjung,2000-07-11 03:00:00,26.4,996.8,94.0,28.6139,77.209,216.0
AWS-DEL-01,Delhi Safdarjung,2000-07-11 06:00:00,29.8,997.1,77.0,28.6139,77.209,216.0
AWS-DEL-01,Delhi Safdarjung,2000-07-11 09:00:00,32.4,994.9,72.0,28.6139,77.209,216.0
AWS-DEL-01,Delhi Safdarjung,2000-07-11 12:00:00,30.4,993.9,81.0,28.6139,77.209,216.0
AWS-DEL-01,Delhi Safdarjung,2000-07-11 15:00:00,29.0,995.5,85.0,28.6139,77.209,216.0
AWS-DEL-01,Delhi Safdarjung,2000-07-11 18:00:00,28.4,996.5,88.0,28.6139,77.209,216.0
AWS-DEL-01,Delhi Safdarjung,2000-07-11 21:00:00,28.2,996.2,89.0,28.6139,77.209,216.0
AWS-DEL-01,Delhi Safdarjung,2000-07-12 00:00:00,27.0,996.6,92.0,28.6139,77.209,216.0
AWS-DEL-01,Delhi Safdarjung,2000-07-12 03:00:00,28.4,997.8,86.0,28.6139,77.209,216.0
AWS-DEL-01,Delhi Safdarjung,2000-07-12 06:00:00,26.8,999.2,94.0,28.6139,77.209,216.0
AWS-DEL-01,Delhi Safdarjung,2000-07-12 09:00:00,29.6,996.1,90.0,28.6139,77.209,216.0
AWS-DEL-01,Delhi Safdarjung,2000-07-12 12:00:00,29.7,994.4,87.0,28.6139,77.209,216.0
AWS-DEL-01,Delhi Safdarjung,2000-07-12 15:00:00,29.8,996.0,84.0,28.6139,77.209,216.0
AWS-DEL-01,Delhi Safdarjung,2000-07-12 18:00:00,29.0,996.5,88.0,28.6139,77.209,216.0
AWS-DEL-01,Delhi Safdarjung,2000-07-12 21:00:00,28.8,996.0,90.0,28.6139,77.209,216.0
AWS-DEL-01,Delhi Safdarjung,2000-07-13 00:00:00,27.6,995.9,90.0,28.6139,77.209,216.0
AWS-DEL-01,Delhi Safdarjung,2000-07-13 03:00:00,30.4,996.4,80.0,28.6139,77.209,216.0
AWS-DEL-01,Delhi Safdarjung,2000-07-13 09:00:00,34.6,995.2,64.0,28.6139,77.209,216.0
AWS-DEL-01,Delhi Safdarjung,2000-07-13 12:00:00,31.4,994.2,69.0,28.6139,77.209,216.0
AWS-DEL-01,Delhi Safdarjung,2000-07-13 15:00:00,30.6,995.1,80.0,28.6139,77.209,216.0
AWS-DEL-01,Delhi Safdarjung,2000-07-13 18:00:00,30.0,996.4,84.0,28.6139,77.209,216.0
AWS-DEL-01,Delhi Safdarjung,2000-07-14 00:00:00,28.4,996.2,86.0,28.6139,77.209,216.0
AWS-DEL-01,Delhi Safdarjung,2000-07-14 03:00:00,29.4,997.2,82.0,28.6139,77.209,216.0
AWS-DEL-01,Delhi Safdarjung,2000-07-14 06:00:00,32.2,996.3,72.0,28.6139,77.209,216.0
AWS-DEL-01,Delhi Safdarjung,2000-07-14 09:00:00,33.6,993.9,68.0,28.6139,77.209,216.0
AWS-DEL-01,Delhi Safdarjung,2000-07-14 12:00:00,13.4,993.3,78.0,28.6139,77.209,216.0
AWS-DEL-01,Delhi Safdarjung,2000-07-14 18:00:00,29.0,995.4,88.0,28.6139,77.209,216.0
AWS-DEL-01,Delhi Safdarjung,2000-07-14 21:00:00,28.4,995.1,89.0,28.6139,77.209,216.0
AWS-DEL-01,Delhi Safdarjung,2000-07-15 00:00:00,27.6,994.6,92.0,28.6139,77.209,216.0
AWS-DEL-01,Delhi Safdarjung,2000-07-15 03:00:00,29.2,995.6,86.0,28.6139,77.209,216.0
AWS-DEL-01,Delhi Safdarjung,2000-07-15 06:00:00,31.0,995.4,78.0,28.6139,77.209,216.0
AWS-DEL-01,Delhi Safdarjung,2000-07-15 09:00:00,28.2,994.4,92.0,28.6139,77.209,216.0
AWS-DEL-01,Delhi Safdarjung,2000-07-15 12:00:00,30.4,992.7,81.0,28.6139,77.209,216.0
AWS-DEL-01,Delhi Safdarjung,2000-07-15 15:00:00,29.6,994.2,85.0,28.6139,77.209,216.0
AWS-DEL-01,Delhi Safdarjung,2000-07-15 18:00:00,29.4,994.9,88.0,28.6139,77.209,216.0
AWS-DEL-01,Delhi Safdarjung,2000-07-16 00:00:00,28.4,994.6,90.0,28.6139,77.209,216.0
AWS-DEL-01,Delhi Safdarjung,2000-07-16 03:00:00,26.0,996.5,96.0,28.6139,77.209,216.0
AWS-DEL-01,Delhi Safdarjung,2000-07-16 06:00:00,28.4,996.9,92.0,28.6139,77.209,216.0
AWS-DEL-01,Delhi Safdarjung,2000-07-16 09:00:00,32.0,994.3,79.0,28.6139,77.209,216.0
AWS-DEL-01,Delhi Safdarjung,2000-07-16 12:00:00,25.8,994.9,96.0,28.6139,77.209,216.0
AWS-DEL-01,Delhi Safdarjung,2000-07-16 15:00:00,27.0,995.8,96.0,28.6139,77.209,216.0
AWS-DEL-01,Delhi Safdarjung,2000-07-16 18:00:00,26.0,996.1,95.0,28.6139,77.209,216.0
AWS-DEL-01,Delhi Safdarjung,2000-07-16 21:00:00,25.8,996.4,98.0,28.6139,77.209,216.0
AWS-DEL-01,Delhi Safdarjung,2000-07-17 00:00:00,26.4,995.9,98.0,28.6139,77.209,216.0
AWS-DEL-01,Delhi Safdarjung,2000-07-17 03:00:00,28.0,996.4,95.0,28.6139,77.209,216.0
AWS-DEL-01,Delhi Safdarjung,2000-07-17 06:00:00,30.0,996.5,91.0,28.6139,77.209,216.0
AWS-DEL-01,Delhi Safdarjung,2000-07-17 09:00:00,32.8,993.8,78.0,28.6139,77.209,216.0
AWS-DEL-01,Delhi Safdarjung,2000-07-17 12:00:00,27.8,993.1,94.0,28.6139,77.209,216.0
AWS-DEL-01,Delhi Safdarjung,2000-07-17 15:00:00,25.4,995.6,96.0,28.6139,77.209,216.0
AWS-DEL-01,Delhi Safdarjung,2000-07-17 18:00:00,26.0,996.0,96.0,28.6139,77.209,216.0
AWS-DEL-01,Delhi Safdarjung,2000-07-17 21:00:00,26.0,995.1,100.0,28.6139,77.209,216.0
AWS-DEL-01,Delhi Safdarjung,2000-07-18 00:00:00,26.0,995.1,98.0,28.6139,77.209,216.0
AWS-DEL-01,Delhi Safdarjung,2000-07-18 03:00:00,26.6,995.7,96.0,28.6139,77.209,216.0
AWS-DEL-01,Delhi Safdarjung,2000-07-18 06:00:00,29.0,995.6,85.0,28.6139,77.209,216.0
AWS-DEL-01,Delhi Safdarjung,2000-07-18 09:00:00,30.6,994.0,80.0,28.6139,77.209,216.0
AWS-DEL-01,Delhi Safdarjung,2000-07-18 12:00:00,31.4,992.4,79.0,28.6139,77.209,216.0
AWS-DEL-01,Delhi Safdarjung,2000-07-18 15:00:00,28.6,994.1,89.0,28.6139,77.209,216.0
AWS-DEL-01,Delhi Safdarjung,2000-07-18 18:00:00,27.6,995.3,90.0,28.6139,77.209,216.0
AWS-DEL-01,Delhi Safdarjung,2000-07-18 21:00:00,27.4,995.2,92.0,28.6139,77.209,216.0
AWS-DEL-01,Delhi Safdarjung,2000-07-19 00:00:00,27.2,994.8,95.0,28.6139,77.209,216.0
AWS-DEL-01,Delhi Safdarjung,2000-07-19 03:00:00,27.6,995.7,92.0,28.6139,77.209,216.0
AWS-DEL-01,Delhi Safdarjung,2000-07-19 06:00:00,26.4,997.1,95.0,28.6139,77.209,216.0
AWS-DEL-01,Delhi Safdarjung,2000-07-19 09:00:00,29.0,995.5,85.0,28.6139,77.209,216.0
AWS-DEL-01,Delhi Safdarjung,2000-07-19 12:00:00,31.4,994.3,72.0,28.6139,77.209,216.0
AWS-DEL-01,Delhi Safdarjung,2000-07-19 15:00:00,30.0,994.8,84.0,28.6139,77.209,216.0
AWS-DEL-01,Delhi Safdarjung,2000-07-19 21:00:00,28.2,995.8,90.0,28.6139,77.209,216.0
AWS-DEL-01,Delhi Safdarjung,2000-07-20 00:00:00,28.0,996.2,92.0,28.6139,77.209,216.0
AWS-DEL-01,Delhi Safdarjung,2000-07-20 03:00:00,29.2,997.0,86.0,28.6139,77.209,216.0
AWS-DEL-01,Delhi Safdarjung,2000-07-20 06:00:00,31.0,998.7,74.0,28.6139,77.209,216.0
AWS-DEL-01,Delhi Safdarjung,2000-07-20 09:00:00,33.0,995.9,68.0,28.6139,77.209,216.0
AWS-DEL-01,Delhi Safdarjung,2000-07-20 12:00:00,33.4,994.2,67.0,28.6139,77.209,216.0
AWS-DEL-01,Delhi Safdarjung,2000-07-20 15:00:00,30.8,996.2,72.0,28.6139,77.209,216.0
AWS-DEL-01,Delhi Safdarjung,2000-07-20 18:00:00,29.0,997.2,79.0,28.6139,77.209,216.0
AWS-DEL-01,Delhi Safdarjung,2000-07-20 21:00:00,27.0,997.2,89.0,28.6139,77.209,216.0
AWS-DEL-01,Delhi Safdarjung,2000-07-21 00:00:00,26.6,997.3,87.0,28.6139,77.209,216.0
AWS-DEL-01,Delhi Safdarjung,2000-07-21 03:00:00,27.4,998.0,77.0,28.6139,77.209,216.0
AWS-DEL-01,Delhi Safdarjung,2000-07-21 06:00:00,30.2,997.5,69.0,28.6139,77.209,216.0
AWS-DEL-01,Delhi Safdarjung,2000-07-21 09:00:00,31.4,996.7,68.0,28.6139,77.209,216.0
AWS-DEL-01,Delhi Safdarjung,2000-07-21 12:00:00,30.0,996.1,73.0,28.6139,77.209,216.0
AWS-DEL-01,Delhi Safdarjung,2000-07-21 15:00:00,28.4,998.6,79.0,28.6139,77.209,216.0
AWS-DEL-01,Delhi Safdarjung,2000-07-21 18:00:00,26.0,999.4,92.0,28.6139,77.209,216.0
AWS-DEL-01,Delhi Safdarjung,2000-07-22 00:00:00,25.0,999.2,93.0,28.6139,77.209,216.0
AWS-DEL-01,Delhi Safdarjung,2000-07-22 03:00:00,25.4,1000.8,91.0,28.6139,77.209,216.0
AWS-DEL-01,Delhi Safdarjung,2000-07-22 06:00:00,27.8,1001.4,86.0,28.6139,77.209,216.0
AWS-DEL-01,Delhi Safdarjung,2000-07-22 12:00:00,28.0,999.5,83.0,28.6139,77.209,216.0
AWS-DEL-01,Delhi Safdarjung,2000-07-22 15:00:00,27.4,1000.7,84.0,28.6139,77.209,216.0
AWS-DEL-01,Delhi Safdarjung,2000-07-22 18:00:00,26.2,1001.3,89.0,28.6139,77.209,216.0
AWS-DEL-01,Delhi Safdarjung,2000-07-22 21:00:00,25.6,1000.5,90.0,28.6139,77.209,216.0
AWS-DEL-01,Delhi Safdarjung,2000-07-23 00:00:00,25.6,999.9,91.0,28.6139,77.209,216.0
AWS-DEL-01,Delhi Safdarjung,2000-07-23 03:00:00,26.2,1000.6,89.0,28.6139,77.209,216.0
AWS-DEL-01,Delhi Safdarjung,2000-07-23 06:00:00,26.2,1000.6,94.0,28.6139,77.209,216.0
AWS-DEL-01,Delhi Safdarjung,2000-07-23 09:00:00,30.0,999.0,73.0,28.6139,77.209,216.0
AWS-DEL-01,Delhi Safdarjung,2000-07-23 12:00:00,28.2,998.5,82.0,28.6139,77.209,216.0
AWS-DEL-01,Delhi Safdarjung,2000-07-23 15:00:00,28.0,999.4,78.0,28.6139,77.209,216.0
AWS-DEL-01,Delhi Safdarjung,2000-07-23 18:00:00,27.0,999.7,84.0,28.6139,77.209,216.0
AWS-DEL-01,Delhi Safdarjung,2000-07-23 21:00:00,26.2,998.9,86.0,28.6139,77.209,216.0
AWS-DEL-01,Delhi Safdarjung,2000-07-24 00:00:00,25.0,999.1,96.0,28.6139,77.209,216.0
AWS-DEL-01,Delhi Safdarjung,2000-07-24 03:00:00,26.0,999.7,92.0,28.6139,77.209,216.0
AWS-DEL-01,Delhi Safdarjung,2000-07-24 06:00:00,29.2,999.7,78.0,28.6139,77.209,216.0
AWS-DEL-01,Delhi Safdarjung,2000-07-24 09:00:00,31.4,998.9,67.0,28.6139,77.209,216.0
AWS-DEL-01,Delhi Safdarjung,2000-07-24 12:00:00,32.0,997.5,66.0,28.6139,77.209,216.0
AWS-DEL-01,Delhi Safdarjung,2000-07-24 15:00:00,30.0,998.7,78.0,28.6139,77.209,216.0
AWS-DEL-01,Delhi Safdarjung,2000-07-24 18:00:00,25.4,1000.3,100.0,28.6139,77.209,216.0
AWS-DEL-01,Delhi Safdarjung,2000-07-24 21:00:00,25.4,999.4,96.0,28.6139,77.209,216.0
AWS-DEL-01,Delhi Safdarjung,2000-07-25 00:00:00,26.2,1000.45,98.0,28.6139,77.209,216.0
AWS-DEL-01,Delhi Safdarjung,2000-07-25 03:00:00,28.0,1001.5,78.0,28.6139,77.209,216.0
AWS-DEL-01,Delhi Safdarjung,2000-07-25 06:00:00,32.0,999.3,62.0,28.6139,77.209,216.0
AWS-DEL-01,Delhi Safdarjung,2000-07-25 09:00:00,33.4,1000.2,61.0,28.6139,77.209,216.0
AWS-DEL-01,Delhi Safdarjung,2000-07-25 15:00:00,31.0,999.5,72.0,28.6139,77.209,216.0
AWS-DEL-01,Delhi Safdarjung,2000-07-25 18:00:00,29.4,1000.6,83.0,28.6139,77.209,216.0
AWS-DEL-01,Delhi Safdarjung,2000-07-25 21:00:00,28.6,999.8,88.0,28.6139,77.209,216.0
AWS-DEL-01,Delhi Safdarjung,2000-07-26 00:00:00,27.6,1000.1,90.0,28.6139,77.209,216.0
AWS-DEL-01,Delhi Safdarjung,2000-07-26 03:00:00,29.0,1001.1,74.0,28.6139,77.209,216.0
AWS-DEL-01,Delhi Safdarjung,2000-07-26 06:00:00,32.4,1000.6,60.0,28.6139,77.209,216.0
AWS-DEL-01,Delhi Safdarjung,2000-07-26 09:00:00,34.4,998.4,56.0,28.6139,77.209,216.0
AWS-DEL-01,Delhi Safdarjung,2000-07-26 12:00:00,33.8,998.0,57.0,28.6139,77.209,216.0
AWS-DEL-01,Delhi Safdarjung,2000-07-26 15:00:00,31.6,999.1,70.0,28.6139,77.209,216.0
AWS-DEL-01,Delhi Safdarjung,2000-07-26 18:00:00,30.6,999.7,80.0,28.6139,77.209,216.0
AWS-DEL-01,Delhi Safdarjung,2000-07-26 21:00:00,29.8,998.8,85.0,28.6139,77.209,216.0
AWS-DEL-01,Delhi Safdarjung,2000-07-27 00:00:00,29.0,999.3,71.0,28.6139,77.209,216.0
AWS-DEL-01,Delhi Safdarjung,2000-07-27 03:00:00,29.4,1000.4,66.0,28.6139,77.209,216.0
AWS-DEL-01,Delhi Safdarjung,2000-07-27 09:00:00,30.0,1000.1,74.0,28.6139,77.209,216.0
AWS-DEL-01,Delhi Safdarjung,2000-07-27 12:00:00,31.6,998.4,71.0,28.6139,77.209,216.0
AWS-DEL-01,Delhi Safdarjung,2000-07-27 15:00:00,29.6,999.8,81.0,28.6139,77.209,216.0
AWS-DEL-01,Delhi Safdarjung,2000-07-27 21:00:00,28.2,1000.3,85.0,28.6139,77.209,216.0
AWS-DEL-01,Delhi Safdarjung,2000-07-28 00:00:00,27.4,1000.3,89.0,28.6139,77.209,216.0
AWS-DEL-01,Delhi Safdarjung,2000-07-28 03:00:00,29.8,1001.5,80.0,28.6139,77.209,216.0
AWS-DEL-01,Delhi Safdarjung,2000-07-28 06:00:00,33.4,1001.5,62.0,28.6139,77.209,216.0
AWS-DEL-01,Delhi Safdarjung,2000-07-28 09:00:00,31.4,1000.4,68.0,28.6139,77.209,216.0
AWS-DEL-01,Delhi Safdarjung,2000-07-28 12:00:00,32.0,999.1,74.0,28.6139,77.209,216.0
AWS-DEL-01,Delhi Safdarjung,2000-07-28 15:00:00,30.0,1000.4,84.0,28.6139,77.209,216.0
AWS-DEL-01,Delhi Safdarjung,2000-07-28 18:00:00,29.0,1001.1,86.0,28.6139,77.209,216.0
AWS-DEL-01,Delhi Safdarjung,2000-07-28 21:00:00,28.2,1000.5,87.0,28.6139,77.209,216.0
AWS-DEL-01,Delhi Safdarjung,2000-07-29 00:00:00,27.6,1001.0,90.0,28.6139,77.209,216.0
AWS-DEL-01,Delhi Safdarjung,2000-07-29 03:00:00,29.2,1002.3,86.0,28.6139,77.209,216.0
AWS-DEL-01,Delhi Safdarjung,2000-07-29 06:00:00,32.6,1002.2,73.0,28.6139,77.209,216.0
AWS-DEL-01,Delhi Safdarjung,2000-07-29 09:00:00,33.2,1000.8,72.0,28.6139,77.209,216.0
AWS-DEL-01,Delhi Safdarjung,2000-07-29 12:00:00,32.2,1000.2,76.0,28.6139,77.209,216.0
AWS-DEL-01,Delhi Safdarjung,2000-07-29 15:00:00,30.4,1001.5,78.0,28.6139,77.209,216.0
AWS-DEL-01,Delhi Safdarjung,2000-07-29 18:00:00,29.4,1002.7,85.0,28.6139,77.209,216.0
AWS-DEL-01,Delhi Safdarjung,2000-07-29 21:00:00,28.4,1001.8,89.0,28.6139,77.209,216.0
AWS-DEL-01,Delhi Safdarjung,2000-07-30 00:00:00,28.0,1001.4,90.0,28.6139,77.209,216.0
AWS-DEL-01,Delhi Safdarjung,2000-07-30 03:00:00,29.2,1003.0,88.0,28.6139,77.209,216.0
AWS-DEL-01,Delhi Safdarjung,2000-07-30 06:00:00,33.6,1002.1,60.0,28.6139,77.209,216.0
AWS-DEL-01,Delhi Safdarjung,2000-07-30 09:00:00,35.6,1000.1,56.0,28.6139,77.209,216.0
AWS-DEL-01,Delhi Safdarjung,2000-07-30 12:00:00,34.0,998.6,70.0,28.6139,77.209,216.0
AWS-DEL-01,Delhi Safdarjung,2000-07-30 15:00:00,26.6,1001.9,95.0,28.6139,77.209,216.0
AWS-DEL-01,Delhi Safdarjung,2000-07-30 21:00:00,26.6,1000.2,95.0,28.6139,77.209,216.0
AWS-DEL-01,Delhi Safdarjung,2000-07-31 00:00:00,26.4,999.5,95.0,28.6139,77.209,216.0
AWS-DEL-01,Delhi Safdarjung,2000-07-31 03:00:00,27.8,1000.7,89.0,28.6139,77.209,216.0
AWS-DEL-01,Delhi Safdarjung,2000-07-31 06:00:00,29.6,1001.3,77.0,28.6139,77.209,216.0
AWS-DEL-01,Delhi Safdarjung,2000-07-31 09:00:00,33.2,999.7,60.0,28.6139,77.209,216.0
AWS-DEL-01,Delhi Safdarjung,2000-07-31 12:00:00,32.0,998.3,70.0,28.6139,77.209,216.0
AWS-DEL-01,Delhi Safdarjung,2000-07-31 15:00:00,30.4,999.1,76.0,28.6139,77.209,216.0
AWS-DEL-01,Delhi Safdarjung,2000-07-31 18:00:00,29.2,999.6,76.0,28.6139,77.209,216.0
AWS-DEL-01,Delhi Safdarjung,2000-07-31 21:00:00,28.0,998.5,78.0,28.6139,77.209,216.0
AWS-DEL-01,Delhi Safdarjung,2000-08-01 00:00:00,27.6,998.1,80.0,28.6139,77.209,216.0
AWS-DEL-01,Delhi Safdarjung,2000-08-01 03:00:00,29.4,999.0,66.0,28.6139,77.209,216.0
AWS-DEL-01,Delhi Safdarjung,2000-08-01 06:00:00,32.6,999.0,57.0,28.6139,77.209,216.0
AWS-DEL-01,Delhi Safdarjung,2000-08-01 09:00:00,34.8,997.5,54.0,28.6139,77.209,216.0
AWS-DEL-01,Delhi Safdarjung,2000-08-01 12:00:00,34.2,996.9,58.0,28.6139,77.209,216.0
AWS-DEL-01,Delhi Safdarjung,2000-08-01 15:00:00,31.2,997.5,62.0,28.6139,77.209,216.0
AWS-DEL-01,Delhi Safdarjung,2000-08-01 18:00:00,29.6,998.8,62.0,28.6139,77.209,216.0
AWS-DEL-01,Delhi Safdarjung,2000-08-01 21:00:00,29.0,997.6,72.0,28.6139,77.209,216.0
AWS-DEL-01,Delhi Safdarjung,2000-08-02 00:00:00,28.8,998.2,69.0,28.6139,77.209,216.0
AWS-DEL-01,Delhi Safdarjung,2000-08-02 03:00:00,29.4,999.8,63.0,28.6139,77.209,216.0
AWS-DEL-01,Delhi Safdarjung,2000-08-02 06:00:00,33.0,1000.7,56.0,28.6139,77.209,216.0
AWS-DEL-01,Delhi Safdarjung,2000-08-02 09:00:00,34.6,999.8,48.0,28.6139,77.209,216.0
AWS-DEL-01,Delhi Safdarjung,2000-08-02 12:00:00,35.0,998.4,50.0,28.6139,77.209,216.0
AWS-DEL-01,Delhi Safdarjung,2000-08-02 15:00:00,31.6,999.4,65.0,28.6139,77.209,216.0
AWS-DEL-01,Delhi Safdarjung,2000-08-02 18:00:00,30.4,1000.4,58.0,28.6139,77.209,216.0
AWS-DEL-01,Delhi Safdarjung,2000-08-02 21:00:00,29.4,999.5,63.0,28.6139,77.209,216.0
AWS-DEL-01,Delhi Safdarjung,2000-08-03 00:00:00,28.2,999.7,67.0,28.6139,77.209,216.0
AWS-DEL-01,Delhi Safdarjung,2000-08-03 03:00:00,29.4,1000.6,62.0,28.6139,77.209,216.0
AWS-DEL-01,Delhi Safdarjung,2000-08-03 06:00:00,32.8,1001.1,56.0,28.6139,77.209,216.0
AWS-DEL-01,Delhi Safdarjung,2000-08-03 09:00:00,34.4,999.7,52.0,28.6139,77.209,216.0
AWS-DEL-01,Delhi Safdarjung,2000-08-03 12:00:00,34.2,998.9,55.0,28.6139,77.209,216.0
AWS-DEL-01,Delhi Safdarjung,2000-08-03 15:00:00,30.2,999.6,83.0,28.6139,77.209,216.0
AWS-DEL-01,Delhi Safdarjung,2000-08-03 18:00:00,30.0,1001.0,72.0,28.6139,77.209,216.0
AWS-DEL-01,Delhi Safdarjung,2000-08-03 21:00:00,28.6,1000.6,74.0,28.6139,77.209,216.0
AWS-DEL-01,Delhi Safdarjung,2000-08-04 00:00:00,27.6,1000.6,72.0,28.6139,77.209,216.0
AWS-DEL-01,Delhi Safdarjung,2000-08-04 03:00:00,29.6,1001.9,66.0,28.6139,77.209,216.0
AWS-DEL-01,Delhi Safdarjung,2000-08-04 06:00:00,33.6,1002.4,55.0,28.6139,77.209,216.0
AWS-DEL-01,Delhi Safdarjung,2000-08-04 09:00:00,35.0,1001.1,48.0,28.6139,77.209,216.0
AWS-DEL-01,Delhi Safdarjung,2000-08-04 12:00:00,34.4,999.9,58.0,28.6139,77.209,216.0
AWS-DEL-01,Delhi Safdarjung,2000-08-04 15:00:00,27.6,1001.6,84.0,28.6139,77.209,216.0
AWS-DEL-01,Delhi Safdarjung,2000-08-04 18:00:00,27.4,1001.9,89.0,28.6139,77.209,216.0
AWS-DEL-01,Delhi Safdarjung,2000-08-04 21:00:00,27.0,1001.0,92.0,28.6139,77.209,216.0
AWS-DEL-01,Delhi Safdarjung,2000-08-05 00:00:00,27.0,1001.0,86.0,28.6139,77.209,216.0
AWS-DEL-01,Delhi Safdarjung,2000-08-05 03:00:00,29.4,1002.0,64.0,28.6139,77.209,216.0
AWS-DEL-01,Delhi Safdarjung,2000-08-05 06:00:00,34.8,1001.8,53.0,28.6139,77.209,216.0
AWS-DEL-01,Delhi Safdarjung,2000-08-05 09:00:00,36.2,999.5,50.0,28.6139,77.209,216.0
AWS-DEL-01,Delhi Safdarjung,2000-08-05 12:00:00,35.0,999.4,53.0,28.6139,77.209,216.0
AWS-DEL-01,Delhi Safdarjung,2000-08-05 15:00:00,31.8,999.3,71.0,28.6139,77.209,216.0
AWS-DEL-01,Delhi Safdarjung,2000-08-05 18:00:00,30.0,999.7,82.0,28.6139,77.209,216.0
AWS-DEL-01,Delhi Safdarjung,2000-08-05 21:00:00,29.2,999.0,83.0,28.6139,77.209,216.0
AWS-DEL-01,Delhi Safdarjung,2000-08-06 00:00:00,28.4,999.8,66.0,28.6139,77.209,216.0
AWS-DEL-01,Delhi Safdarjung,2000-08-06 03:00:00,30.2,1000.8,60.0,28.6139,77.209,216.0
AWS-DEL-01,Delhi Safdarjung,2000-08-06 06:00:00,34.2,1000.8,54.0,28.6139,77.209,216.0
AWS-DEL-01,Delhi Safdarjung,2000-08-06 09:00:00,36.2,999.5,47.0,28.6139,77.209,216.0
AWS-DEL-01,Delhi Safdarjung,2000-08-06 12:00:00,36.0,998.0,48.0,28.6139,77.209,216.0
AWS-DEL-01,Delhi Safdarjung,2000-08-06 15:00:00,33.0,998.7,66.0,28.6139,77.209,216.0
AWS-DEL-01,Delhi Safdarjung,2000-08-06 18:00:00,31.6,1000.1,71.0,28.6139,77.209,216.0
AWS-DEL-01,Delhi Safdarjung,2000-08-06 21:00:00,31.0,999.8,75.0,28.6139,77.209,216.0
AWS-DEL-01,Delhi Safdarjung,2000-08-07 00:00:00,29.2,1000.3,68.0,28.6139,77.209,216.0
AWS-DEL-01,Delhi Safdarjung,2000-08-07 03:00:00,31.4,1001.4,58.0,28.6139,77.209,216.0
AWS-DEL-01,Delhi Safdarjung,2000-08-07 06:00:00,35.0,1001.4,53.0,28.6139,77.209,216.0
AWS-DEL-01,Delhi Safdarjung,2000-08-07 09:00:00,37.6,999.3,42.0,28.6139,77.209,216.0
AWS-DEL-01,Delhi Safdarjung,2000-08-07 12:00:00,36.4,997.3,50.0,28.6139,77.209,216.0
AWS-DEL-01,Delhi Safdarjung,2000-08-07 15:00:00,33.8,998.3,60.0,28.6139,77.209,216.0
AWS-DEL-01,Delhi Safdarjung,2000-08-07 18:00:00,31.6,999.5,74.0,28.6139,77.209,216.0
AWS-DEL-01,Delhi Safdarjung,2000-08-08 00:00:00,30.0,999.8,69.0,28.6139,77.209,216.0
AWS-DEL-01,Delhi Safdarjung,2000-08-08 03:00:00,31.2,1001.1,56.0,28.6139,77.209,216.0
AWS-DEL-01,Delhi Safdarjung,2000-08-08 06:00:00,34.8,1001.1,53.0,28.6139,77.209,216.0
AWS-DEL-01,Delhi Safdarjung,2000-08-08 09:00:00,37.0,999.4,44.0,28.6139,77.209,216.0
AWS-DEL-01,Delhi Safdarjung,2000-08-08 12:00:00,36.2,997.5,50.0,28.6139,77.209,216.0
AWS-DEL-01,Delhi Safdarjung,2000-08-08 15:00:00,32.6,998.6,67.0,28.6139,77.209,216.0
AWS-DEL-01,Delhi Safdarjung,2000-08-08 18:00:00,32.0,999.6,67.0,28.6139,77.209,216.0
AWS-DEL-01,Delhi Safdarjung,2000-08-08 21:00:00,31.2,999.1,71.0,28.6139,77.209,216.0
AWS-DEL-01,Delhi Safdarjung,2000-08-09 00:00:00,29.6,999.4,68.0,28.6139,77.209,216.0
AWS-DEL-01,Delhi Safdarjung,2000-08-09 03:00:00,31.0,1000.7,67.0,28.6139,77.209,216.0
AWS-DEL-01,Delhi Safdarjung,2000-08-09 06:00:00,33.6,1000.3,56.0,28.6139,77.209,216.0
AWS-DEL-01,Delhi Safdarjung,2000-08-09 09:00:00,35.0,998.0,52.0,28.6139,77.209,216.0
AWS-DEL-01,Delhi Safdarjung,2000-08-09 12:00:00,34.6,996.3,59.0,28.6139,77.209,216.0
AWS-DEL-01,Delhi Safdarjung,2000-08-09 15:00:00,31.8,998.2,67.0,28.6139,77.209,216.0
AWS-DEL-01,Delhi Safdarjung,2000-08-09 18:00:00,31.0,999.4,81.0,28.6139,77.209,216.0
AWS-DEL-01,Delhi Safdarjung,2000-08-09 21:00:00,29.4,998.7,79.0,28.6139,77.209,216.0
AWS-DEL-01,Delhi Safdarjung,2000-08-10 00:00:00,28.4,998.9,85.0,28.6139,77.209,216.0
AWS-DEL-01,Delhi Safdarjung,2000-08-10 03:00:00,29.2,1000.6,79.0,28.6139,77.209,216.0
AWS-DEL-01,Delhi Safdarjung,2000-08-10 06:00:00,31.8,1001.3,70.0,28.6139,77.209,216.0
AWS-DEL-01,Delhi Safdarjung,2000-08-10 09:00:00,26.2,1001.3,98.0,28.6139,77.209,216.0
AWS-DEL-01,Delhi Safdarjung,2000-08-10 12:00:00,26.4,1000.4,87.0,28.6139,77.209,216.0
AWS-DEL-01,Delhi Safdarjung,2000-08-10 15:00:00,26.6,1001.0,89.0,28.6139,77.209,216.0
AWS-DEL-01,Delhi Safdarjung,2000-08-10 18:00:00,26.6,1001.9,89.0,28.6139,77.209,216.0
AWS-DEL-01,Delhi Safdarjung,2000-08-10 21:00:00,26.4,1001.1,92.0,28.6139,77.209,216.0
AWS-DEL-01,Delhi Safdarjung,2000-08-11 00:00:00,26.2,1000.7,90.0,28.6139,77.209,216.0
AWS-DEL-01,Delhi Safdarjung,2000-08-11 03:00:00,27.4,1003.1,89.0,28.6139,77.209,216.0
AWS-DEL-01,Delhi Safdarjung,2000-08-11 09:00:00,28.4,999.8,92.0,28.6139,77.209,216.0
AWS-DEL-01,Delhi Safdarjung,2000-08-11 12:00:00,28.6,998.8,82.0,28.6139,77.209,216.0
AWS-DEL-01,Delhi Safdarjung,2000-08-11 15:00:00,28.2,999.8,83.0,28.6139,77.209,216.0
AWS-DEL-01,Delhi Safdarjung,2000-08-11 21:00:00,28.0,1000.7,89.0,28.6139,77.209,216.0
AWS-DEL-01,Delhi Safdarjung,2000-08-12 00:00:00,27.6,1000.8,90.0,28.6139,77.209,216.0
AWS-DEL-01,Delhi Safdarjung,2000-08-12 03:00:00,29.4,1002.3,100.0,28.6139,77.209,216.0
AWS-DEL-01,Delhi Safdarjung,2000-08-12 06:00:00,32.2,1002.6,72.0,28.6139,77.209,216.0
AWS-DEL-01,Delhi Safdarjung,2000-08-12 09:00:00,33.0,1001.0,67.0,28.6139,77.209,216.0
AWS-DEL-01,Delhi Safdarjung,2000-08-12 12:00:00,33.0,999.7,64.0,28.6139,77.209,216.0
AWS-DEL-01,Delhi Safdarjung,2000-08-12 15:00:00,30.4,1001.1,76.0,28.6139,77.209,216.0
AWS-DEL-01,Delhi Safdarjung,2000-08-12 18:00:00,29.6,1003.4,84.0,28.6139,77.209,216.0
AWS-DEL-01,Delhi Safdarjung,2000-08-12 21:00:00,28.6,1003.2,86.5,28.6139,77.209,216.0
AWS-DEL-01,Delhi Safdarjung,2000-08-13 00:00:00,27.6,1003.1,89.0,28.6139,77.209,216.0
AWS-DEL-01,Delhi Safdarjung,2000-08-13 03:00:00,30.2,1004.3,80.0,28.6139,77.209,216.0
AWS-DEL-01,Delhi Safdarjung,2000-08-13 06:00:00,33.8,1003.8,66.0,28.6139,77.209,216.0
AWS-DEL-01,Delhi Safdarjung,2000-08-13 09:00:00,34.8,1001.3,62.0,28.6139,77.209,216.0
AWS-DEL-01,Delhi Safdarjung,2000-08-13 12:00:00,34.6,999.7,63.0,28.6139,77.209,216.0
AWS-DEL-01,Delhi Safdarjung,2000-08-13 15:00:00,31.8,1001.8,71.0,28.6139,77.209,216.0
AWS-DEL-01,Delhi Safdarjung,2000-08-13 18:00:00,30.6,1002.2,70.0,28.6139,77.209,216.0
AWS-DEL-01,Delhi Safdarjung,2000-08-13 21:00:00,29.4,1002.6,75.0,28.6139,77.209,216.0
AWS-DEL-01,Delhi Safdarjung,2000-08-14 00:00:00,28.4,1001.9,85.0,28.6139,77.209,216.0
AWS-DEL-01,Delhi Safdarjung,2000-08-14 03:00:00,29.6,1002.2,81.0,28.6139,77.209,216.0
AWS-DEL-01,Delhi Safdarjung,2000-08-14 06:00:00,33.4,1002.5,68.0,28.6139,77.209,216.0
AWS-DEL-01,Delhi Safdarjung,2000-08-14 09:00:00,32.2,1000.2,69.0,28.6139,77.209,216.0
AWS-DEL-01,Delhi Safdarjung,2000-08-14 12:00:00,27.8,999.1,94.0,28.6139,77.209,216.0
AWS-DEL-01,Delhi Safdarjung,2000-08-14 15:00:00,27.5,1000.8,93.0,28.6139,77.209,216.0
AWS-DEL-01,Delhi Safdarjung,2000-08-14 18:00:00,27.8,1001.3,95.0,28.6139,77.209,216.0
AWS-DEL-01,Delhi Safdarjung,2000-08-14 21:00:00,27.6,1001.8,95.0,28.6139,77.209,216.0
AWS-DEL-01,Delhi Safdarjung,2000-08-15 00:00:00,26.6,1000.3,89.0,28.6139,77.209,216.0
AWS-DEL-01,Delhi Safdarjung,2000-08-15 03:00:00,28.4,1001.9,85.0,28.6139,77.209,216.0
AWS-DEL-01,Delhi Safdarjung,2000-08-15 06:00:00,32.0,1002.2,67.0,28.6139,77.209,216.0
AWS-DEL-01,Delhi Safdarjung,2000-08-15 09:00:00,33.6,1000.3,65.5,28.6139,77.209,216.0
AWS-DEL-01,Delhi Safdarjung,2000-08-15 12:00:00,33.2,998.4,64.0,28.6139,77.209,216.0
AWS-DEL-01,Delhi Safdarjung,2000-08-15 15:00:00,29.4,999.4,72.0,28.6139,77.209,216.0
AWS-DEL-01,Delhi Safdarjung,2000-08-15 18:00:00,23.2,1002.3,96.0,28.6139,77.209,216.0
AWS-DEL-01,Delhi Safdarjung,2000-08-15 21:00:00,24.4,1000.9,96.0,28.6139,77.209,216.0
AWS-DEL-01,Delhi Safdarjung,2000-08-16 00:00:00,24.4,1000.9,96.0,28.6139,77.209,216.0
AWS-DEL-01,Delhi Safdarjung,2000-08-16 03:00:00,24.7,1002.3,95.0,28.6139,77.209,216.0
AWS-DEL-01,Delhi Safdarjung,2000-08-16 06:00:00,26.2,1002.8,94.0,28.6139,77.209,216.0
AWS-DEL-01,Delhi Safdarjung,2000-08-16 09:00:00,28.0,1000.5,90.0,28.6139,77.209,216.0
AWS-DEL-01,Delhi Safdarjung,2000-08-16 12:00:00,29.2,998.1,86.0,28.6139,77.209,216.0
AWS-DEL-01,Delhi Safdarjung,2000-08-16 15:00:00,28.4,998.9,90.0,28.6139,77.209,216.0
AWS-DEL-01,Delhi Safdarjung,2000-08-16 18:00:00,28.2,999.1,83.0,28.6139,77.209,216.0
AWS-DEL-01,Delhi Safdarjung,2000-08-17 00:00:00,26.8,998.9,87.0,28.6139,77.209,216.0
AWS-DEL-01,Delhi Safdarjung,2000-08-17 06:00:00,31.4,1001.1,72.0,28.6139,77.209,216.0
AWS-DEL-01,Delhi Safdarjung,2000-08-17 09:00:00,33.2,997.4,67.0,28.6139,77.209,216.0
AWS-DEL-01,Delhi Safdarjung,2000-08-17 12:00:00,33.2,995.7,66.0,28.6139,77.209,216.0
AWS-DEL-01,Delhi Safdarjung,2000-08-17 15:00:00,31.0,996.6,76.0,28.6139,77.209,216.0
AWS-DEL-01,Delhi Safdarjung,2000-08-17 18:00:00,29.6,997.8,82.0,28.6139,77.209,216.0
AWS-DEL-01,Delhi Safdarjung,2000-08-17 21:00:00,29.0,997.6,79.0,28.6139,77.209,216.0
AWS-DEL-01,Delhi Safdarjung,2000-08-18 00:00:00,27.2,998.5,81.0,28.6139,77.209,216.0
AWS-DEL-01,Delhi Safdarjung,2000-08-18 03:00:00,28.6,999.9,76.0,28.6139,77.209,216.0
AWS-DEL-01,Delhi Safdarjung,2000-08-18 06:00:00,31.8,999.1,67.0,28.6139,77.209,216.0
AWS-DEL-01,Delhi Safdarjung,2000-08-18 09:00:00,32.4,999.8,72.0,28.6139,77.209,216.0
AWS-DEL-01,Delhi Safdarjung,2000-08-18 12:00:00,31.2,998.8,78.0,28.6139,77.209,216.0
AWS-DEL-01,Delhi Safdarjung,2000-08-18 18:00:00,28.6,1001.7,86.0,28.6139,77.209,216.0
AWS-DEL-01,Delhi Safdarjung,2000-08-18 21:00:00,28.0,1000.8,87.0,28.6139,77.209,216.0
AWS-DEL-01,Delhi Safdarjung,2000-08-19 00:00:00,27.2,1001.3,89.0,28.6139,77.209,216.0
AWS-DEL-01,Delhi Safdarjung,2000-08-19 03:00:00,28.4,1002.3,85.0,28.6139,77.209,216.0
AWS-DEL-01,Delhi Safdarjung,2000-08-19 06:00:00,31.2,1002.4,76.0,28.6139,77.209,216.0
AWS-DEL-01,Delhi Safdarjung,2000-08-19 09:00:00,27.6,1000.9,90.0,28.6139,77.209,216.0
AWS-DEL-01,Delhi Safdarjung,2000-08-19 12:00:00,25.6,1000.1,95.0,28.6139,77.209,216.0
AWS-DEL-01,Delhi Safdarjung,2000-08-19 15:00:00,26.6,1001.2,96.0,28.6139,77.209,216.0
AWS-DEL-01,Delhi Safdarjung,2000-08-19 21:00:00,26.4,1001.0,96.0,28.6139,77.209,216.0
AWS-DEL-01,Delhi Safdarjung,2000-08-20 00:00:00,26.4,1000.9,96.0,28.6139,77.209,216.0
AWS-DEL-01,Delhi Safdarjung,2000-08-20 03:00:00,27.0,1002.6,95.0,28.6139,77.209,216.0
AWS-DEL-01,Delhi Safdarjung,2000-08-20 06:00:00,31.0,1001.8,80.0,28.6139,77.209,216.0
AWS-DEL-01,Delhi Safdarjung,2000-08-20 09:00:00,30.0,1000.0,78.0,28.6139,77.209,216.0
AWS-DEL-01,Delhi Safdarjung,2000-08-20 12:00:00,26.0,999.8,95.0,28.6139,77.209,216.0
AWS-DEL-01,Delhi Safdarjung,2000-08-20 15:00:00,26.4,1000.1,94.0,28.6139,77.209,216.0
AWS-DEL-01,Delhi Safdarjung,2000-08-20 18:00:00,26.0,1000.6,98.0,28.6139,77.209,216.0
AWS-DEL-01,Delhi Safdarjung,2000-08-20 21:00:00,26.0,999.8,95.0,28.6139,77.209,216.0
AWS-DEL-01,Delhi Safdarjung,2000-08-21 00:00:00,25.4,999.5,98.0,28.6139,77.209,216.0
AWS-DEL-01,Delhi Safdarjung,2000-08-21 03:00:00,26.8,1000.6,92.0,28.6139,77.209,216.0
AWS-DEL-01,Delhi Safdarjung,2000-08-21 06:00:00,31.2,1000.0,76.0,28.6139,77.209,216.0
AWS-DEL-01,Delhi Safdarjung,2000-08-21 09:00:00,28.4,999.0,94.0,28.6139,77.209,216.0
AWS-DEL-01,Delhi Safdarjung,2000-08-21 12:00:00,29.4,998.1,85.0,28.6139,77.209,216.0
AWS-DEL-01,Delhi Safdarjung,2000-08-21 15:00:00,27.4,999.0,92.0,28.6139,77.209,216.0
AWS-DEL-01,Delhi Safdarjung,2000-08-21 18:00:00,26.4,1000.3,92.0,28.6139,77.209,216.0
AWS-DEL-01,Delhi Safdarjung,2000-08-21 21:00:00,26.0,1000.1,94.0,28.6139,77.209,216.0
AWS-DEL-01,Delhi Safdarjung,2000-08-22 00:00:00,25.6,1000.8,95.0,28.6139,77.209,216.0
AWS-DEL-01,Delhi Safdarjung,2000-08-22 03:00:00,28.0,1002.3,86.0,28.6139,77.209,216.0
AWS-DEL-01,Delhi Safdarjung,2000-08-22 06:00:00,30.0,1002.4,81.0,28.6139,77.209,216.0
AWS-DEL-01,Delhi Safdarjung,2000-08-22 09:00:00,29.8,1002.0,81.0,28.6139,77.209,216.0
AWS-DEL-01,Delhi Safdarjung,2000-08-22 12:00:00,28.4,1000.0,82.0,28.6139,77.209,216.0
AWS-DEL-01,Delhi Safdarjung,2000-08-22 15:00:00,27.0,1001.5,87.0,28.6139,77.209,216.0
AWS-DEL-01,Delhi Safdarjung,2000-08-22 18:00:00,26.6,1002.6,89.0,28.6139,77.209,216.0
AWS-DEL-01,Delhi Safdarjung,2000-08-22 21:00:00,26.4,1001.7,90.0,28.6139,77.209,216.0
AWS-DEL-01,Delhi Safdarjung,2000-08-23 00:00:00,25.8,1002.0,92.0,28.6139,77.209,216.0
AWS-DEL-01,Delhi Safdarjung,2000-08-23 03:00:00,27.2,1003.4,84.0,28.6139,77.209,216.0
AWS-DEL-01,Delhi Safdarjung,2000-08-23 06:00:00,31.8,1003.4,74.0,28.6139,77.209,216.0
AWS-DEL-01,Delhi Safdarjung,2000-08-23 09:00:00,28.6,1002.3,83.0,28.6139,77.209,216.0
AWS-DEL-01,Delhi Safdarjung,2000-08-23 12:00:00,28.6,1001.1,83.0,28.6139,77.209,216.0
AWS-DEL-01,Delhi Safdarjung,2000-08-23 15:00:00,27.4,1001.0,90.0,28.6139,77.209,216.0
AWS-DEL-01,Delhi Safdarjung,2000-08-23 18:00:00,26.0,1002.1,95.0,28.6139,77.209,216.0
AWS-DEL-01,Delhi Safdarjung,2000-08-23 21:00:00,25.6,1001.4,95.0,28.6139,77.209,216.0
AWS-DEL-01,Delhi Safdarjung,2000-08-24 00:00:00,25.4,1001.6,96.0,28.6139,77.209,216.0
AWS-DEL-01,Delhi Safdarjung,2000-08-24 03:00:00,27.6,1002.4,87.0,28.6139,77.209,216.0
AWS-DEL-01,Delhi Safdarjung,2000-08-24 06:00:00,33.4,1001.5,68.0,28.6139,77.209,216.0
AWS-DEL-01,Delhi Safdarjung,2000-08-24 09:00:00,35.0,999.1,58.0,28.6139,77.209,216.0
AWS-DEL-01,Delhi Safdarjung,2000-08-24 12:00:00,34.2,998.1,64.0,28.6139,77.209,216.0
AWS-DEL-01,Delhi Safdarjung,2000-08-24 15:00:00,31.6,999.4,75.0,28.6139,77.209,216.0
AWS-DEL-01,Delhi Safdarjung,2000-08-24 18:00:00,30.2,1000.9,80.0,28.6139,77.209,216.0
AWS-DEL-01,Delhi Safdarjung,2000-08-24 21:00:00,29.4,1000.5,82.0,28.6139,77.209,216.0
AWS-DEL-01,Delhi Safdarjung,2000-08-25 00:00:00,28.8,1001.0,86.0,28.6139,77.209,216.0
AWS-DEL-01,Delhi Safdarjung,2000-08-25 03:00:00,30.4,1002.5,86.0,28.6139,77.209,216.0
AWS-DEL-01,Delhi Safdarjung,2000-08-25 06:00:00,33.4,1002.4,72.0,28.6139,77.209,216.0
AWS-DEL-01,Delhi Safdarjung,2000-08-25 09:00:00,34.4,1000.2,64.0,28.6139,77.209,216.0
AWS-DEL-01,Delhi Safdarjung,2000-08-25 12:00:00,26.4,1001.1,92.0,28.6139,77.209,216.0
AWS-DEL-01,Delhi Safdarjung,2000-08-25 15:00:00,26.6,1001.8,96.0,28.6139,77.209,216.0
AWS-DEL-01,Delhi Safdarjung,2000-08-25 18:00:00,26.4,1002.7,96.0,28.6139,77.209,216.0
AWS-DEL-01,Delhi Safdarjung,2000-08-25 21:00:00,26.0,1002.3,96.0,28.6139,77.209,216.0
AWS-DEL-01,Delhi Safdarjung,2000-08-26 00:00:00,26.0,1002.3,96.0,28.6139,77.209,216.0
AWS-DEL-01,Delhi Safdarjung,2000-08-26 03:00:00,28.4,1004.1,92.0,28.6139,77.209,216.0
AWS-DEL-01,Delhi Safdarjung,2000-08-26 06:00:00,32.0,1003.8,78.0,28.6139,77.209,216.0
AWS-DEL-01,Delhi Safdarjung,2000-08-26 09:00:00,34.4,1001.3,64.0,28.6139,77.209,216.0
AWS-DEL-01,Delhi Safdarjung,2000-08-26 12:00:00,33.0,1000.1,72.0,28.6139,77.209,216.0
AWS-DEL-01,Delhi Safdarjung,2000-08-26 15:00:00,30.0,1001.0,81.0,28.6139,77.209,216.0
AWS-DEL-01,Delhi Safdarjung,2000-08-26 18:00:00,29.2,1002.2,83.0,28.6139,77.209,216.0
AWS-DEL-01,Delhi Safdarjung,2000-08-26 21:00:00,28.8,1001.5,86.0,28.6139,77.209,216.0
AWS-DEL-01,Delhi Safdarjung,2000-08-27 00:00:00,28.0,1001.0,92.0,28.6139,77.209,216.0
AWS-DEL-01,Delhi Safdarjung,2000-08-27 03:00:00,30.0,1002.1,86.0,28.6139,77.209,216.0
AWS-DEL-01,Delhi Safdarjung,2000-08-27 06:00:00,33.6,1001.5,71.0,28.6139,77.209,216.0
AWS-DEL-01,Delhi Safdarjung,2000-08-27 09:00:00,36.0,998.1,61.0,28.6139,77.209,216.0
AWS-DEL-01,Delhi Safdarjung,2000-08-27 12:00:00,34.0,997.2,70.0,28.6139,77.209,216.0
AWS-DEL-01,Delhi Safdarjung,2000-08-27 15:00:00,31.6,998.3,80.0,28.6139,77.209,216.0
AWS-DEL-01,Delhi Safdarjung,2000-08-27 18:00:00,30.4,999.3,83.0,28.6139,77.209,216.0
AWS-DEL-01,Delhi Safdarjung,2000-08-27 21:00:00,29.6,997.9,84.0,28.6139,77.209,216.0
AWS-DEL-01,Delhi Safdarjung,2000-08-28 00:00:00,29.0,998.1,90.0,28.6139,77.209,216.0
AWS-DEL-01,Delhi Safdarjung,2000-08-28 03:00:00,30.0,999.0,80.0,28.6139,77.209,216.0
AWS-DEL-01,Delhi Safdarjung,2000-08-28 06:00:00,33.4,998.6,71.0,28.6139,77.209,216.0
AWS-DEL-01,Delhi Safdarjung,2000-08-28 09:00:00,34.6,996.5,63.0,28.6139,77.209,216.0
AWS-DEL-01,Delhi Safdarjung,2000-08-28 12:00:00,35.0,995.5,61.0,28.6139,77.209,216.0
AWS-DEL-01,Delhi Safdarjung,2000-08-28 15:00:00,31.2,997.5,81.0,28.6139,77.209,216.0
AWS-DEL-01,Delhi Safdarjung,2000-08-28 21:00:00,28.0,997.8,74.0,28.6139,77.209,216.0
AWS-DEL-01,Delhi Safdarjung,2000-08-29 00:00:00,27.0,998.2,83.0,28.6139,77.209,216.0
AWS-DEL-01,Delhi Safdarjung,2000-08-29 06:00:00,32.4,999.2,69.0,28.6139,77.209,216.0
AWS-DEL-01,Delhi Safdarjung,2000-08-29 09:00:00,34.0,996.6,63.0,28.6139,77.209,216.0
AWS-DEL-01,Delhi Safdarjung,2000-08-29 12:00:00,28.2,995.2,92.0,28.6139,77.209,216.0
AWS-DEL-01,Delhi Safdarjung,2000-08-29 15:00:00,28.8,996.1,94.0,28.6139,77.209,216.0
AWS-DEL-01,Delhi Safdarjung,2000-08-29 18:00:00,29.0,997.5,92.0,28.6139,77.209,216.0
AWS-DEL-01,Delhi Safdarjung,2000-08-29 21:00:00,28.6,996.5,90.0,28.6139,77.209,216.0
AWS-DEL-01,Delhi Safdarjung,2000-08-30 00:00:00,27.4,996.8,92.0,28.6139,77.209,216.0
AWS-DEL-01,Delhi Safdarjung,2000-08-30 06:00:00,32.2,998.1,62.0,28.6139,77.209,216.0
AWS-DEL-01,Delhi Safdarjung,2000-08-30 09:00:00,33.6,995.7,56.0,28.6139,77.209,216.0
AWS-DEL-01,Delhi Safdarjung,2000-08-30 12:00:00,32.4,994.7,58.0,28.6139,77.209,216.0
AWS-DEL-01,Delhi Safdarjung,2000-08-30 15:00:00,30.0,996.0,66.0,28.6139,77.209,216.0
AWS-DEL-01,Delhi Safdarjung,2000-08-30 18:00:00,29.6,996.8,68.0,28.6139,77.209,216.0
AWS-DEL-01,Delhi Safdarjung,2000-08-30 21:00:00,29.4,995.4,70.0,28.6139,77.209,216.0
AWS-DEL-01,Delhi Safdarjung,2000-08-31 00:00:00,28.4,995.3,72.0,28.6139,77.209,216.0
AWS-DEL-01,Delhi Safdarjung,2000-08-31 03:00:00,29.2,997.2,68.0,28.6139,77.209,216.0
AWS-DEL-01,Delhi Safdarjung,2000-08-31 06:00:00,32.0,997.5,59.0,28.6139,77.209,216.0
AWS-DEL-01,Delhi Safdarjung,2000-08-31 09:00:00,33.0,996.1,58.0,28.6139,77.209,216.0
AWS-DEL-01,Delhi Safdarjung,2000-08-31 12:00:00,33.2,995.0,56.0,28.6139,77.209,216.0
AWS-DEL-01,Delhi Safdarjung,2000-08-31 15:00:00,30.6,996.3,72.0,28.6139,77.209,216.0
AWS-DEL-01,Delhi Safdarjung,2000-08-31 18:00:00,29.8,997.5,82.0,28.6139,77.209,216.0
AWS-DEL-01,Delhi Safdarjung,2000-08-31 21:00:00,29.0,996.7,88.0,28.6139,77.209,216.0
AWS-DEL-01,Delhi Safdarjung,2000-09-01 00:00:00,27.8,997.2,72.0,28.6139,77.209,216.0
AWS-DEL-01,Delhi Safdarjung,2000-09-01 03:00:00,29.0,999.5,68.0,28.6139,77.209,216.0
AWS-DEL-01,Delhi Safdarjung,2000-09-01 06:00:00,32.0,999.3,62.0,28.6139,77.209,216.0
AWS-DEL-01,Delhi Safdarjung,2000-09-01 09:00:00,34.2,997.4,55.0,28.6139,77.209,216.0
AWS-DEL-01,Delhi Safdarjung,2000-09-01 12:00:00,34.0,995.9,56.0,28.6139,77.209,216.0
AWS-DEL-01,Delhi Safdarjung,2000-09-01 15:00:00,30.6,997.6,72.0,28.6139,77.209,216.0
AWS-DEL-01,Delhi Safdarjung,2000-09-01 18:00:00,30.0,998.7,66.0,28.6139,77.209,216.0
AWS-DEL-01,Delhi Safdarjung,2000-09-01 21:00:00,29.4,998.0,66.0,28.6139,77.209,216.0
AWS-DEL-01,Delhi Safdarjung,2000-09-02 00:00:00,26.8,998.5,74.0,28.6139,77.209,216.0
AWS-DEL-01,Delhi Safdarjung,2000-09-02 03:00:00,28.4,999.8,66.0,28.6139,77.209,216.0
AWS-DEL-01,Delhi Safdarjung,2000-09-02 06:00:00,33.0,1000.1,56.0,28.6139,77.209,216.0
AWS-DEL-01,Delhi Safdarjung,2000-09-02 09:00:00,34.4,997.1,52.0,28.6139,77.209,216.0
AWS-DEL-01,Delhi Safdarjung,2000-09-02 12:00:00,33.6,996.1,56.0,28.6139,77.209,216.0
AWS-DEL-01,Delhi Safdarjung,2000-09-02 15:00:00,31.2,998.1,67.0,28.6139,77.209,216.0
AWS-DEL-01,Delhi Safdarjung,2000-09-02 18:00:00,30.4,999.2,74.0,28.6139,77.209,216.0
AWS-DEL-01,Delhi Safdarjung,2000-09-03 00:00:00,27.4,998.9,84.0,28.6139,77.209,216.0
AWS-DEL-01,Delhi Safdarjung,2000-09-03 03:00:00,28.6,1000.4,70.0,28.6139,77.209,216.0
AWS-DEL-01,Delhi Safdarjung,2000-09-03 06:00:00,32.0,1000.6,67.0,28.6139,77.209,216.0
AWS-DEL-01,Delhi Safdarjung,2000-09-03 09:00:00,29.0,999.5,92.0,28.6139,77.209,216.0
AWS-DEL-01,Delhi Safdarjung,2000-09-03 12:00:00,27.0,999.4,95.0,28.6139,77.209,216.0
AWS-DEL-01,Delhi Safdarjung,2000-09-03 15:00:00,27.0,1000.6,94.0,28.6139,77.209,216.0
AWS-DEL-01,Delhi Safdarjung,2000-09-03 18:00:00,27.4,1000.8,94.0,28.6139,77.209,216.0
AWS-DEL-01,Delhi Safdarjung,2000-09-03 21:00:00,27.0,1001.0,94.0,28.6139,77.209,216.0
AWS-DEL-01,Delhi Safdarjung,2000-09-04 00:00:00,26.8,1001.0,95.0,28.6139,77.209,216.0
AWS-DEL-01,Delhi Safdarjung,2000-09-04 03:00:00,28.6,1002.4,92.0,28.6139,77.209,216.0
AWS-DEL-01,Delhi Safdarjung,2000-09-04 06:00:00,33.2,1002.2,67.0,28.6139,77.209,216.0
AWS-DEL-01,Delhi Safdarjung,2000-09-04 09:00:00,34.4,1000.4,62.0,28.6139,77.209,216.0
AWS-DEL-01,Delhi Safdarjung,2000-09-04 12:00:00,34.0,999.2,65.0,28.6139,77.209,216.0
AWS-DEL-01,Delhi Safdarjung,2000-09-04 15:00:00,32.2,1000.4,69.0,28.6139,77.209,216.0
AWS-DEL-01,Delhi Safdarjung,2000-09-04 18:00:00,29.8,1001.7,82.0,28.6139,77.209,216.0
AWS-DEL-01,Delhi Safdarjung,2000-09-04 21:00:00,29.2,1000.7,85.0,28.6139,77.209,216.0
AWS-DEL-01,Delhi Safdarjung,2000-09-05 00:00:00,28.2,1001.6,86.0,28.6139,77.209,216.0
AWS-DEL-01,Delhi Safdarjung,2000-09-05 03:00:00,29.4,1002.8,75.0,28.6139,77.209,216.0
AWS-DEL-01,Delhi Safdarjung,2000-09-05 06:00:00,32.2,1002.0,69.0,28.6139,77.209,216.0
AWS-DEL-01,Delhi Safdarjung,2000-09-05 09:00:00,34.0,999.3,70.0,28.6139,77.209,216.0
AWS-DEL-01,Delhi Safdarjung,2000-09-05 12:00:00,31.4,998.5,72.0,28.6139,77.209,216.0
AWS-DEL-01,Delhi Safdarjung,2000-09-05 15:00:00,28.6,1000.4,80.0,28.6139,77.209,216.0
AWS-DEL-01,Delhi Safdarjung,2000-09-05 21:00:00,27.6,999.8,87.0,28.6139,77.209,216.0
AWS-DEL-01,Delhi Safdarjung,2000-09-06 00:00:00,27.0,999.7,90.0,28.6139,77.209,216.0
AWS-DEL-01,Delhi Safdarjung,2000-09-06 03:00:00,28.4,1001.4,86.0,28.6139,77.209,216.0
AWS-DEL-01,Delhi Safdarjung,2000-09-06 06:00:00,28.0,1002.3,78.0,28.6139,77.209,216.0
AWS-DEL-01,Delhi Safdarjung,2000-09-06 09:00:00,32.2,999.1,69.0,28.6139,77.209,216.0
AWS-DEL-01,Delhi Safdarjung,2000-09-06 12:00:00,31.5,997.6,74.0,28.6139,77.209,216.0
AWS-DEL-01,Delhi Safdarjung,2000-09-06 15:00:00,29.0,999.9,83.0,28.6139,77.209,216.0
AWS-DEL-01,Delhi Safdarjung,2000-09-06 18:00:00,28.4,1000.7,88.0,28.6139,77.209,216.0
AWS-DEL-01,Delhi Safdarjung,2000-09-06 21:00:00,26.6,1000.2,78.0,28.6139,77.209,216.0
AWS-DEL-01,Delhi Safdarjung,2000-09-07 00:00:00,26.0,1000.4,87.0,28.6139,77.209,216.0
AWS-DEL-01,Delhi Safdarjung,2000-09-07 03:00:00,28.2,1002.3,76.0,28.6139,77.209,216.0
AWS-DEL-01,Delhi Safdarjung,2000-09-07 06:00:00,31.6,1002.5,67.0,28.6139,77.209,216.0
AWS-DEL-01,Delhi Safdarjung,2000-09-07 09:00:00,33.8,1000.1,63.0,28.6139,77.209,216.0
AWS-DEL-01,Delhi Safdarjung,2000-09-07 12:00:00,33.2,999.2,63.0,28.6139,77.209,216.0
AWS-DEL-01,Delhi Safdarjung,2000-09-07 15:00:00,30.4,1001.1,78.0,28.6139,77.209,216.0
AWS-DEL-01,Delhi Safdarjung,2000-09-07 18:00:00,29.4,1002.3,82.0,28.6139,77.209,216.0
AWS-DEL-01,Delhi Safdarjung,2000-09-07 21:00:00,28.6,1001.8,86.0,28.6139,77.209,216.0
AWS-DEL-01,Delhi Safdarjung,2000-09-08 00:00:00,28.0,1002.3,78.0,28.6139,77.209,216.0
AWS-DEL-01,Delhi Safdarjung,2000-09-08 03:00:00,29.0,1003.4,70.0,28.6139,77.209,216.0
AWS-DEL-01,Delhi Safdarjung,2000-09-08 06:00:00,32.8,1004.2,61.0,28.6139,77.209,216.0
AWS-DEL-01,Delhi Safdarjung,2000-09-08 09:00:00,34.8,1001.6,59.0,28.6139,77.209,216.0
AWS-DEL-01,Delhi Safdarjung,2000-09-08 15:00:00,28.4,1003.0,70.0,28.6139,77.209,216.0
AWS-DEL-01,Delhi Safdarjung,2000-09-08 18:00:00,27.4,1003.2,89.0,28.6139,77.209,216.0
AWS-DEL-01,Delhi Safdarjung,2000-09-08 21:00:00,27.2,1002.8,90.0,28.6139,77.209,216.0
AWS-DEL-01,Delhi Safdarjung,2000-09-09 00:00:00,25.4,1003.2,87.0,28.6139,77.209,216.0
AWS-DEL-01,Delhi Safdarjung,2000-09-09 03:00:00,27.6,1003.9,76.0,28.6139,77.209,216.0
AWS-DEL-01,Delhi Safdarjung,2000-09-09 06:00:00,30.8,1003.7,67.0,28.6139,77.209,216.0
AWS-DEL-01,Delhi Safdarjung,2000-09-09 09:00:00,34.0,1001.9,58.0,28.6139,77.209,216.0
AWS-DEL-01,Delhi Safdarjung,2000-09-09 12:00:00,32.4,1000.4,64.0,28.6139,77.209,216.0
AWS-DEL-01,Delhi Safdarjung,2000-09-09 15:00:00,29.2,1001.7,86.0,28.6139,77.209,216.0
AWS-DEL-01,Delhi Safdarjung,2000-09-09 18:00:00,28.6,1003.1,80.0,28.6139,77.209,216.0
AWS-DEL-01,Delhi Safdarjung,2000-09-10 00:00:00,27.0,1002.3,74.0,28.6139,77.209,216.0
AWS-DEL-01,Delhi Safdarjung,2000-09-10 06:00:00,31.6,1002.8,62.0,28.6139,77.209,216.0
AWS-DEL-01,Delhi Safdarjung,2000-09-10 09:00:00,34.0,1000.8,57.0,28.6139,77.209,216.0
AWS-DEL-01,Delhi Safdarjung,2000-09-10 12:00:00,33.4,999.7,60.0,28.6139,77.209,216.0
AWS-DEL-01,Delhi Safdarjung,2000-09-10 15:00:00,30.6,1001.1,72.0,28.6139,77.209,216.0
AWS-DEL-01,Delhi Safdarjung,2000-09-10 18:00:00,28.8,1001.9,75.0,28.6139,77.209,216.0
AWS-DEL-01,Delhi Safdarjung,2000-09-10 21:00:00,28.0,999.1,70.0,28.6139,77.209,216.0
AWS-DEL-01,Delhi Safdarjung,2000-09-11 00:00:00,26.8,1001.3,72.0,28.6139,77.209,216.0
AWS-DEL-01,Delhi Safdarjung,2000-09-11 03:00:00,27.0,1003.1,80.0,28.6139,77.209,216.0
AWS-DEL-01,Delhi Safdarjung,2000-09-11 06:00:00,31.8,1002.9,60.0,28.6139,77.209,216.0
AWS-DEL-01,Delhi Safdarjung,2000-09-11 09:00:00,34.0,1000.8,56.0,28.6139,77.209,216.0
AWS-DEL-01,Delhi Safdarjung,2000-09-11 12:00:00,33.2,999.7,58.0,28.6139,77.209,216.0
AWS-DEL-01,Delhi Safdarjung,2000-09-11 15:00:00,29.4,1001.3,67.0,28.6139,77.209,216.0
AWS-DEL-01,Delhi Safdarjung,2000-09-11 18:00:00,27.8,1002.2,74.0,28.6139,77.209,216.0
AWS-DEL-01,Delhi Safdarjung,2000-09-11 21:00:00,27.0,1001.9,76.0,28.6139,77.209,216.0
AWS-DEL-01,Delhi Safdarjung,2000-09-12 00:00:00,27.0,1002.5,70.0,28.6139,77.209,216.0
AWS-DEL-01,Delhi Safdarjung,2000-09-12 03:00:00,27.8,1005.0,69.0,28.6139,77.209,216.0
AWS-DEL-01,Delhi Safdarjung,2000-09-12 06:00:00,32.0,1004.4,60.0,28.6139,77.209,216.0
AWS-DEL-01,Delhi Safdarjung,2000-09-12 09:00:00,35.2,1002.6,51.0,28.6139,77.209,216.0
AWS-DEL-01,Delhi Safdarjung,2000-09-12 12:00:00,33.0,1001.7,58.0,28.6139,77.209,216.0
AWS-DEL-01,Delhi Safdarjung,2000-09-12 15:00:00,29.6,1004.0,61.0,28.6139,77.209,216.0
AWS-DEL-01,Delhi Safdarjung,2000-09-12 18:00:00,28.0,1004.9,74.0,28.6139,77.209,216.0
AWS-DEL-01,Delhi Safdarjung,2000-09-12 21:00:00,27.0,1004.1,77.0,28.6139,77.209,216.0
AWS-DEL-01,Delhi Safdarjung,2000-09-13 00:00:00,27.0,1004.7,70.0,28.6139,77.209,216.0
AWS-DEL-01,Delhi Safdarjung,2000-09-13 03:00:00,29.0,1006.3,59.0,28.6139,77.209,216.0
AWS-DEL-01,Delhi Safdarjung,2000-09-13 06:00:00,33.0,1006.1,50.0,28.6139,77.209,216.0
AWS-DEL-01,Delhi Safdarjung,2000-09-13 09:00:00,35.0,1004.1,41.0,28.6139,77.209,216.0
AWS-DEL-01,Delhi Safdarjung,2000-09-13 12:00:00,34.8,1003.0,46.0,28.6139,77.209,216.0
AWS-DEL-01,Delhi Safdarjung,2000-09-13 15:00:00,29.8,1004.6,66.0,28.6139,77.209,216.0
AWS-DEL-01,Delhi Safdarjung,2000-09-13 18:00:00,28.0,1005.6,73.0,28.6139,77.209,216.0
AWS-DEL-01,Delhi Safdarjung,2000-09-13 21:00:00,27.2,1005.2,76.0,28.6139,77.209,216.0
AWS-DEL-01,Delhi Safdarjung,2000-09-14 00:00:00,26.8,1005.0,78.0,28.6139,77.209,216.0
AWS-DEL-01,Delhi Safdarjung,2000-09-14 03:00:00,28.0,1006.4,66.0,28.6139,77.209,216.0
AWS-DEL-01,Delhi Safdarjung,2000-09-14 06:00:00,33.2,1006.0,56.0,28.6139,77.209,216.0
AWS-DEL-01,Delhi Safdarjung,2000-09-14 09:00:00,35.0,1003.2,49.0,28.6139,77.209,216.0
AWS-DEL-01,Delhi Safdarjung,2000-09-14 12:00:00,32.2,1002.0,63.0,28.6139,77.209,216.0
AWS-DEL-01,Delhi Safdarjung,2000-09-14 15:00:00,30.4,1002.8,69.0,28.6139,77.209,216.0
AWS-DEL-01,Delhi Safdarjung,2000-09-14 18:00:00,29.4,1003.4,74.0,28.6139,77.209,216.0
AWS-DEL-01,Delhi Safdarjung,2000-09-14 21:00:00,28.4,1002.7,80.0,28.6139,77.209,216.0
AWS-DEL-01,Delhi Safdarjung,2000-09-15 00:00:00,28.0,1002.8,80.0,28.6139,77.209,216.0
AWS-DEL-01,Delhi Safdarjung,2000-09-15 03:00:00,29.6,1004.4,78.0,28.6139,77.209,216.0
AWS-DEL-01,Delhi Safdarjung,2000-09-15 06:00:00,34.0,1004.5,64.0,28.6139,77.209,216.0
AWS-DEL-01,Delhi Safdarjung,2000-09-15 09:00:00,35.2,1002.0,53.0,28.6139,77.209,216.0
AWS-DEL-01,Delhi Safdarjung,2000-09-15 12:00:00,34.4,1001.2,61.0,28.6139,77.209,216.0
AWS-DEL-01,Delhi Safdarjung,2000-09-15 15:00:00,31.4,1002.6,74.0,28.6139,77.209,216.0
AWS-DEL-01,Delhi Safdarjung,2000-09-15 18:00:00,30.0,1003.8,77.0,28.6139,77.209,216.0
AWS-DEL-01,Delhi Safdarjung,2000-09-15 21:00:00,28.4,1002.9,80.0,28.6139,77.209,216.0
AWS-DEL-01,Delhi Safdarjung,2000-09-16 00:00:00,27.0,1003.4,87.0,28.6139,77.209,216.0
AWS-DEL-01,Delhi Safdarjung,2000-09-16 03:00:00,29.0,1005.2,79.0,28.6139,77.209,216.0
AWS-DEL-01,Delhi Safdarjung,2000-09-16 06:00:00,34.2,1004.4,60.0,28.6139,77.209,216.0
AWS-DEL-01,Delhi Safdarjung,2000-09-16 09:00:00,36.0,1002.2,46.0,28.6139,77.209,216.0
AWS-DEL-01,Delhi Safdarjung,2000-09-16 12:00:00,35.0,1001.0,50.0,28.6139,77.209,216.0
AWS-DEL-01,Delhi Safdarjung,2000-09-16 15:00:00,30.2,1003.4,68.0,28.6139,77.209,216.0
AWS-DEL-01,Delhi Safdarjung,2000-09-16 18:00:00,28.2,1004.6,79.0,28.6139,77.209,216.0
AWS-DEL-01,Delhi Safdarjung,2000-09-16 21:00:00,27.4,1004.5,83.0,28.6139,77.209,216.0
AWS-DEL-01,Delhi Safdarjung,2000-09-17 00:00:00,26.2,1004.8,87.0,28.6139,77.209,216.0
AWS-DEL-01,Delhi Safdarjung,2000-09-17 03:00:00,29.2,1005.6,63.0,28.6139,77.209,216.0
AWS-DEL-01,Delhi Safdarjung,2000-09-17 06:00:00,34.6,1005.5,39.0,28.6139,77.209,216.0
AWS-DEL-01,Delhi Safdarjung,2000-09-17 09:00:00,36.6,1003.4,30.0,28.6139,77.209,216.0
AWS-DEL-01,Delhi Safdarjung,2000-09-17 12:00:00,36.4,1002.1,28.0,28.6139,77.209,216.0
AWS-DEL-01,Delhi Safdarjung,2000-09-17 15:00:00,29.6,1004.0,58.0,28.6139,77.209,216.0
AWS-DEL-01,Delhi Safdarjung,2000-09-17 18:00:00,27.0,1004.5,72.0,28.6139,77.209,216.0
AWS-DEL-01,Delhi Safdarjung,2000-09-18 00:00:00,25.4,1004.0,66.0,28.6139,77.209,216.0
AWS-DEL-01,Delhi Safdarjung,2000-09-18 03:00:00,28.4,1005.2,43.0,28.6139,77.209,216.0
AWS-DEL-01,Delhi Safdarjung,2000-09-18 06:00:00,33.6,1004.6,39.0,28.6139,77.209,216.0
AWS-DEL-01,Delhi Safdarjung,2000-09-18 09:00:00,37.0,1002.4,28.0,28.6139,77.209,216.0
AWS-DEL-01,Delhi Safdarjung,2000-09-18 12:00:00,35.6,1001.2,31.0,28.6139,77.209,216.0
AWS-DEL-01,Delhi Safdarjung,2000-09-18 15:00:00,29.4,1003.2,60.0,28.6139,77.209,216.0
AWS-DEL-01,Delhi Safdarjung,2000-09-18 18:00:00,27.2,1003.7,72.0,28.6139,77.209,216.0
AWS-DEL-01,Delhi Safdarjung,2000-09-18 21:00:00,26.4,1003.5,75.0,28.6139,77.209,216.0
AWS-DEL-01,Delhi Safdarjung,2000-09-19 03:00:00,27.8,1006.3,54.0,28.6139,77.209,216.0
AWS-DEL-01,Delhi Safdarjung,2000-09-19 06:00:00,33.6,1006.3,37.0,28.6139,77.209,216.0
AWS-DEL-01,Delhi Safdarjung,2000-09-19 09:00:00,34.4,1004.2,39.0,28.6139,77.209,216.0
AWS-DEL-01,Delhi Safdarjung,2000-09-19 12:00:00,33.4,1003.7,40.0,28.6139,77.209,216.0
AWS-DEL-01,Delhi Safdarjung,2000-09-19 15:00:00,28.4,1006.0,78.0,28.6139,77.209,216.0
AWS-DEL-01,Delhi Safdarjung,2000-09-19 18:00:00,26.0,1007.0,83.0,28.6139,77.209,216.0
AWS-MUM-01,Mumbai Santacruz,2000-01-01 00:00:00,20.0,1009.6,72.0,19.076,72.8777,14.0
AWS-MUM-01,Mumbai Santacruz,2000-01-01 03:00:00,23.4,1012.8,60.0,19.076,72.8777,14.0
AWS-MUM-01,Mumbai Santacruz,2000-01-01 06:00:00,31.0,1013.0,35.0,19.076,72.8777,14.0
AWS-MUM-01,Mumbai Santacruz,2000-01-01 09:00:00,31.8,1009.8,32.0,19.076,72.8777,14.0
AWS-MUM-01,Mumbai Santacruz,2000-01-01 12:00:00,28.6,1009.9,48.0,19.076,72.8777,14.0
AWS-MUM-01,Mumbai Santacruz,2000-01-01 15:00:00,26.0,1011.6,59.0,19.076,72.8777,14.0
AWS-MUM-01,Mumbai Santacruz,2000-01-01 18:00:00,21.4,1012.3,74.0,19.076,72.8777,14.0
AWS-MUM-01,Mumbai Santacruz,2000-01-01 21:00:00,20.0,1011.5,81.0,19.076,72.8777,14.0
AWS-MUM-01,Mumbai Santacruz,2000-01-02 00:00:00,18.8,1011.6,86.0,19.076,72.8777,14.0
AWS-MUM-01,Mumbai Santacruz,2000-01-02 03:00:00,22.0,1013.9,61.0,19.076,72.8777,14.0
AWS-MUM-01,Mumbai Santacruz,2000-01-02 06:00:00,30.6,1014.2,36.0,19.076,72.8777,14.0
AWS-MUM-01,Mumbai Santacruz,2000-01-02 12:00:00,29.8,1008.3,42.0,19.076,72.8777,14.0
AWS-MUM-01,Mumbai Santacruz,2000-01-02 15:00:00,26.0,1010.3,62.0,19.076,72.8777,14.0
AWS-MUM-01,Mumbai Santacruz,2000-01-02 18:00:00,21.8,1012.8,70.0,19.076,72.8777,14.0
AWS-MUM-01,Mumbai Santacruz,2000-01-02 21:00:00,19.4,1011.5,81.0,19.076,72.8777,14.0
AWS-MUM-01,Mumbai Santacruz,2000-01-03 00:00:00,18.8,1011.2,73.0,19.076,72.8777,14.0
AWS-MUM-01,Mumbai Santacruz,2000-01-03 03:00:00,21.8,1013.1,55.0,19.076,72.8777,14.0
AWS-MUM-01,Mumbai Santacruz,2000-01-03 06:00:00,30.2,1012.5,28.0,19.076,72.8777,14.0
AWS-MUM-01,Mumbai Santacruz,2000-01-03 09:00:00,32.1,1010.3,26.0,19.076,72.8777,14.0
AWS-MUM-01,Mumbai Santacruz,2000-01-03 12:00:00,29.6,1009.2,35.0,19.076,72.8777,14.0
AWS-MUM-01,Mumbai Santacruz,2000-01-03 15:00:00,26.0,1010.7,54.0,19.076,72.8777,14.0
AWS-MUM-01,Mumbai Santacruz,2000-01-03 18:00:00,22.0,1012.0,61.0,19.076,72.8777,14.0
AWS-MUM-01,Mumbai Santacruz,2000-01-03 21:00:00,18.6,1011.1,81.0,19.076,72.8777,14.0
AWS-MUM-01,Mumbai Santacruz,2000-01-04 00:00:00,17.8,1010.6,76.0,19.076,72.8777,14.0
AWS-MUM-01,Mumbai Santacruz,2000-01-04 03:00:00,22.2,1012.4,51.0,19.076,72.8777,14.0
AWS-MUM-01,Mumbai Santacruz,2000-01-04 06:00:00,30.6,1012.7,32.0,19.076,72.8777,14.0
AWS-MUM-01,Mumbai Santacruz,2000-01-04 09:00:00,32.2,1010.1,24.0,19.076,72.8777,14.0
AWS-MUM-01,Mumbai Santacruz,2000-01-04 12:00:00,28.0,1009.8,47.0,19.076,72.8777,14.0
AWS-MUM-01,Mumbai Santacruz,2000-01-04 15:00:00,25.4,1011.6,57.0,19.076,72.8777,14.0
AWS-MUM-01,Mumbai Santacruz,2000-01-04 18:00:00,23.8,1012.4,54.0,19.076,72.8777,14.0
AWS-MUM-01,Mumbai Santacruz,2000-01-04 21:00:00,18.6,1011.4,73.0,19.076,72.8777,14.0
AWS-MUM-01,Mumbai Santacruz,2000-01-05 00:00:00,18.8,1011.1,68.0,19.076,72.8777,14.0
AWS-MUM-01,Mumbai Santacruz,2000-01-05 03:00:00,22.4,1013.3,47.0,19.076,72.8777,14.0
AWS-MUM-01,Mumbai Santacruz,2000-01-05 06:00:00,29.6,1013.6,32.0,19.076,72.8777,14.0
AWS-MUM-01,Mumbai Santacruz,2000-01-05 09:00:00,32.0,1010.1,22.0,19.076,72.8777,14.0
AWS-MUM-01,Mumbai Santacruz,2000-01-05 12:00:00,28.2,1009.8,47.0,19.076,72.8777,14.0
AWS-MUM-01,Mumbai Santacruz,2000-01-05 15:00:00,25.2,1011.8,57.0,19.076,72.8777,14.0
AWS-MUM-01,Mumbai Santacruz,2000-01-05 18:00:00,22.8,1012.4,56.0,19.076,72.8777,14.0
AWS-MUM-01,Mumbai Santacruz,2000-01-05 21:00:00,18.6,1011.5,62.0,19.076,72.8777,14.0
AWS-MUM-01,Mumbai Santacruz,2000-01-06 03:00:00,22.4,1014.3,38.0,19.076,72.8777,14.0
AWS-MUM-01,Mumbai Santacruz,2000-01-06 06:00:00,29.0,1014.2,29.0,19.076,72.8777,14.0
AWS-MUM-01,Mumbai Santacruz,2000-01-06 09:00:00,32.2,1011.1,21.0,19.076,72.8777,14.0
AWS-MUM-01,Mumbai Santacruz,2000-01-06 12:00:00,28.0,1010.5,41.0,19.076,72.8777,14.0
AWS-MUM-01,Mumbai Santacruz,2000-01-06 15:00:00,24.6,1015.3,42.5,19.076,72.8777,14.0
AWS-MUM-01,Mumbai Santacruz,2000-01-06 18:00:00,21.2,1010.7,44.0,19.076,72.8777,14.0
AWS-MUM-01,Mumbai Santacruz,2000-01-06 21:00:00,22.2,1011.3,35.0,19.076,72.8777,14.0
AWS-MUM-01,Mumbai Santacruz,2000-01-07 00:00:00,21.0,1011.1,37.0,19.076,72.8777,14.0
AWS-MUM-01,Mumbai Santacruz,2000-01-07 03:00:00,21.0,1013.5,37.0,19.076,72.8777,14.0
AWS-MUM-01,Mumbai Santacruz,2000-01-07 06:00:00,29.2,1013.8,22.0,19.076,72.8777,14.0
AWS-MUM-01,Mumbai Santacruz,2000-01-07 09:00:00,31.8,1010.5,20.0,19.076,72.8777,14.0
AWS-MUM-01,Mumbai Santacruz,2000-01-07 12:00:00,28.6,1009.5,34.0,19.076,72.8777,14.0
AWS-MUM-01,Mumbai Santacruz,2000-01-07 15:00:00,24.8,1011.9,48.0,19.076,72.8777,14.0
AWS-MUM-01,Mumbai Santacruz,2000-01-07 18:00:00,18.8,1012.8,65.0,19.076,72.8777,14.0
AWS-MUM-01,Mumbai Santacruz,2000-01-07 21:00:00,16.6,1011.7,72.0,19.076,72.8777,14.0
AWS-MUM-01,Mumbai Santacruz,2000-01-08 00:00:00,15.2,1011.5,66.0,19.076,72.8777,14.0
AWS-MUM-01,Mumbai Santacruz,2000-01-08 03:00:00,21.0,1013.1,40.0,19.076,72.8777,14.0
AWS-MUM-01,Mumbai Santacruz,2000-01-08 06:00:00,29.4,1011.25,26.0,19.076,72.8777,14.0
AWS-MUM-01,Mumbai Santacruz,2000-01-08 09:00:00,32.8,1009.4,19.0,19.076,72.8777,14.0
AWS-MUM-01,Mumbai Santacruz,2000-01-08 12:00:00,29.0,1008.4,37.0,19.076,72.8777,14.0
AWS-MUM-01,Mumbai Santacruz,2000-01-08 15:00:00,24.6,1010.9,63.0,19.076,72.8777,14.0
AWS-MUM-01,Mumbai Santacruz,2000-01-08 18:00:00,19.6,1011.5,79.0,19.076,72.8777,14.0
AWS-MUM-01,Mumbai Santacruz,2000-01-08 21:00:00,17.0,1009.7,76.0,19.076,72.8777,14.0
AWS-MUM-01,Mumbai Santacruz,2000-01-09 00:00:00,15.6,1010.0,83.0,19.076,72.8777,14.0
AWS-MUM-01,Mumbai Santacruz,2000-01-09 03:00:00,17.6,1012.2,78.0,19.076,72.8777,14.0
AWS-MUM-01,Mumbai Santacruz,2000-01-09 09:00:00,31.6,1009.2,40.0,19.076,72.8777,14.0
AWS-MUM-01,Mumbai Santacruz,2000-01-09 12:00:00,29.2,1008.1,40.0,19.076,72.8777,14.0
AWS-MUM-01,Mumbai Santacruz,2000-01-09 15:00:00,25.4,1010.5,62.0,19.076,72.8777,14.0
AWS-MUM-01,Mumbai Santacruz,2000-01-09 18:00:00,20.0,1010.9,72.0,19.076,72.8777,14.0
AWS-MUM-01,Mumbai Santacruz,2000-01-09 21:00:00,17.0,1009.7,79.0,19.076,72.8777,14.0
AWS-MUM-01,Mumbai Santacruz,2000-01-10 00:00:00,16.0,1009.5,85.0,19.076,72.8777,14.0
AWS-MUM-01,Mumbai Santacruz,2000-01-10 03:00:00,19.4,1011.7,70.0,19.076,72.8777,14.0
AWS-MUM-01,Mumbai Santacruz,2000-01-10 06:00:00,30.6,1011.1,31.0,19.076,72.8777,14.0
AWS-MUM-01,Mumbai Santacruz,2000-01-10 09:00:00,31.0,1008.2,40.0,19.076,72.8777,14.0
AWS-MUM-01,Mumbai Santacruz,2000-01-10 12:00:00,27.8,1007.6,50.0,19.076,72.8777,14.0
AWS-MUM-01,Mumbai Santacruz,2000-01-10 15:00:00,25.4,1009.9,73.0,19.076,72.8777,14.0
AWS-MUM-01,Mumbai Santacruz,2000-01-10 18:00:00,21.6,1010.8,84.0,19.076,72.8777,14.0
AWS-MUM-01,Mumbai Santacruz,2000-01-10 21:00:00,18.6,1009.8,84.0,19.076,72.8777,14.0
AWS-MUM-01,Mumbai Santacruz,2000-01-11 00:00:00,18.6,1009.3,88.0,19.076,72.8777,14.0
AWS-MUM-01,Mumbai Santacruz,2000-01-11 03:00:00,19.8,1011.2,87.0,19.076,72.8777,14.0
AWS-MUM-01,Mumbai Santacruz,2000-01-11 09:00:00,30.2,1009.9,45.0,19.076,72.8777,14.0
AWS-MUM-01,Mumbai Santacruz,2000-01-11 12:00:00,28.6,1008.1,49.0,19.076,72.8777,14.0
AWS-MUM-01,Mumbai Santacruz,2000-01-11 15:00:00,24.2,1010.4,69.0,19.076,72.8777,14.0
AWS-MUM-01,Mumbai Santacruz,2000-01-11 18:00:00,23.8,1011.1,85.0,19.076,72.8777,14.0
AWS-MUM-01,Mumbai Santacruz,2000-01-11 21:00:00,23.0,1010.2,88.0,19.076,72.8777,14.0
AWS-MUM-01,Mumbai Santacruz,2000-01-12 00:00:00,22.2,1009.7,91.0,19.076,72.8777,14.0
AWS-MUM-01,Mumbai Santacruz,2000-01-12 03:00:00,23.0,1012.3,79.0,19.076,72.8777,14.0
AWS-MUM-01,Mumbai Santacruz,2000-01-12 06:00:00,26.8,1012.5,61.0,19.076,72.8777,14.0
AWS-MUM-01,Mumbai Santacruz,2000-01-12 09:00:00,28.6,1009.2,54.0,19.076,72.8777,14.0
AWS-MUM-01,Mumbai Santacruz,2000-01-12 12:00:00,26.0,1010.0,64.0,19.076,72.8777,14.0
AWS-MUM-01,Mumbai Santacruz,2000-01-12 15:00:00,23.8,1012.4,76.0,19.076,72.8777,14.0
AWS-MUM-01,Mumbai Santacruz,2000-01-12 18:00:00,21.2,1012.6,84.0,19.076,72.8777,14.0
AWS-MUM-01,Mumbai Santacruz,2000-01-12 21:00:00,21.0,1011.4,86.0,19.076,72.8777,14.0
AWS-MUM-01,Mumbai Santacruz,2000-01-13 00:00:00,19.4,1011.7,90.0,19.076,72.8777,14.0
AWS-MUM-01,Mumbai Santacruz,2000-01-13 03:00:00,20.2,1013.6,80.0,19.076,72.8777,14.0
AWS-MUM-01,Mumbai Santacruz,2000-01-13 09:00:00,28.6,1009.9,56.0,19.076,72.8777,14.0
AWS-MUM-01,Mumbai Santacruz,2000-01-13 12:00:00,26.0,1009.3,64.0,19.076,72.8777,14.0
AWS-MUM-01,Mumbai Santacruz,2000-01-13 18:00:00,22.6,1011.0,68.0,19.076,72.8777,14.0
AWS-MUM-01,Mumbai Santacruz,2000-01-13 21:00:00,20.6,1010.6,78.0,19.076,72.8777,14.0
AWS-MUM-01,Mumbai Santacruz,2000-01-14 00:00:00,18.8,1009.8,90.0,19.076,72.8777,14.0
AWS-MUM-01,Mumbai Santacruz,2000-01-14 03:00:00,21.4,1011.7,82.0,19.076,72.8777,14.0
AWS-MUM-01,Mumbai Santacruz,2000-01-14 06:00:00,26.8,1010.15,47.0,19.076,72.8777,14.0
AWS-MUM-01,Mumbai Santacruz,2000-01-14 12:00:00,26.0,1008.6,52.0,19.076,72.8777,14.0
AWS-MUM-01,Mumbai Santacruz,2000-01-14 15:00:00,23.4,1010.8,62.0,19.076,72.8777,14.0
AWS-MUM-01,Mumbai Santacruz,2000-01-14 18:00:00,20.0,1011.1,76.0,19.076,72.8777,14.0
AWS-MUM-01,Mumbai Santacruz,2000-01-14 21:00:00,18.4,1010.6,81.0,19.076,72.8777,14.0
AWS-MUM-01,Mumbai Santacruz,2000-01-15 00:00:00,18.0,1010.6,84.0,19.076,72.8777,14.0
AWS-MUM-01,Mumbai Santacruz,2000-01-15 03:00:00,20.8,1012.3,49.0,19.076,72.8777,14.0
AWS-MUM-01,Mumbai Santacruz,2000-01-15 06:00:00,26.0,1011.3,32.0,19.076,72.8777,14.0
AWS-MUM-01,Mumbai Santacruz,2000-01-15 09:00:00,28.0,1009.6,33.0,19.076,72.8777,14.0
AWS-MUM-01,Mumbai Santacruz,2000-01-15 12:00:00,25.2,1009.9,45.0,19.076,72.8777,14.0
AWS-MUM-01,Mumbai Santacruz,2000-01-15 15:00:00,22.4,1012.2,44.0,19.076,72.8777,14.0
AWS-MUM-01,Mumbai Santacruz,2000-01-15 18:00:00,19.4,1013.0,52.0,19.076,72.8777,14.0
AWS-MUM-01,Mumbai Santacruz,2000-01-15 21:00:00,14.8,1011.8,76.0,19.076,72.8777,14.0
AWS-MUM-01,Mumbai Santacruz,2000-01-16 00:00:00,14.0,1011.1,84.0,19.076,72.8777,14.0
AWS-MUM-01,Mumbai Santacruz,2000-01-16 03:00:00,16.4,1012.6,62.0,19.076,72.8777,14.0
AWS-MUM-01,Mumbai Santacruz,2000-01-16 06:00:00,27.0,1012.2,40.0,19.076,72.8777,14.0
AWS-MUM-01,Mumbai Santacruz,2000-01-16 09:00:00,28.8,1010.75,41.0,19.076,72.8777,14.0
AWS-MUM-01,Mumbai Santacruz,2000-01-16 12:00:00,27.0,1009.3,50.0,19.076,72.8777,14.0
AWS-MUM-01,Mumbai Santacruz,2000-01-16 15:00:00,24.4,1011.1,71.0,19.076,72.8777,14.0
AWS-MUM-01,Mumbai Santacruz,2000-01-16 18:00:00,20.8,1011.6,84.0,19.076,72.8777,14.0
AWS-MUM-01,Mumbai Santacruz,2000-01-17 03:00:00,24.0,1013.3,56.0,19.076,72.8777,14.0
AWS-MUM-01,Mumbai Santacruz,2000-01-17 06:00:00,30.4,1013.7,45.0,19.076,72.8777,14.0
AWS-MUM-01,Mumbai Santacruz,2000-01-17 09:00:00,25.0,1010.1,66.0,19.076,72.8777,14.0
AWS-MUM-01,Mumbai Santacruz,2000-01-17 12:00:00,29.4,1009.9,56.0,19.076,72.8777,14.0
AWS-MUM-01,Mumbai Santacruz,2000-01-17 15:00:00,26.6,1012.8,60.0,19.076,72.8777,14.0
AWS-MUM-01,Mumbai Santacruz,2000-01-17 18:00:00,23.6,1013.7,75.0,19.076,72.8777,14.0
AWS-MUM-01,Mumbai Santacruz,2000-01-17 21:00:00,22.0,1012.7,84.0,19.076,72.8777,14.0
AWS-MUM-01,Mumbai Santacruz,2000-01-18 00:00:00,23.0,1012.5,74.0,19.076,72.8777,14.0
AWS-MUM-01,Mumbai Santacruz,2000-01-18 03:00:00,26.4,1014.5,60.0,19.076,72.8777,14.0
AWS-MUM-01,Mumbai Santacruz,2000-01-18 06:00:00,33.6,1015.6,42.0,19.076,72.8777,14.0
AWS-MUM-01,Mumbai Santacruz,2000-01-18 09:00:00,34.2,1012.6,45.0,19.076,72.8777,14.0
AWS-MUM-01,Mumbai Santacruz,2000-01-18 12:00:00,30.8,1012.0,55.0,19.076,72.8777,14.0
AWS-MUM-01,Mumbai Santacruz,2000-01-18 15:00:00,27.6,1014.3,59.0,19.076,72.8777,14.0
AWS-MUM-01,Mumbai Santacruz,2000-01-18 18:00:00,24.8,1015.1,62.0,19.076,72.8777,14.0
AWS-MUM-01,Mumbai Santacruz,2000-01-19 00:00:00,21.8,1013.1,79.0,19.076,72.8777,14.0
AWS-MUM-01,Mumbai Santacruz,2000-01-19 03:00:00,23.4,1015.4,75.0,19.076,72.8777,14.0
AWS-MUM-01,Mumbai Santacruz,2000-01-19 06:00:00,32.6,1016.1,39.0,19.076,72.8777,14.0
AWS-MUM-01,Mumbai Santacruz,2000-01-19 09:00:00,34.0,1012.4,41.0,19.076,72.8777,14.0
AWS-MUM-01,Mumbai Santacruz,2000-01-19 12:00:00,31.0,1011.2,43.0,19.076,72.8777,14.0
AWS-MUM-01,Mumbai Santacruz,2000-01-19 15:00:00,27.0,1013.1,56.0,19.076,72.8777,14.0
AWS-MUM-01,Mumbai Santacruz,2000-01-19 18:00:00,23.8,1013.5,61.0,19.076,72.8777,14.0
AWS-MUM-01,Mumbai Santacruz,2000-01-20 00:00:00,20.6,1011.6,80.0,19.076,72.8777,14.0
AWS-MUM-01,Mumbai Santacruz,2000-01-20 03:00:00,21.2,1013.1,89.0,19.076,72.8777,14.0
AWS-MUM-01,Mumbai Santacruz,2000-01-20 06:00:00,30.0,1013.4,66.0,19.076,72.8777,14.0
AWS-MUM-01,Mumbai Santacruz,2000-01-20 09:00:00,31.2,1009.8,36.0,19.076,72.8777,14.0
AWS-MUM-01,Mumbai Santacruz,2000-01-20 12:00:00,28.2,1009.3,32.0,19.076,72.8777,14.0
AWS-MUM-01,Mumbai Santacruz,2000-01-20 15:00:00,24.6,1011.4,63.0,19.076,72.8777,14.0
AWS-MUM-01,Mumbai Santacruz,2000-01-20 18:00:00,21.4,1012.1,89.0,19.076,72.8777,14.0
AWS-MUM-01,Mumbai Santacruz,2000-01-21 00:00:00,20.7,1010.9,90.5,19.076,72.8777,14.0
AWS-MUM-01,Mumbai Santacruz,2000-01-21 03:00:00,20.0,1013.6,92.0,19.076,72.8777,14.0
AWS-MUM-01,Mumbai Santacruz,2000-01-21 06:00:00,26.6,1014.4,68.0,19.076,72.8777,14.0
AWS-MUM-01,Mumbai Santacruz,2000-01-21 09:00:00,28.0,1011.6,61.0,19.076,72.8777,14.0
AWS-MUM-01,Mumbai Santacruz,2000-01-21 12:00:00,25.8,1011.3,70.0,19.076,72.8777,14.0
AWS-MUM-01,Mumbai Santacruz,2000-01-21 15:00:00,22.8,1013.3,79.0,19.076,72.8777,14.0
AWS-MUM-01,Mumbai Santacruz,2000-01-21 18:00:00,20.0,1012.8,90.0,19.076,72.8777,14.0
AWS-MUM-01,Mumbai Santacruz,2000-01-21 21:00:00,18.4,1011.0,96.0,19.076,72.8777,14.0
AWS-MUM-01,Mumbai Santacruz,2000-01-22 03:00:00,20.0,1013.2,90.0,19.076,72.8777,14.0
AWS-MUM-01,Mumbai Santacruz,2000-01-22 06:00:00,27.6,1014.7,63.0,19.076,72.8777,14.0
AWS-MUM-01,Mumbai Santacruz,2000-01-22 09:00:00,28.0,1012.5,63.0,19.076,72.8777,14.0
AWS-MUM-01,Mumbai Santacruz,2000-01-22 12:00:00,26.2,1012.0,68.0,19.076,72.8777,14.0
AWS-MUM-01,Mumbai Santacruz,2000-01-22 15:00:00,23.4,1014.2,78.0,19.076,72.8777,14.0
AWS-MUM-01,Mumbai Santacruz,2000-01-22 18:00:00,22.4,1014.3,79.0,19.076,72.8777,14.0
AWS-MUM-01,Mumbai Santacruz,2000-01-22 21:00:00,20.0,1013.3,94.0,19.076,72.8777,14.0
AWS-MUM-01,Mumbai Santacruz,2000-01-23 03:00:00,20.4,1015.1,89.0,19.076,72.8777,14.0
AWS-MUM-01,Mumbai Santacruz,2000-01-23 06:00:00,27.8,1015.8,64.0,19.076,72.8777,14.0
AWS-MUM-01,Mumbai Santacruz,2000-01-23 12:00:00,26.8,1011.8,68.0,19.076,72.8777,14.0
AWS-MUM-01,Mumbai Santacruz,2000-01-23 15:00:00,24.0,1013.7,77.0,19.076,72.8777,14.0
AWS-MUM-01,Mumbai Santacruz,2000-01-23 18:00:00,21.0,1013.9,73.0,19.076,72.8777,14.0
AWS-MUM-01,Mumbai Santacruz,2000-01-23 21:00:00,18.4,1013.0,86.0,19.076,72.8777,14.0
AWS-MUM-01,Mumbai Santacruz,2000-01-24 00:00:00,17.6,1012.7,88.0,19.076,72.8777,14.0
AWS-MUM-01,Mumbai Santacruz,2000-01-24 03:00:00,19.0,1015.0,86.0,19.076,72.8777,14.0
AWS-MUM-01,Mumbai Santacruz,2000-01-24 06:00:00,28.4,1015.6,43.0,19.076,72.8777,14.0
AWS-MUM-01,Mumbai Santacruz,2000-01-24 09:00:00,30.6,1012.2,50.0,19.076,72.8777,14.0
AWS-MUM-01,Mumbai Santacruz,2000-01-24 12:00:00,27.4,1012.3,60.0,19.076,72.8777,14.0
AWS-MUM-01,Mumbai Santacruz,2000-01-24 15:00:00,25.0,1013.8,76.0,19.076,72.8777,14.0
AWS-MUM-01,Mumbai Santacruz,2000-01-24 18:00:00,22.0,1013.8,82.0,19.076,72.8777,14.0
AWS-MUM-01,Mumbai Santacruz,2000-01-25 00:00:00,18.0,1012.3,90.0,19.076,72.8777,14.0
AWS-MUM-01,Mumbai Santacruz,2000-01-25 06:00:00,30.0,1014.7,42.0,19.076,72.8777,14.0
AWS-MUM-01,Mumbai Santacruz,2000-01-25 09:00:00,31.6,1012.3,40.0,19.076,72.8777,14.0
AWS-MUM-01,Mumbai Santacruz,2000-01-25 12:00:00,28.8,1012.0,54.0,19.076,72.8777,14.0
AWS-MUM-01,Mumbai Santacruz,2000-01-25 15:00:00,25.2,1013.9,66.0,19.076,72.8777,14.0
AWS-MUM-01,Mumbai Santacruz,2000-01-25 18:00:00,20.8,1014.8,70.0,19.076,72.8777,14.0
AWS-MUM-01,Mumbai Santacruz,2000-01-25 21:00:00,18.8,1013.4,77.0,19.076,72.8777,14.0
AWS-MUM-01,Mumbai Santacruz,2000-01-26 00:00:00,17.0,1013.0,84.0,19.076,72.8777,14.0
AWS-MUM-01,Mumbai Santacruz,2000-01-26 03:00:00,18.6,1014.9,81.0,19.076,72.8777,14.0
AWS-MUM-01,Mumbai Santacruz,2000-01-26 06:00:00,29.4,1014.7,40.0,19.076,72.8777,14.0
AWS-MUM-01,Mumbai Santacruz,2000-01-26 09:00:00,32.0,1012.0,44.0,19.076,72.8777,14.0
AWS-MUM-01,Mumbai Santacruz,2000-01-26 12:00:00,28.6,1011.7,46.0,19.076,72.8777,14.0
AWS-MUM-01,Mumbai Santacruz,2000-01-26 15:00:00,24.6,1013.9,72.0,19.076,72.8777,14.0
AWS-MUM-01,Mumbai Santacruz,2000-01-26 18:00:00,20.2,1014.1,89.0,19.076,72.8777,14.0
AWS-MUM-01,Mumbai Santacruz,2000-01-26 21:00:00,20.8,1013.3,78.0,19.076,72.8777,14.0
AWS-MUM-01,Mumbai Santacruz,2000-01-27 03:00:00,19.8,1014.4,74.0,19.076,72.8777,14.0
AWS-MUM-01,Mumbai Santacruz,2000-01-27 06:00:00,29.2,1014.1,43.0,19.076,72.8777,14.0
AWS-MUM-01,Mumbai Santacruz,2000-01-27 09:00:00,31.6,1011.3,43.0,19.076,72.8777,14.0
AWS-MUM-01,Mumbai Santacruz,2000-01-27 12:00:00,29.0,1010.9,49.0,19.076,72.8777,14.0
AWS-MUM-01,Mumbai Santacruz,2000-01-27 15:00:00,25.6,1013.2,60.0,19.076,72.8777,14.0
AWS-MUM-01,Mumbai Santacruz,2000-01-27 18:00:00,23.2,1013.8,69.0,19.076,72.8777,14.0
AWS-MUM-01,Mumbai Santacruz,2000-01-27 21:00:00,19.8,1012.3,78.0,19.076,72.8777,14.0
AWS-MUM-01,Mumbai Santacruz,2000-01-28 00:00:00,18.4,1011.9,83.0,19.076,72.8777,14.0
AWS-MUM-01,Mumbai Santacruz,2000-01-28 03:00:00,19.4,1014.4,77.0,19.076,72.8777,14.0
AWS-MUM-01,Mumbai Santacruz,2000-01-28 06:00:00,30.2,1014.6,36.0,19.076,72.8777,14.0
AWS-MUM-01,Mumbai Santacruz,2000-01-28 09:00:00,32.8,1011.6,46.0,19.076,72.8777,14.0
AWS-MUM-01,Mumbai Santacruz,2000-01-28 12:00:00,28.0,1011.6,57.0,19.076,72.8777,14.0
AWS-MUM-01,Mumbai Santacruz,2000-01-28 15:00:00,26.0,1013.8,62.0,19.076,72.8777,14.0
AWS-MUM-01,Mumbai Santacruz,2000-01-28 18:00:00,22.0,1014.0,74.0,19.076,72.8777,14.0
AWS-MUM-01,Mumbai Santacruz,2000-01-29 00:00:00,23.2,1013.0,48.0,19.076,72.8777,14.0
AWS-MUM-01,Mumbai Santacruz,2000-01-29 03:00:00,23.8,1015.5,47.0,19.076,72.8777,14.0
AWS-MUM-01,Mumbai Santacruz,2000-01-29 06:00:00,31.2,1015.9,33.0,19.076,72.8777,14.0
AWS-MUM-01,Mumbai Santacruz,2000-01-29 09:00:00,33.0,1013.0,43.0,19.076,72.8777,14.0
AWS-MUM-01,Mumbai Santacruz,2000-01-29 15:00:00,27.0,1014.2,53.0,19.076,72.8777,14.0
AWS-MUM-01,Mumbai Santacruz,2000-01-29 18:00:00,22.0,1014.9,69.0,19.076,72.8777,14.0
AWS-MUM-01,Mumbai Santacruz,2000-01-29 21:00:00,20.0,1014.2,64.0,19.076,72.8777,14.0
AWS-MUM-01,Mumbai Santacruz,2000-01-30 00:00:00,18.4,1014.0,78.0,19.076,72.8777,14.0
AWS-MUM-01,Mumbai Santacruz,2000-01-30 03:00:00,20.4,1015.8,66.0,19.076,72.8777,14.0
AWS-MUM-01,Mumbai Santacruz,2000-01-30 06:00:00,31.2,1016.1,36.0,19.076,72.8777,14.0
AWS-MUM-01,Mumbai Santacruz,2000-01-30 09:00:00,32.8,1013.3,42.0,19.076,72.8777,14.0
AWS-MUM-01,Mumbai Santacruz,2000-01-30 12:00:00,29.2,1012.5,42.0,19.076,72.8777,14.0
AWS-MUM-01,Mumbai Santacruz,2000-01-30 15:00:00,26.2,1014.0,42.0,19.076,72.8777,14.0
AWS-MUM-01,Mumbai Santacruz,2000-01-30 18:00:00,21.8,1015.3,59.0,19.076,72.8777,14.0
AWS-MUM-01,Mumbai Santacruz,2000-01-30 21:00:00,18.4,1014.4,69.0,19.076,72.8777,14.0
AWS-MUM-01,Mumbai Santacruz,2000-01-31 03:00:00,24.4,1016.0,49.0,19.076,72.8777,14.0
AWS-MUM-01,Mumbai Santacruz,2000-01-31 06:00:00,30.4,1015.9,29.0,19.076,72.8777,14.0
AWS-MUM-01,Mumbai Santacruz,2000-01-31 09:00:00,31.4,1012.8,31.0,19.076,72.8777,14.0
AWS-MUM-01,Mumbai Santacruz,2000-01-31 12:00:00,26.6,1012.4,60.0,19.076,72.8777,14.0
AWS-MUM-01,Mumbai Santacruz,2000-01-31 15:00:00,23.8,1013.4,81.0,19.076,72.8777,14.0
AWS-MUM-01,Mumbai Santacruz,2000-01-31 18:00:00,21.0,1014.1,97.0,19.076,72.8777,14.0
AWS-MUM-01,Mumbai Santacruz,2000-01-31 21:00:00,20.0,1012.0,92.0,19.076,72.8777,14.0
AWS-MUM-01,Mumbai Santacruz,2000-02-01 00:00:00,20.2,1011.6,96.0,19.076,72.8777,14.0
AWS-MUM-01,Mumbai Santacruz,2000-02-01 03:00:00,20.4,1013.4,95.0,19.076,72.8777,14.0
AWS-MUM-01,Mumbai Santacruz,2000-02-01 06:00:00,26.4,1014.0,62.0,19.076,72.8777,14.0
AWS-MUM-01,Mumbai Santacruz,2000-02-01 09:00:00,27.8,1010.9,60.0,19.076,72.8777,14.0
AWS-MUM-01,Mumbai Santacruz,2000-02-01 12:00:00,26.2,1009.5,68.0,19.076,72.8777,14.0
AWS-MUM-01,Mumbai Santacruz,2000-02-01 15:00:00,23.8,1011.7,76.0,19.076,72.8777,14.0
AWS-MUM-01,Mumbai Santacruz,2000-02-01 18:00:00,21.0,1011.8,87.0,19.076,72.8777,14.0
AWS-MUM-01,Mumbai Santacruz,2000-02-01 21:00:00,20.0,1010.2,94.0,19.076,72.8777,14.0
AWS-MUM-01,Mumbai Santacruz,2000-02-02 00:00:00,19.6,1010.8,90.0,19.076,72.8777,14.0
AWS-MUM-01,Mumbai Santacruz,2000-02-02 03:00:00,20.8,1012.8,85.0,19.076,72.8777,14.0
AWS-MUM-01,Mumbai Santacruz,2000-02-02 06:00:00,27.2,1013.7,56.0,19.076,72.8777,14.0
AWS-MUM-01,Mumbai Santacruz,2000-02-02 09:00:00,28.0,1012.5,56.0,19.076,72.8777,14.0
AWS-MUM-01,Mumbai Santacruz,2000-02-02 12:00:00,26.3,1011.3,63.5,19.076,72.8777,14.0
AWS-MUM-01,Mumbai Santacruz,2000-02-02 15:00:00,24.6,1013.4,71.0,19.076,72.8777,14.0
AWS-MUM-01,Mumbai Santacruz,2000-02-02 18:00:00,22.4,1014.7,83.0,19.076,72.8777,14.0
AWS-MUM-01,Mumbai Santacruz,2000-02-02 21:00:00,21.2,1013.3,86.0,19.076,72.8777,14.0
AWS-MUM-01,Mumbai Santacruz,2000-02-03 00:00:00,20.6,1013.7,89.0,19.076,72.8777,14.0
AWS-MUM-01,Mumbai Santacruz,2000-02-03 03:00:00,21.8,1016.2,84.0,19.076,72.8777,14.0
AWS-MUM-01,Mumbai Santacruz,2000-02-03 06:00:00,27.0,1016.9,70.5,19.076,72.8777,14.0
AWS-MUM-01,Mumbai Santacruz,2000-02-03 09:00:00,27.2,1013.5,57.0,19.076,72.8777,14.0
AWS-MUM-01,Mumbai Santacruz,2000-02-03 12:00:00,26.0,1012.5,57.0,19.076,72.8777,14.0
AWS-MUM-01,Mumbai Santacruz,2000-02-03 15:00:00,23.6,1014.0,57.0,19.076,72.8777,14.0
AWS-MUM-01,Mumbai Santacruz,2000-02-03 18:00:00,20.0,1014.4,80.0,19.076,72.8777,14.0
AWS-MUM-01,Mumbai Santacruz,2000-02-03 21:00:00,18.0,1012.8,90.0,19.076,72.8777,14.0
AWS-MUM-01,Mumbai Santacruz,2000-02-04 00:00:00,17.4,1012.2,88.0,19.076,72.8777,14.0
AWS-MUM-01,Mumbai Santacruz,2000-02-04 03:00:00,18.8,1014.3,92.0,19.076,72.8777,14.0
AWS-MUM-01,Mumbai Santacruz,2000-02-04 06:00:00,26.4,1014.9,62.0,19.076,72.8777,14.0
AWS-MUM-01,Mumbai Santacruz,2000-02-04 09:00:00,28.0,1011.6,55.0,19.076,72.8777,14.0
AWS-MUM-01,Mumbai Santacruz,2000-02-04 12:00:00,26.2,1010.9,51.0,19.076,72.8777,14.0
AWS-MUM-01,Mumbai Santacruz,2000-02-04 15:00:00,23.0,1012.5,71.0,19.076,72.8777,14.0
AWS-MUM-01,Mumbai Santacruz,2000-02-04 18:00:00,19.4,1013.1,83.0,19.076,72.8777,14.0
AWS-MUM-01,Mumbai Santacruz,2000-02-04 21:00:00,19.2,1011.8,88.0,19.076,72.8777,14.0
AWS-MUM-01,Mumbai Santacruz,2000-02-05 00:00:00,18.8,1011.3,90.0,19.076,72.8777,14.0
AWS-MUM-01,Mumbai Santacruz,2000-02-05 03:00:00,21.0,1013.2,78.0,19.076,72.8777,14.0
AWS-MUM-01,Mumbai Santacruz,2000-02-05 06:00:00,25.0,1013.2,67.0,19.076,72.8777,14.0
AWS-MUM-01,Mumbai Santacruz,2000-02-05 09:00:00,28.0,1010.5,56.0,19.076,72.8777,14.0
AWS-MUM-01,Mumbai Santacruz,2000-02-05 12:00:00,26.2,1009.5,61.0,19.076,72.8777,14.0
AWS-MUM-01,Mumbai Santacruz,2000-02-05 15:00:00,23.2,1011.3,76.0,19.076,72.8777,14.0
AWS-MUM-01,Mumbai Santacruz,2000-02-05 18:00:00,21.4,1011.9,82.0,19.076,72.8777,14.0
AWS-MUM-01,Mumbai Santacruz,2000-02-05 21:00:00,19.4,1010.8,90.0,19.076,72.8777,14.0
AWS-MUM-01,Mumbai Santacruz,2000-02-06 00:00:00,18.8,1010.5,92.0,19.076,72.8777,14.0
AWS-MUM-01,Mumbai Santacruz,2000-02-06 03:00:00,20.4,1013.1,83.0,19.076,72.8777,14.0
AWS-MUM-01,Mumbai Santacruz,2000-02-06 06:00:00,25.2,1013.9,66.0,19.076,72.8777,14.0
AWS-MUM-01,Mumbai Santacruz,2000-02-06 09:00:00,26.8,1011.2,57.0,19.076,72.8777,14.0
AWS-MUM-01,Mumbai Santacruz,2000-02-06 12:00:00,25.8,1010.4,59.0,19.076,72.8777,14.0
AWS-MUM-01,Mumbai Santacruz,2000-02-06 15:00:00,23.6,1012.2,70.0,19.076,72.8777,14.0
AWS-MUM-01,Mumbai Santacruz,2000-02-06 18:00:00,20.6,1012.5,87.0,19.076,72.8777,14.0
AWS-MUM-01,Mumbai Santacruz,2000-02-06 21:00:00,19.0,1011.6,84.0,19.076,72.8777,14.0
AWS-MUM-01,Mumbai Santacruz,2000-02-07 00:00:00,18.8,1010.8,88.0,19.076,72.8777,14.0
AWS-MUM-01,Mumbai Santacruz,2000-02-07 03:00:00,18.8,1013.0,88.0,19.076,72.8777,14.0
AWS-MUM-01,Mumbai Santacruz,2000-02-07 06:00:00,27.6,1013.3,41.0,19.076,72.8777,14.0
AWS-MUM-01,Mumbai Santacruz,2000-02-07 09:00:00,27.0,1010.4,40.0,19.076,72.8777,14.0
AWS-MUM-01,Mumbai Santacruz,2000-02-07 12:00:00,26.0,1009.9,47.0,19.076,72.8777,14.0
AWS-MUM-01,Mumbai Santacruz,2000-02-07 15:00:00,23.2,1011.2,58.0,19.076,72.8777,14.0
AWS-MUM-01,Mumbai Santacruz,2000-02-07 18:00:00,20.0,1011.5,69.0,19.076,72.8777,14.0
AWS-MUM-01,Mumbai Santacruz,2000-02-07 21:00:00,16.6,1009.9,84.0,19.076,72.8777,14.0
AWS-MUM-01,Mumbai Santacruz,2000-02-08 00:00:00,15.0,1009.8,78.0,19.076,72.8777,14.0
AWS-MUM-01,Mumbai Santacruz,2000-02-08 03:00:00,18.0,1012.2,80.0,19.076,72.8777,14.0
AWS-MUM-01,Mumbai Santacruz,2000-02-08 06:00:00,26.0,1012.8,43.0,19.076,72.8777,14.0
AWS-MUM-01,Mumbai Santacruz,2000-02-08 09:00:00,28.0,1009.5,41.0,19.076,72.8777,14.0
AWS-MUM-01,Mumbai Santacruz,2000-02-08 12:00:00,25.4,1008.9,52.0,19.076,72.8777,14.0
AWS-MUM-01,Mumbai Santacruz,2000-02-08 15:00:00,23.2,1010.6,61.0,19.076,72.8777,14.0
AWS-MUM-01,Mumbai Santacruz,2000-02-08 18:00:00,18.4,1011.9,73.0,19.076,72.8777,14.0
AWS-MUM-01,Mumbai Santacruz,2000-02-08 21:00:00,15.8,1011.0,81.0,19.076,72.8777,14.0
AWS-MUM-01,Mumbai Santacruz,2000-02-09 00:00:00,14.4,1010.4,78.0,19.076,72.8777,14.0
AWS-MUM-01,Mumbai Santacruz,2000-02-09 03:00:00,17.0,1012.3,70.0,19.076,72.8777,14.0
AWS-MUM-01,Mumbai Santacruz,2000-02-09 06:00:00,27.6,1012.5,32.0,19.076,72.8777,14.0
AWS-MUM-01,Mumbai Santacruz,2000-02-09 09:00:00,29.2,1009.7,35.0,19.076,72.8777,14.0
AWS-MUM-01,Mumbai Santacruz,2000-02-09 15:00:00,24.4,1010.7,58.0,19.076,72.8777,14.0
AWS-MUM-01,Mumbai Santacruz,2000-02-09 18:00:00,20.4,1011.2,80.0,19.076,72.8777,14.0
AWS-MUM-01,Mumbai Santacruz,2000-02-09 21:00:00,18.2,1011.0,86.0,19.076,72.8777,14.0
AWS-MUM-01,Mumbai Santacruz,2000-02-10 00:00:00,17.2,1010.6,78.0,19.076,72.8777,14.0
AWS-MUM-01,Mumbai Santacruz,2000-02-10 03:00:00,19.6,1012.1,90.0,19.076,72.8777,14.0
AWS-MUM-01,Mumbai Santacruz,2000-02-10 06:00:00,28.0,1012.7,36.0,19.076,72.8777,14.0
AWS-MUM-01,Mumbai Santacruz,2000-02-10 09:00:00,28.2,1010.7,50.0,19.076,72.8777,14.0
AWS-MUM-01,Mumbai Santacruz,2000-02-10 12:00:00,26.0,1010.3,48.0,19.076,72.8777,14.0
AWS-MUM-01,Mumbai Santacruz,2000-02-10 15:00:00,23.4,1012.0,58.0,19.076,72.8777,14.0
AWS-MUM-01,Mumbai Santacruz,2000-02-10 18:00:00,20.0,1012.4,76.0,19.076,72.8777,14.0
AWS-MUM-01,Mumbai Santacruz,2000-02-10 21:00:00,18.8,1011.5,86.0,19.076,72.8777,14.0
AWS-MUM-01,Mumbai Santacruz,2000-02-11 00:00:00,18.8,1010.8,86.0,19.076,72.8777,14.0
AWS-MUM-01,Mumbai Santacruz,2000-02-11 03:00:00,20.2,1012.8,87.0,19.076,72.8777,14.0
AWS-MUM-01,Mumbai Santacruz,2000-02-11 06:00:00,25.8,1013.4,56.0,19.076,72.8777,14.0
AWS-MUM-01,Mumbai Santacruz,2000-02-11 09:00:00,26.4,1010.7,45.0,19.076,72.8777,14.0
AWS-MUM-01,Mumbai Santacruz,2000-02-11 12:00:00,25.4,1011.6,35.0,19.076,72.8777,14.0
AWS-MUM-01,Mumbai Santacruz,2000-02-11 15:00:00,22.2,1012.7,46.0,19.076,72.8777,14.0
AWS-MUM-01,Mumbai Santacruz,2000-02-11 18:00:00,20.6,1013.2,68.0,19.076,72.8777,14.0
AWS-MUM-01,Mumbai Santacruz,2000-02-11 21:00:00,17.6,1012.2,80.0,19.076,72.8777,14.0
AWS-MUM-01,Mumbai Santacruz,2000-02-12 00:00:00,17.6,1011.7,84.0,19.076,72.8777,14.0
AWS-MUM-01,Mumbai Santacruz,2000-02-12 01:00:00,25.0,1014.1,51.0,19.076,72.8777,14.0
AWS-MUM-01,Mumbai Santacruz,2000-02-12 03:00:00,19.4,1014.0,64.0,19.076,72.8777,14.0
AWS-MUM-01,Mumbai Santacruz,2000-02-12 06:00:00,25.1,1014.1,50.0,19.076,72.8777,14.0
AWS-MUM-01,Mumbai Santacruz,2000-02-12 09:00:00,28.0,1011.1,39.0,19.076,72.8777,14.0
AWS-MUM-01,Mumbai Santacruz,2000-02-12 12:00:00,25.4,1010.9,52.0,19.076,72.8777,14.0
AWS-MUM-01,Mumbai Santacruz,2000-02-12 15:00:00,23.0,1012.2,65.0,19.076,72.8777,14.0
AWS-MUM-01,Mumbai Santacruz,2000-02-12 18:00:00,21.4,1012.7,65.0,19.076,72.8777,14.0
AWS-MUM-01,Mumbai Santacruz,2000-02-12 21:00:00,17.0,1011.0,80.0,19.076,72.8777,14.0
AWS-MUM-01,Mumbai Santacruz,2000-02-13 00:00:00,15.6,1010.1,83.0,19.076,72.8777,14.0
AWS-MUM-01,Mumbai Santacruz,2000-02-13 03:00:00,17.4,1012.2,63.0,19.076,72.8777,14.0
AWS-MUM-01,Mumbai Santacruz,2000-02-13 06:00:00,27.6,1011.9,34.0,19.076,72.8777,14.0
AWS-MUM-01,Mumbai Santacruz,2000-02-13 09:00:00,29.0,1008.9,30.0,19.076,72.8777,14.0
AWS-MUM-01,Mumbai Santacruz,2000-02-13 12:00:00,26.6,1008.3,38.0,19.076,72.8777,14.0
AWS-MUM-01,Mumbai Santacruz,2000-02-13 15:00:00,23.2,1008.3,55.0,19.076,72.8777,14.0
AWS-MUM-01,Mumbai Santacruz,2000-02-13 18:00:00,19.8,1011.1,72.0,19.076,72.8777,14.0
AWS-MUM-01,Mumbai Santacruz,2000-02-13 21:00:00,17.6,1008.9,71.0,19.076,72.8777,14.0
AWS-MUM-01,Mumbai Santacruz,2000-02-14 00:00:00,20.8,1008.8,47.0,19.076,72.8777,14.0
AWS-MUM-01,Mumbai Santacruz,2000-02-14 03:00:00,23.8,1011.1,36.0,19.076,72.8777,14.0
AWS-MUM-01,Mumbai Santacruz,2000-02-14 06:00:00,30.2,1011.8,29.0,19.076,72.8777,14.0
AWS-MUM-01,Mumbai Santacruz,2000-02-14 09:00:00,31.0,1009.2,43.0,19.076,72.8777,14.0
AWS-MUM-01,Mumbai Santacruz,2000-02-14 12:00:00,30.2,1011.8,29.0,19.076,72.8777,14.0
AWS-MUM-01,Mumbai Santacruz,2000-02-14 15:00:00,25.6,1010.2,58.0,19.076,72.8777,14.0
AWS-MUM-01,Mumbai Santacruz,2000-02-14 18:00:00,24.0,1011.3,60.0,19.076,72.8777,14.0
AWS-MUM-01,Mumbai Santacruz,2000-02-14 21:00:00,20.6,1009.8,76.0,19.076,72.8777,14.0
AWS-MUM-01,Mumbai Santacruz,2000-02-15 00:00:00,22.8,1009.6,52.0,19.076,72.8777,14.0
AWS-MUM-01,Mumbai Santacruz,2000-02-15 03:00:00,24.0,1011.6,50.0,19.076,72.8777,14.0
AWS-MUM-01,Mumbai Santacruz,2000-02-15 06:00:00,31.0,1012.5,37.0,19.076,72.8777,14.0
AWS-MUM-01,Mumbai Santacruz,2000-02-15 09:00:00,33.2,1009.5,38.0,19.076,72.8777,14.0
AWS-MUM-01,Mumbai Santacruz,2000-02-15 12:00:00,29.2,1009.4,44.0,19.076,72.8777,14.0
AWS-MUM-01,Mumbai Santacruz,2000-02-15 15:00:00,27.6,1010.8,44.0,19.076,72.8777,14.0
AWS-MUM-01,Mumbai Santacruz,2000-02-15 18:00:00,23.0,1011.2,68.0,19.076,72.8777,14.0
AWS-MUM-01,Mumbai Santacruz,2000-02-15 21:00:00,21.4,1009.8,78.0,19.076,72.8777,14.0
AWS-MUM-01,Mumbai Santacruz,2000-02-16 00:00:00,19.6,1009.6,81.0,19.076,72.8777,14.0
AWS-MUM-01,Mumbai Santacruz,2000-02-16 03:00:00,21.8,1012.5,79.0,19.076,72.8777,14.0
AWS-MUM-01,Mumbai Santacruz,2000-02-16 06:00:00,31.0,1013.2,37.0,19.076,72.8777,14.0
AWS-MUM-01,Mumbai Santacruz,2000-02-16 09:00:00,31.4,1010.4,41.0,19.076,72.8777,14.0
AWS-MUM-01,Mumbai Santacruz,2000-02-16 12:00:00,28.0,1009.8,43.0,19.076,72.8777,14.0
AWS-MUM-01,Mumbai Santacruz,2000-02-16 15:00:00,24.2,1011.4,59.0,19.076,72.8777,14.0
AWS-MUM-01,Mumbai Santacruz,2000-02-16 18:00:00,21.0,1011.9,65.0,19.076,72.8777,14.0
AWS-MUM-01,Mumbai Santacruz,2000-02-16 21:00:00,18.8,1010.7,68.0,19.076,72.8777,14.0
AWS-MUM-01,Mumbai Santacruz,2000-02-17 00:00:00,20.0,1010.6,64.0,19.076,72.8777,14.0
AWS-MUM-01,Mumbai Santacruz,2000-02-17 03:00:00,22.0,1012.5,46.0,19.076,72.8777,14.0
AWS-MUM-01,Mumbai Santacruz,2000-02-17 06:00:00,29.8,1010.95,22.0,19.076,72.8777,14.0
AWS-MUM-01,Mumbai Santacruz,2000-02-17 09:00:00,30.4,1009.4,27.0,19.076,72.8777,14.0
AWS-MUM-01,Mumbai Santacruz,2000-02-17 12:00:00,27.8,1007.5,23.0,19.076,72.8777,14.0
AWS-MUM-01,Mumbai Santacruz,2000-02-17 15:00:00,24.0,1009.4,56.0,19.076,72.8777,14.0
AWS-MUM-01,Mumbai Santacruz,2000-02-17 18:00:00,19.6,1010.1,70.0,19.076,72.8777,14.0
AWS-MUM-01,Mumbai Santacruz,2000-02-17 21:00:00,16.2,1009.2,68.0,19.076,72.8777,14.0
AWS-MUM-01,Mumbai Santacruz,2000-02-18 00:00:00,20.6,1008.7,52.0,19.076,72.8777,14.0
AWS-MUM-01,Mumbai Santacruz,2000-02-18 03:00:00,20.4,1011.6,48.0,19.076,72.8777,14.0
AWS-MUM-01,Mumbai Santacruz,2000-02-18 06:00:00,30.0,1011.9,22.0,19.076,72.8777,14.0
AWS-MUM-01,Mumbai Santacruz,2000-02-18 09:00:00,29.8,1008.8,32.0,19.076,72.8777,14.0
AWS-MUM-01,Mumbai Santacruz,2000-02-18 12:00:00,28.0,1007.7,33.0,19.076,72.8777,14.0
AWS-MUM-01,Mumbai Santacruz,2000-02-18 15:00:00,24.0,1008.8,56.0,19.076,72.8777,14.0
AWS-MUM-01,Mumbai Santacruz,2000-02-18 18:00:00,20.0,1009.6,72.0,19.076,72.8777,14.0
AWS-MUM-01,Mumbai Santacruz,2000-02-18 21:00:00,20.4,1008.9,59.0,19.076,72.8777,14.0
AWS-MUM-01,Mumbai Santacruz,2000-02-19 00:00:00,19.6,1009.0,79.0,19.076,72.8777,14.0
AWS-MUM-01,Mumbai Santacruz,2000-02-19 01:00:00,27.6,1011.3,53.0,19.076,72.8777,14.0
AWS-MUM-01,Mumbai Santacruz,2000-02-19 03:00:00,21.0,1011.0,86.0,19.076,72.8777,14.0
AWS-MUM-01,Mumbai Santacruz,2000-02-19 06:00:00,27.6,1011.3,53.0,19.076,72.8777,14.0
AWS-MUM-01,Mumbai Santacruz,2000-02-19 09:00:00,27.6,1008.3,53.0,19.076,72.8777,14.0
AWS-MUM-01,Mumbai Santacruz,2000-02-19 12:00:00,26.0,1007.5,62.0,19.076,72.8777,14.0
AWS-MUM-01,Mumbai Santacruz,2000-02-19 15:00:00,23.0,1009.3,74.0,19.076,72.8777,14.0
AWS-MUM-01,Mumbai Santacruz,2000-02-19 18:00:00,20.4,1010.0,83.0,19.076,72.8777,14.0
AWS-MUM-01,Mumbai Santacruz,2000-02-19 21:00:00,19.2,1008.6,90.0,19.076,72.8777,14.0
AWS-MUM-01,Mumbai Santacruz,2000-02-20 00:00:00,18.8,1007.8,92.0,19.076,72.8777,14.0
AWS-MUM-01,Mumbai Santacruz,2000-02-20 03:00:00,21.0,1010.4,82.0,19.076,72.8777,14.0
AWS-MUM-01,Mumbai Santacruz,2000-02-20 06:00:00,25.4,1011.2,61.0,19.076,72.8777,14.0
AWS-MUM-01,Mumbai Santacruz,2000-02-20 09:00:00,27.6,1008.0,57.0,19.076,72.8777,14.0
AWS-MUM-01,Mumbai Santacruz,2000-02-20 12:00:00,26.2,1007.1,63.0,19.076,72.8777,14.0
AWS-MUM-01,Mumbai Santacruz,2000-02-20 15:00:00,23.4,1008.6,72.0,19.076,72.8777,14.0
AWS-MUM-01,Mumbai Santacruz,2000-02-20 18:00:00,20.8,1009.9,87.0,19.076,72.8777,14.0
AWS-MUM-01,Mumbai Santacruz,2000-02-20 21:00:00,19.8,1009.0,89.0,19.076,72.8777,14.0
AWS-MUM-01,Mumbai Santacruz,2000-02-21 00:00:00,19.0,1009.0,94.0,19.076,72.8777,14.0
AWS-MUM-01,Mumbai Santacruz,2000-02-21 03:00:00,21.2,1010.7,86.0,19.076,72.8777,14.0
AWS-MUM-01,Mumbai Santacruz,2000-02-21 06:00:00,26.0,1011.4,58.0,19.076,72.8777,14.0
AWS-MUM-01,Mumbai Santacruz,2000-02-21 09:00:00,27.2,1009.1,60.0,19.076,72.8777,14.0
AWS-MUM-01,Mumbai Santacruz,2000-02-21 12:00:00,26.2,1007.7,61.0,19.076,72.8777,14.0
AWS-MUM-01,Mumbai Santacruz,2000-02-21 15:00:00,24.2,1010.2,72.0,19.076,72.8777,14.0
AWS-MUM-01,Mumbai Santacruz,2000-02-21 18:00:00,21.4,1010.7,86.0,19.076,72.8777,14.0
AWS-MUM-01,Mumbai Santacruz,2000-02-21 21:00:00,20.0,1009.6,90.0,19.076,72.8777,14.0
AWS-MUM-01,Mumbai Santacruz,2000-02-22 00:00:00,19.4,1009.4,88.0,19.076,72.8777,14.0
AWS-MUM-01,Mumbai Santacruz,2000-02-22 03:00:00,20.6,1011.6,92.0,19.076,72.8777,14.0
AWS-MUM-01,Mumbai Santacruz,2000-02-22 06:00:00,24.3,1011.7,76.5,19.076,72.8777,14.0
AWS-MUM-01,Mumbai Santacruz,2000-02-22 09:00:00,28.0,1009.1,61.0,19.076,72.8777,14.0
AWS-MUM-01,Mumbai Santacruz,2000-02-22 12:00:00,26.8,1008.2,57.0,19.076,72.8777,14.0
AWS-MUM-01,Mumbai Santacruz,2000-02-22 15:00:00,23.2,1009.2,72.0,19.076,72.8777,14.0
AWS-MUM-01,Mumbai Santacruz,2000-02-22 18:00:00,21.2,1010.4,86.0,19.076,72.8777,14.0
AWS-MUM-01,Mumbai Santacruz,2000-02-22 21:00:00,19.6,1009.0,90.0,19.076,72.8777,14.0
AWS-MUM-01,Mumbai Santacruz,2000-02-23 00:00:00,20.0,1008.4,94.0,19.076,72.8777,14.0
AWS-MUM-01,Mumbai Santacruz,2000-02-23 06:00:00,28.6,1011.3,50.0,19.076,72.8777,14.0
AWS-MUM-01,Mumbai Santacruz,2000-02-23 09:00:00,28.8,1009.2,53.0,19.076,72.8777,14.0
AWS-MUM-01,Mumbai Santacruz,2000-02-23 12:00:00,27.0,1008.9,66.0,19.076,72.8777,14.0
AWS-MUM-01,Mumbai Santacruz,2000-02-23 15:00:00,24.6,1010.4,77.0,19.076,72.8777,14.0
AWS-MUM-01,Mumbai Santacruz,2000-02-23 18:00:00,23.2,1011.5,86.0,19.076,72.8777,14.0
AWS-MUM-01,Mumbai Santacruz,2000-02-23 21:00:00,22.0,1010.6,87.0,19.076,72.8777,14.0
AWS-MUM-01,Mumbai Santacruz,2000-02-24 00:00:00,19.6,1009.0,92.0,19.076,72.8777,14.0
AWS-MUM-01,Mumbai Santacruz,2000-02-24 03:00:00,21.6,1012.6,89.0,19.076,72.8777,14.0
AWS-MUM-01,Mumbai Santacruz,2000-02-24 06:00:00,31.2,1013.0,42.0,19.076,72.8777,14.0
AWS-MUM-01,Mumbai Santacruz,2000-02-24 09:00:00,30.0,1010.7,53.0,19.076,72.8777,14.0
AWS-MUM-01,Mumbai Santacruz,2000-02-24 12:00:00,28.6,1009.6,58.0,19.076,72.8777,14.0
AWS-MUM-01,Mumbai Santacruz,2000-02-24 15:00:00,25.6,1011.2,74.0,19.076,72.8777,14.0
AWS-MUM-01,Mumbai Santacruz,2000-02-24 18:00:00,23.2,1012.0,81.0,19.076,72.8777,14.0
AWS-MUM-01,Mumbai Santacruz,2000-02-24 21:00:00,21.0,1010.8,91.0,19.076,72.8777,14.0
AWS-MUM-01,Mumbai Santacruz,2000-02-25 00:00:00,21.6,1010.6,91.0,19.076,72.8777,14.0
AWS-MUM-01,Mumbai Santacruz,2000-02-25 03:00:00,23.8,1012.5,85.0,19.076,72.8777,14.0
AWS-MUM-01,Mumbai Santacruz,2000-02-25 06:00:00,29.0,1012.6,61.0,19.076,72.8777,14.0
AWS-MUM-01,Mumbai Santacruz,2000-02-25 09:00:00,29.0,1010.0,57.0,19.076,72.8777,14.0
AWS-MUM-01,Mumbai Santacruz,2000-02-25 12:00:00,28.6,1008.4,61.0,19.076,72.8777,14.0
AWS-MUM-01,Mumbai Santacruz,2000-02-25 15:00:00,25.4,1010.0,76.0,19.076,72.8777,14.0
AWS-MUM-01,Mumbai Santacruz,2000-02-25 18:00:00,22.0,1010.3,82.0,19.076,72.8777,14.0
AWS-MUM-01,Mumbai Santacruz,2000-02-25 21:00:00,20.4,1008.7,83.0,19.076,72.8777,14.0
AWS-MUM-01,Mumbai Santacruz,2000-02-26 00:00:00,19.6,1007.5,88.0,19.076,72.8777,14.0
AWS-MUM-01,Mumbai Santacruz,2000-02-26 03:00:00,22.6,1010.0,66.0,19.076,72.8777,14.0
AWS-MUM-01,Mumbai Santacruz,2000-02-26 06:00:00,32.0,1010.7,29.0,19.076,72.8777,14.0
AWS-MUM-01,Mumbai Santacruz,2000-02-26 09:00:00,31.4,1008.2,28.0,19.076,72.8777,14.0
AWS-MUM-01,Mumbai Santacruz,2000-02-26 12:00:00,29.0,1007.4,35.0,19.076,72.8777,14.0
AWS-MUM-01,Mumbai Santacruz,2000-02-26 15:00:00,25.6,1009.4,51.0,19.076,72.8777,14.0
AWS-MUM-01,Mumbai Santacruz,2000-02-26 18:00:00,20.4,1010.4,56.0,19.076,72.8777,14.0
AWS-MUM-01,Mumbai Santacruz,2000-02-26 21:00:00,18.2,1008.8,66.0,19.076,72.8777,14.0
AWS-MUM-01,Mumbai Santacruz,2000-02-27 00:00:00,17.2,1008.6,68.0,19.076,72.8777,14.0
AWS-MUM-01,Mumbai Santacruz,2000-02-27 03:00:00,21.2,1010.9,57.0,19.076,72.8777,14.0
AWS-MUM-01,Mumbai Santacruz,2000-02-27 06:00:00,32.8,1010.9,31.0,19.076,72.8777,14.0
AWS-MUM-01,Mumbai Santacruz,2000-02-27 09:00:00,34.0,1008.5,33.0,19.076,72.8777,14.0
AWS-MUM-01,Mumbai Santacruz,2000-02-27 12:00:00,30.4,1007.6,53.0,19.076,72.8777,14.0
AWS-MUM-01,Mumbai Santacruz,2000-02-27 15:00:00,26.6,1009.1,58.0,19.076,72.8777,14.0
AWS-MUM-01,Mumbai Santacruz,2000-02-27 21:00:00,21.2,1009.6,78.0,19.076,72.8777,14.0
AWS-MUM-01,Mumbai Santacruz,2000-02-28 00:00:00,19.4,1010.1,81.0,19.076,72.8777,14.0
AWS-MUM-01,Mumbai Santacruz,2000-02-28 03:00:00,26.7,1012.7,56.0,19.076,72.8777,14.0
AWS-MUM-01,Mumbai Santacruz,2000-02-28 06:00:00,34.0,1013.4,31.0,19.076,72.8777,14.0
AWS-MUM-01,Mumbai Santacruz,2000-02-28 09:00:00,33.4,1010.0,43.0,19.076,72.8777,14.0
AWS-MUM-01,Mumbai Santacruz,2000-02-28 12:00:00,31.2,1009.5,38.0,19.076,72.8777,14.0
AWS-MUM-01,Mumbai Santacruz,2000-02-28 15:00:00,28.0,1011.3,46.0,19.076,72.8777,14.0
AWS-MUM-01,Mumbai Santacruz,2000-02-28 18:00:00,24.4,1012.7,68.0,19.076,72.8777,14.0
AWS-MUM-01,Mumbai Santacruz,2000-02-28 21:00:00,21.2,1011.0,80.0,19.076,72.8777,14.0
AWS-MUM-01,Mumbai Santacruz,2000-02-29 00:00:00,19.0,1011.0,65.0,19.076,72.8777,14.0
AWS-MUM-01,Mumbai Santacruz,2000-02-29 03:00:00,27.0,1012.8,37.0,19.076,72.8777,14.0
AWS-MUM-01,Mumbai Santacruz,2000-02-29 06:00:00,35.2,1012.9,28.0,19.076,72.8777,14.0
AWS-MUM-01,Mumbai Santacruz,2000-02-29 09:00:00,36.4,1009.8,23.0,19.076,72.8777,14.0
AWS-MUM-01,Mumbai Santacruz,2000-02-29 12:00:00,32.0,1008.8,35.0,19.076,72.8777,14.0
AWS-MUM-01,Mumbai Santacruz,2000-02-29 15:00:00,29.4,1010.4,33.0,19.076,72.8777,14.0
AWS-MUM-01,Mumbai Santacruz,2000-02-29 18:00:00,23.6,1011.2,48.0,19.076,72.8777,14.0
AWS-MUM-01,Mumbai Santacruz,2000-02-29 21:00:00,22.0,1009.2,53.0,19.076,72.8777,14.0
AWS-MUM-01,Mumbai Santacruz,2000-03-01 00:00:00,21.4,1008.6,53.0,19.076,72.8777,14.0
AWS-MUM-01,Mumbai Santacruz,2000-03-01 03:00:00,24.6,1011.8,59.0,19.076,72.8777,14.0
AWS-MUM-01,Mumbai Santacruz,2000-03-01 06:00:00,36.8,1011.8,20.0,19.076,72.8777,14.0
AWS-MUM-01,Mumbai Santacruz,2000-03-01 09:00:00,32.8,1008.9,35.0,19.076,72.8777,14.0
AWS-MUM-01,Mumbai Santacruz,2000-03-01 12:00:00,31.2,1007.6,32.0,19.076,72.8777,14.0
AWS-MUM-01,Mumbai Santacruz,2000-03-01 15:00:00,26.6,1010.2,64.0,19.076,72.8777,14.0
AWS-MUM-01,Mumbai Santacruz,2000-03-01 18:00:00,22.4,1010.6,79.0,19.076,72.8777,14.0
AWS-MUM-01,Mumbai Santacruz,2000-03-01 21:00:00,19.6,1009.3,85.0,19.076,72.8777,14.0
AWS-MUM-01,Mumbai Santacruz,2000-03-02 00:00:00,17.8,1009.4,78.0,19.076,72.8777,14.0
AWS-MUM-01,Mumbai Santacruz,2000-03-02 03:00:00,21.4,1011.9,70.0,19.076,72.8777,14.0
AWS-MUM-01,Mumbai Santacruz,2000-03-02 06:00:00,31.6,1012.7,44.0,19.076,72.8777,14.0
AWS-MUM-01,Mumbai Santacruz,2000-03-02 09:00:00,30.0,1010.2,48.0,19.076,72.8777,14.0
AWS-MUM-01,Mumbai Santacruz,2000-03-02 12:00:00,30.2,1009.3,52.0,19.076,72.8777,14.0
AWS-MUM-01,Mumbai Santacruz,2000-03-02 15:00:00,26.0,1011.0,73.0,19.076,72.8777,14.0
AWS-MUM-01,Mumbai Santacruz,2000-03-02 18:00:00,23.0,1011.7,88.0,19.076,72.8777,14.0
AWS-MUM-01,Mumbai Santacruz,2000-03-02 21:00:00,21.0,1010.3,93.0,19.076,72.8777,14.0
AWS-MUM-01,Mumbai Santacruz,2000-03-03 00:00:00,19.2,1010.3,94.0,19.076,72.8777,14.0
AWS-MUM-01,Mumbai Santacruz,2000-03-03 03:00:00,22.0,1012.7,89.0,19.076,72.8777,14.0
AWS-MUM-01,Mumbai Santacruz,2000-03-03 06:00:00,31.0,1013.1,46.0,19.076,72.8777,14.0
AWS-MUM-01,Mumbai Santacruz,2000-03-03 09:00:00,31.6,1010.8,40.0,19.076,72.8777,14.0
AWS-MUM-01,Mumbai Santacruz,2000-03-03 12:00:00,29.6,1010.0,45.0,19.076,72.8777,14.0
AWS-MUM-01,Mumbai Santacruz,2000-03-03 15:00:00,26.0,1011.8,66.0,19.076,72.8777,14.0
AWS-MUM-01,Mumbai Santacruz,2000-03-03 18:00:00,24.0,1012.5,83.0,19.076,72.8777,14.0
AWS-MUM-01,Mumbai Santacruz,2000-03-03 21:00:00,20.6,1011.3,95.0,19.076,72.8777,14.0
AWS-MUM-01,Mumbai Santacruz,2000-03-04 03:00:00,22.0,1012.6,89.0,19.076,72.8777,14.0
AWS-MUM-01,Mumbai Santacruz,2000-03-04 06:00:00,29.0,1013.3,57.0,19.076,72.8777,14.0
AWS-MUM-01,Mumbai Santacruz,2000-03-04 09:00:00,29.4,1010.5,48.0,19.076,72.8777,14.0
AWS-MUM-01,Mumbai Santacruz,2000-03-04 12:00:00,28.0,1009.6,62.0,19.076,72.8777,14.0
AWS-MUM-01,Mumbai Santacruz,2000-03-04 15:00:00,24.2,1010.9,68.0,19.076,72.8777,14.0
AWS-MUM-01,Mumbai Santacruz,2000-03-04 18:00:00,20.6,1011.5,87.0,19.076,72.8777,14.0
AWS-MUM-01,Mumbai Santacruz,2000-03-04 21:00:00,19.8,1010.2,92.0,19.076,72.8777,14.0
AWS-MUM-01,Mumbai Santacruz,2000-03-05 00:00:00,19.6,1010.0,94.0,19.076,72.8777,14.0
AWS-MUM-01,Mumbai Santacruz,2000-03-05 03:00:00,23.4,1012.3,75.0,19.076,72.8777,14.0
AWS-MUM-01,Mumbai Santacruz,2000-03-05 06:00:00,28.8,1012.0,68.0,19.076,72.8777,14.0
AWS-MUM-01,Mumbai Santacruz,2000-03-05 09:00:00,28.4,1009.4,61.0,19.076,72.8777,14.0
AWS-MUM-01,Mumbai Santacruz,2000-03-05 12:00:00,27.0,1008.0,58.0,19.076,72.8777,14.0
AWS-MUM-01,Mumbai Santacruz,2000-03-05 15:00:00,24.0,1009.7,71.0,19.076,72.8777,14.0
AWS-MUM-01,Mumbai Santacruz,2000-03-05 18:00:00,19.6,1010.7,85.0,19.076,72.8777,14.0
AWS-MUM-01,Mumbai Santacruz,2000-03-05 21:00:00,17.4,1009.0,90.0,19.076,72.8777,14.0
AWS-MUM-01,Mumbai Santacruz,2000-03-06 00:00:00,16.8,1008.5,94.0,19.076,72.8777,14.0
AWS-MUM-01,Mumbai Santacruz,2000-03-06 03:00:00,21.8,1011.0,72.0,19.076,72.8777,14.0
AWS-MUM-01,Mumbai Santacruz,2000-03-06 06:00:00,27.2,1011.3,67.33,19.076,72.8777,14.0
AWS-MUM-01,Mumbai Santacruz,2000-03-06 09:00:00,27.6,1009.7,62.67,19.076,72.8777,14.0
AWS-MUM-01,Mumbai Santacruz,2000-03-06 12:00:00,26.2,1009.0,58.0,19.076,72.8777,14.0
AWS-MUM-01,Mumbai Santacruz,2000-03-06 15:00:00,24.0,1011.1,67.0,19.076,72.8777,14.0
AWS-MUM-01,Mumbai Santacruz,2000-03-06 18:00:00,23.6,1011.8,69.0,19.076,72.8777,14.0
AWS-MUM-01,Mumbai Santacruz,2000-03-06 21:00:00,23.0,1011.2,68.0,19.076,72.8777,14.0
AWS-MUM-01,Mumbai Santacruz,2000-03-07 00:00:00,22.2,1010.6,73.0,19.076,72.8777,14.0
AWS-MUM-01,Mumbai Santacruz,2000-03-07 03:00:00,23.4,1013.1,72.0,19.076,72.8777,14.0
AWS-MUM-01,Mumbai Santacruz,2000-03-07 06:00:00,26.8,1013.7,51.0,19.076,72.8777,14.0
AWS-MUM-01,Mumbai Santacruz,2000-03-07 09:00:00,27.4,1010.9,44.0,19.076,72.8777,14.0
AWS-MUM-01,Mumbai Santacruz,2000-03-07 12:00:00,25.8,1010.3,47.0,19.076,72.8777,14.0
AWS-MUM-01,Mumbai Santacruz,2000-03-07 15:00:00,22.8,1011.7,56.0,19.076,72.8777,14.0
AWS-MUM-01,Mumbai Santacruz,2000-03-07 18:00:00,19.6,1013.1,76.0,19.076,72.8777,14.0
AWS-MUM-01,Mumbai Santacruz,2000-03-07 21:00:00,18.0,1012.0,76.0,19.076,72.8777,14.0
AWS-MUM-01,Mumbai Santacruz,2000-03-08 00:00:00,17.0,1011.7,80.0,19.076,72.8777,14.0
AWS-MUM-01,Mumbai Santacruz,2000-03-08 03:00:00,21.0,1013.8,62.0,19.076,72.8777,14.0
AWS-MUM-01,Mumbai Santacruz,2000-03-08 06:00:00,28.8,1013.2,32.0,19.076,72.8777,14.0
AWS-MUM-01,Mumbai Santacruz,2000-03-08 09:00:00,28.8,1010.1,41.0,19.076,72.8777,14.0
AWS-MUM-01,Mumbai Santacruz,2000-03-08 12:00:00,28.0,1008.7,35.0,19.076,72.8777,14.0
AWS-MUM-01,Mumbai Santacruz,2000-03-08 15:00:00,24.8,1009.7,54.0,19.076,72.8777,14.0
AWS-MUM-01,Mumbai Santacruz,2000-03-08 18:00:00,21.0,1010.3,57.0,19.076,72.8777,14.0
AWS-MUM-01,Mumbai Santacruz,2000-03-08 21:00:00,17.6,1009.1,71.0,19.076,72.8777,14.0
AWS-MUM-01,Mumbai Santacruz,2000-03-09 00:00:00,16.0,1009.0,83.0,19.076,72.8777,14.0
AWS-MUM-01,Mumbai Santacruz,2000-03-09 03:00:00,20.0,1011.1,56.0,19.076,72.8777,14.0
AWS-MUM-01,Mumbai Santacruz,2000-03-09 06:00:00,29.0,1011.6,26.0,19.076,72.8777,14.0
AWS-MUM-01,Mumbai Santacruz,2000-03-09 09:00:00,30.2,1009.1,28.0,19.076,72.8777,14.0
AWS-MUM-01,Mumbai Santacruz,2000-03-09 12:00:00,29.0,1008.1,33.0,19.076,72.8777,14.0
AWS-MUM-01,Mumbai Santacruz,2000-03-09 15:00:00,25.0,1009.9,65.0,19.076,72.8777,14.0
AWS-MUM-01,Mumbai Santacruz,2000-03-09 18:00:00,21.4,1010.5,78.0,19.076,72.8777,14.0
AWS-MUM-01,Mumbai Santacruz,2000-03-09 21:00:00,19.2,1009.3,86.0,19.076,72.8777,14.0
AWS-MUM-01,Mumbai Santacruz,2000-03-10 00:00:00,18.2,1009.6,90.0,19.076,72.8777,14.0
AWS-MUM-01,Mumbai Santacruz,2000-03-10 03:00:00,23.2,1011.8,76.0,19.076,72.8777,14.0
AWS-MUM-01,Mumbai Santacruz,2000-03-10 06:00:00,28.8,1011.9,55.0,19.076,72.8777,14.0
AWS-MUM-01,Mumbai Santacruz,2000-03-10 09:00:00,29.0,1009.4,48.5,19.076,72.8777,14.0
AWS-MUM-01,Mumbai Santacruz,2000-03-10 12:00:00,28.0,1008.8,42.0,19.076,72.8777,14.0
AWS-MUM-01,Mumbai Santacruz,2000-03-10 15:00:00,24.0,1010.5,66.0,19.076,72.8777,14.0
AWS-MUM-01,Mumbai Santacruz,2000-03-10 18:00:00,19.4,1010.4,87.0,19.076,72.8777,14.0
AWS-MUM-01,Mumbai Santacruz,2000-03-10 21:00:00,17.4,1009.6,90.0,19.076,72.8777,14.0
AWS-MUM-01,Mumbai Santacruz,2000-03-11 00:00:00,17.0,1009.6,94.0,19.076,72.8777,14.0
AWS-MUM-01,Mumbai Santacruz,2000-03-11 03:00:00,21.4,1012.0,78.0,19.076,72.8777,14.0
AWS-MUM-01,Mumbai Santacruz,2000-03-11 06:00:00,30.0,1012.4,22.0,19.076,72.8777,14.0
AWS-MUM-01,Mumbai Santacruz,2000-03-11 09:00:00,30.4,1009.8,50.0,19.076,72.8777,14.0
AWS-MUM-01,Mumbai Santacruz,2000-03-11 12:00:00,29.0,1008.3,48.0,19.076,72.8777,14.0
AWS-MUM-01,Mumbai Santacruz,2000-03-11 15:00:00,25.4,1010.0,73.0,19.076,72.8777,14.0
AWS-MUM-01,Mumbai Santacruz,2000-03-11 21:00:00,22.4,1009.8,91.0,19.076,72.8777,14.0
AWS-MUM-01,Mumbai Santacruz,2000-03-12 00:00:00,20.0,1008.9,94.0,19.076,72.8777,14.0
AWS-MUM-01,Mumbai Santacruz,2000-03-12 03:00:00,23.2,1011.0,90.0,19.076,72.8777,14.0
AWS-MUM-01,Mumbai Santacruz,2000-03-12 06:00:00,28.8,1011.3,60.0,19.076,72.8777,14.0
AWS-MUM-01,Mumbai Santacruz,2000-03-12 09:00:00,29.6,1009.2,43.0,19.076,72.8777,14.0
AWS-MUM-01,Mumbai Santacruz,2000-03-12 12:00:00,29.0,1008.4,47.0,19.076,72.8777,14.0
AWS-MUM-01,Mumbai Santacruz,2000-03-12 15:00:00,25.0,1009.4,74.0,19.076,72.8777,14.0
AWS-MUM-01,Mumbai Santacruz,2000-03-12 18:00:00,24.4,1009.3,78.0,19.076,72.8777,14.0
AWS-MUM-01,Mumbai Santacruz,2000-03-12 21:00:00,24.4,1007.8,80.0,19.076,72.8777,14.0
AWS-MUM-01,Mumbai Santacruz,2000-03-13 00:00:00,22.8,1007.7,86.0,19.076,72.8777,14.0
AWS-MUM-01,Mumbai Santacruz,2000-03-13 03:00:00,25.0,1010.4,73.0,19.076,72.8777,14.0
AWS-MUM-01,Mumbai Santacruz,2000-03-13 06:00:00,28.6,1010.8,56.0,19.076,72.8777,14.0
AWS-MUM-01,Mumbai Santacruz,2000-03-13 09:00:00,30.0,1008.7,57.0,19.076,72.8777,14.0
AWS-MUM-01,Mumbai Santacruz,2000-03-13 12:00:00,28.2,1007.9,62.0,19.076,72.8777,14.0
AWS-MUM-01,Mumbai Santacruz,2000-03-13 18:00:00,24.2,1010.1,74.0,19.076,72.8777,14.0
AWS-MUM-01,Mumbai Santacruz,2000-03-13 21:00:00,22.8,1009.1,84.0,19.076,72.8777,14.0
AWS-MUM-01,Mumbai Santacruz,2000-03-14 00:00:00,21.8,1009.3,87.0,19.076,72.8777,14.0
AWS-MUM-01,Mumbai Santacruz,2000-03-14 03:00:00,24.4,1011.6,77.0,19.076,72.8777,14.0
AWS-MUM-01,Mumbai Santacruz,2000-03-14 06:00:00,29.4,1011.8,51.0,19.076,72.8777,14.0
AWS-MUM-01,Mumbai Santacruz,2000-03-14 12:00:00,27.4,1010.0,62.5,19.076,72.8777,14.0
AWS-MUM-01,Mumbai Santacruz,2000-03-14 15:00:00,25.0,1011.8,74.0,19.076,72.8777,14.0
AWS-MUM-01,Mumbai Santacruz,2000-03-14 18:00:00,23.4,1012.3,80.0,19.076,72.8777,14.0
AWS-MUM-01,Mumbai Santacruz,2000-03-14 21:00:00,21.0,1010.9,89.0,19.076,72.8777,14.0
AWS-MUM-01,Mumbai Santacruz,2000-03-15 00:00:00,20.0,1011.0,90.0,19.076,72.8777,14.0
AWS-MUM-01,Mumbai Santacruz,2000-03-15 03:00:00,23.0,1013.2,74.0,19.076,72.8777,14.0
AWS-MUM-01,Mumbai Santacruz,2000-03-15 06:00:00,29.6,1013.1,55.0,19.076,72.8777,14.0
AWS-MUM-01,Mumbai Santacruz,2000-03-15 09:00:00,30.0,1009.8,59.0,19.076,72.8777,14.0
AWS-MUM-01,Mumbai Santacruz,2000-03-15 12:00:00,26.8,1009.5,68.0,19.076,72.8777,14.0
AWS-MUM-01,Mumbai Santacruz,2000-03-15 15:00:00,24.8,1011.6,72.0,19.076,72.8777,14.0
AWS-MUM-01,Mumbai Santacruz,2000-03-15 18:00:00,22.2,1012.5,86.0,19.076,72.8777,14.0
AWS-MUM-01,Mumbai Santacruz,2000-03-15 21:00:00,20.6,1011.2,91.0,19.076,72.8777,14.0
AWS-MUM-01,Mumbai Santacruz,2000-03-16 00:00:00,20.2,1011.5,95.0,19.076,72.8777,14.0
AWS-MUM-01,Mumbai Santacruz,2000-03-16 03:00:00,23.4,1013.0,73.0,19.076,72.8777,14.0
AWS-MUM-01,Mumbai Santacruz,2000-03-16 06:00:00,28.2,1012.7,55.0,19.076,72.8777,14.0
AWS-MUM-01,Mumbai Santacruz,2000-03-17 03:00:00,21.6,1010.8,77.0,19.076,72.8777,14.0
AWS-MUM-01,Mumbai Santacruz,2000-03-17 06:00:00,28.0,1010.7,55.0,19.076,72.8777,14.0
AWS-MUM-01,Mumbai Santacruz,2000-03-17 09:00:00,29.0,1007.9,58.0,19.076,72.8777,14.0
AWS-MUM-01,Mumbai Santacruz,2000-03-17 12:00:00,27.6,1007.0,55.0,19.076,72.8777,14.0
AWS-MUM-01,Mumbai Santacruz,2000-03-17 18:00:00,21.2,1009.5,86.0,19.076,72.8777,14.0
AWS-MUM-01,Mumbai Santacruz,2000-03-17 21:00:00,19.4,1008.5,90.0,19.076,72.8777,14.0
AWS-MUM-01,Mumbai Santacruz,2000-03-18 00:00:00,19.0,1008.8,94.0,19.076,72.8777,14.0
AWS-MUM-01,Mumbai Santacruz,2000-03-18 03:00:00,23.4,1011.3,81.0,19.076,72.8777,14.0
AWS-MUM-01,Mumbai Santacruz,2000-03-18 09:00:00,29.6,1008.4,63.0,19.076,72.8777,14.0
AWS-MUM-01,Mumbai Santacruz,2000-03-18 12:00:00,28.8,1007.5,64.0,19.076,72.8777,14.0
AWS-MUM-01,Mumbai Santacruz,2000-03-18 15:00:00,26.0,1009.1,76.0,19.076,72.8777,14.0
AWS-MUM-01,Mumbai Santacruz,2000-03-18 18:00:00,22.8,1010.3,88.0,19.076,72.8777,14.0
AWS-MUM-01,Mumbai Santacruz,2000-03-18 21:00:00,23.8,1009.5,88.0,19.076,72.8777,14.0
AWS-MUM-01,Mumbai Santacruz,2000-03-19 00:00:00,22.2,1009.5,93.0,19.076,72.8777,14.0
AWS-MUM-01,Mumbai Santacruz,2000-03-19 03:00:00,24.0,1011.5,83.0,19.076,72.8777,14.0
AWS-MUM-01,Mumbai Santacruz,2000-03-19 06:00:00,30.8,1012.2,49.0,19.076,72.8777,14.0
AWS-MUM-01,Mumbai Santacruz,2000-03-19 09:00:00,32.8,1008.8,38.0,19.076,72.8777,14.0
AWS-MUM-01,Mumbai Santacruz,2000-03-19 12:00:00,31.4,1007.7,33.0,19.076,72.8777,14.0
AWS-MUM-01,Mumbai Santacruz,2000-03-19 15:00:00,28.0,1008.7,42.0,19.076,72.8777,14.0
AWS-MUM-01,Mumbai Santacruz,2000-03-19 18:00:00,26.0,1009.8,51.0,19.076,72.8777,14.0
AWS-MUM-01,Mumbai Santacruz,2000-03-19 21:00:00,24.0,1008.5,63.0,19.076,72.8777,14.0
AWS-MUM-01,Mumbai Santacruz,2000-03-20 00:00:00,22.4,1007.9,61.0,19.076,72.8777,14.0
AWS-MUM-01,Mumbai Santacruz,2000-03-20 03:00:00,24.4,1010.0,51.0,19.076,72.8777,14.0
AWS-MUM-01,Mumbai Santacruz,2000-03-20 06:00:00,32.4,1010.4,20.0,19.076,72.8777,14.0
AWS-MUM-01,Mumbai Santacruz,2000-03-20 09:00:00,35.4,1007.5,17.0,19.076,72.8777,14.0
AWS-MUM-01,Mumbai Santacruz,2000-03-20 12:00:00,32.4,1006.3,25.0,19.076,72.8777,14.0
AWS-MUM-01,Mumbai Santacruz,2000-03-20 15:00:00,27.0,1007.5,43.0,19.076,72.8777,14.0
AWS-MUM-01,Mumbai Santacruz,2000-03-20 18:00:00,21.0,1009.0,65.0,19.076,72.8777,14.0
AWS-MUM-01,Mumbai Santacruz,2000-03-20 21:00:00,23.4,1008.0,67.0,19.076,72.8777,14.0
AWS-MUM-01,Mumbai Santacruz,2000-03-21 03:00:00,25.6,1010.2,44.0,19.076,72.8777,14.0
AWS-MUM-01,Mumbai Santacruz,2000-03-21 06:00:00,32.4,1010.2,37.0,19.076,72.8777,14.0
AWS-MUM-01,Mumbai Santacruz,2000-03-21 09:00:00,33.6,1007.6,30.0,19.076,72.8777,14.0
AWS-MUM-01,Mumbai Santacruz,2000-03-21 12:00:00,31.4,1006.7,34.0,19.076,72.8777,14.0
AWS-MUM-01,Mumbai Santacruz,2000-03-21 15:00:00,27.2,1007.9,59.0,19.076,72.8777,14.0
AWS-MUM-01,Mumbai Santacruz,2000-03-21 18:00:00,25.2,1009.7,68.0,19.076,72.8777,14.0
AWS-MUM-01,Mumbai Santacruz,2000-03-21 21:00:00,21.0,1008.8,84.0,19.076,72.8777,14.0
AWS-MUM-01,Mumbai Santacruz,2000-03-22 00:00:00,20.0,1009.2,90.0,19.076,72.8777,14.0
AWS-MUM-01,Mumbai Santacruz,2000-03-22 03:00:00,25.4,1011.3,69.0,19.076,72.8777,14.0
AWS-MUM-01,Mumbai Santacruz,2000-03-22 06:00:00,30.2,1011.3,59.0,19.076,72.8777,14.0
AWS-MUM-01,Mumbai Santacruz,2000-03-22 09:00:00,30.6,1008.7,63.33,19.076,72.8777,14.0
AWS-MUM-01,Mumbai Santacruz,2000-03-22 12:00:00,28.6,1008.0,67.67,19.076,72.8777,14.0
AWS-MUM-01,Mumbai Santacruz,2000-03-22 15:00:00,25.6,1010.0,72.0,19.076,72.8777,14.0
AWS-MUM-01,Mumbai Santacruz,2000-03-22 18:00:00,22.4,1010.3,87.0,19.076,72.8777,14.0
AWS-MUM-01,Mumbai Santacruz,2000-03-22 21:00:00,21.8,1010.1,87.0,19.076,72.8777,14.0
AWS-MUM-01,Mumbai Santacruz,2000-03-23 00:00:00,20.2,1009.7,95.0,19.076,72.8777,14.0
AWS-MUM-01,Mumbai Santacruz,2000-03-23 03:00:00,23.0,1012.7,79.0,19.076,72.8777,14.0
AWS-MUM-01,Mumbai Santacruz,2000-03-23 06:00:00,33.4,1012.4,22.0,19.076,72.8777,14.0
AWS-MUM-01,Mumbai Santacruz,2000-03-23 09:00:00,34.0,1008.4,31.0,19.076,72.8777,14.0
AWS-MUM-01,Mumbai Santacruz,2000-03-23 12:00:00,32.4,1007.4,28.0,19.076,72.8777,14.0
AWS-MUM-01,Mumbai Santacruz,2000-03-23 15:00:00,28.4,1008.1,45.0,19.076,72.8777,14.0
AWS-MUM-01,Mumbai Santacruz,2000-03-23 18:00:00,25.0,1010.3,50.0,19.076,72.8777,14.0
AWS-MUM-01,Mumbai Santacruz,2000-03-23 21:00:00,21.0,1008.7,68.0,19.076,72.8777,14.0
AWS-MUM-01,Mumbai Santacruz,2000-03-24 03:00:00,25.6,1011.1,33.0,19.076,72.8777,14.0
AWS-MUM-01,Mumbai Santacruz,2000-03-24 06:00:00,35.2,1010.7,19.0,19.076,72.8777,14.0
AWS-MUM-01,Mumbai Santacruz,2000-03-24 09:00:00,36.4,1008.3,24.0,19.076,72.8777,14.0
AWS-MUM-01,Mumbai Santacruz,2000-03-24 12:00:00,33.6,1007.0,32.0,19.076,72.8777,14.0
AWS-MUM-01,Mumbai Santacruz,2000-03-24 15:00:00,31.0,1008.7,33.0,19.076,72.8777,14.0
AWS-MUM-01,Mumbai Santacruz,2000-03-24 18:00:00,29.0,1009.5,37.0,19.076,72.8777,14.0
AWS-MUM-01,Mumbai Santacruz,2000-03-24 21:00:00,24.0,1008.5,49.0,19.076,72.8777,14.0
AWS-MUM-01,Mumbai Santacruz,2000-03-25 00:00:00,27.2,1008.7,26.0,19.076,72.8777,14.0
AWS-MUM-01,Mumbai Santacruz,2000-03-25 03:00:00,30.2,1010.4,17.0,19.076,72.8777,14.0
AWS-MUM-01,Mumbai Santacruz,2000-03-25 06:00:00,37.2,1010.0,15.0,19.076,72.8777,14.0
AWS-MUM-01,Mumbai Santacruz,2000-03-25 09:00:00,37.4,1007.5,32.0,19.076,72.8777,14.0
AWS-MUM-01,Mumbai Santacruz,2000-03-25 12:00:00,32.0,1007.7,49.0,19.076,72.8777,14.0
AWS-MUM-01,Mumbai Santacruz,2000-03-25 15:00:00,28.0,1009.8,60.0,19.076,72.8777,14.0
AWS-MUM-01,Mumbai Santacruz,2000-03-25 18:00:00,26.0,1011.1,69.0,19.076,72.8777,14.0
AWS-MUM-01,Mumbai Santacruz,2000-03-25 21:00:00,24.2,1009.5,74.0,19.076,72.8777,14.0
AWS-MUM-01,Mumbai Santacruz,2000-03-26 00:00:00,23.6,1009.2,72.0,19.076,72.8777,14.0
AWS-MUM-01,Mumbai Santacruz,2000-03-26 03:00:00,27.4,1010.9,58.0,19.076,72.8777,14.0
AWS-MUM-01,Mumbai Santacruz,2000-03-26 06:00:00,33.6,1011.0,47.0,19.076,72.8777,14.0
AWS-MUM-01,Mumbai Santacruz,2000-03-26 09:00:00,32.4,1008.7,56.0,19.076,72.8777,14.0
AWS-MUM-01,Mumbai Santacruz,2000-03-26 12:00:00,31.4,1007.4,48.0,19.076,72.8777,14.0
AWS-MUM-01,Mumbai Santacruz,2000-03-26 15:00:00,27.0,1009.0,56.0,19.076,72.8777,14.0
AWS-MUM-01,Mumbai Santacruz,2000-03-26 18:00:00,22.4,1009.6,84.0,19.076,72.8777,14.0
AWS-MUM-01,Mumbai Santacruz,2000-03-26 21:00:00,23.0,1009.5,74.0,19.076,72.8777,14.0
AWS-MUM-01,Mumbai Santacruz,2000-03-27 00:00:00,22.0,1008.7,82.0,19.076,72.8777,14.0
AWS-MUM-01,Mumbai Santacruz,2000-03-27 03:00:00,25.4,1010.3,76.0,19.076,72.8777,14.0
AWS-MUM-01,Mumbai Santacruz,2000-03-27 06:00:00,35.6,1010.0,24.0,19.076,72.8777,14.0
AWS-MUM-01,Mumbai Santacruz,2000-03-27 09:00:00,35.4,1007.2,40.0,19.076,72.8777,14.0
AWS-MUM-01,Mumbai Santacruz,2000-03-27 12:00:00,33.6,1006.3,30.0,19.076,72.8777,14.0
AWS-MUM-01,Mumbai Santacruz,2000-03-27 18:00:00,25.0,1009.2,54.0,19.076,72.8777,14.0
AWS-MUM-01,Mumbai Santacruz,2000-03-27 21:00:00,24.4,1008.0,72.0,19.076,72.8777,14.0
AWS-MUM-01,Mumbai Santacruz,2000-03-28 00:00:00,23.2,1007.9,80.0,19.076,72.8777,14.0
AWS-MUM-01,Mumbai Santacruz,2000-03-28 03:00:00,27.0,1009.4,66.0,19.076,72.8777,14.0
AWS-MUM-01,Mumbai Santacruz,2000-03-28 06:00:00,37.0,1009.2,18.0,19.076,72.8777,14.0
AWS-MUM-01,Mumbai Santacruz,2000-03-28 09:00:00,32.0,1006.9,44.0,19.076,72.8777,14.0
AWS-MUM-01,Mumbai Santacruz,2000-03-28 12:00:00,34.4,1006.3,26.0,19.076,72.8777,14.0
AWS-MUM-01,Mumbai Santacruz,2000-03-28 15:00:00,30.0,1008.0,47.0,19.076,72.8777,14.0
AWS-MUM-01,Mumbai Santacruz,2000-03-28 21:00:00,25.6,1008.0,90.0,19.076,72.8777,14.0
AWS-MUM-01,Mumbai Santacruz,2000-03-29 00:00:00,26.4,1008.4,89.0,19.076,72.8777,14.0
AWS-MUM-01,Mumbai Santacruz,2000-03-29 03:00:00,27.4,1010.2,84.0,19.076,72.8777,14.0
AWS-MUM-01,Mumbai Santacruz,2000-03-29 06:00:00,31.6,1009.8,71.0,19.076,72.8777,14.0
AWS-MUM-01,Mumbai Santacruz,2000-03-29 09:00:00,33.2,1007.3,47.0,19.076,72.8777,14.0
AWS-MUM-01,Mumbai Santacruz,2000-03-29 12:00:00,30.4,1007.1,73.0,19.076,72.8777,14.0
AWS-MUM-01,Mumbai Santacruz,2000-03-29 15:00:00,28.2,1009.4,74.0,19.076,72.8777,14.0
AWS-MUM-01,Mumbai Santacruz,2000-03-29 18:00:00,27.6,1010.1,83.0,19.076,72.8777,14.0
AWS-MUM-01,Mumbai Santacruz,2000-03-29 21:00:00,27.0,1008.4,89.0,19.076,72.8777,14.0
AWS-MUM-01,Mumbai Santacruz,2000-03-30 00:00:00,26.6,1008.3,90.0,19.076,72.8777,14.0
AWS-MUM-01,Mumbai Santacruz,2000-03-30 03:00:00,28.2,1010.9,82.0,19.076,72.8777,14.0
AWS-MUM-01,Mumbai Santacruz,2000-03-30 06:00:00,35.4,1009.8,36.0,19.076,72.8777,14.0
AWS-MUM-01,Mumbai Santacruz,2000-03-30 09:00:00,31.8,1007.0,60.0,19.076,72.8777,14.0
AWS-MUM-01,Mumbai Santacruz,2000-03-30 12:00:00,31.4,1005.5,41.0,19.076,72.8777,14.0
AWS-MUM-01,Mumbai Santacruz,2000-03-30 15:00:00,28.2,1007.9,72.0,19.076,72.8777,14.0
AWS-MUM-01,Mumbai Santacruz,2000-03-30 18:00:00,26.8,1008.6,78.0,19.076,72.8777,14.0
AWS-MUM-01,Mumbai Santacruz,2000-03-30 21:00:00,24.0,1007.6,88.0,19.076,72.8777,14.0
AWS-MUM-01,Mumbai Santacruz,2000-03-31 00:00:00,22.8,1007.3,93.0,19.076,72.8777,14.0
AWS-MUM-01,Mumbai Santacruz,2000-03-31 03:00:00,26.2,1009.5,79.0,19.076,72.8777,14.0
AWS-MUM-01,Mumbai Santacruz,2000-03-31 06:00:00,31.0,1008.4,67.0,19.076,72.8777,14.0
AWS-MUM-01,Mumbai Santacruz,2000-03-31 09:00:00,31.8,1005.7,64.0,19.076,72.8777,14.0
AWS-MUM-01,Mumbai Santacruz,2000-03-31 12:00:00,31.2,1004.1,61.0,19.076,72.8777,14.0
AWS-MUM-01,Mumbai Santacruz,2000-03-31 15:00:00,29.4,1006.2,62.0,19.076,72.8777,14.0
AWS-MUM-01,Mumbai Santacruz,2000-03-31 18:00:00,27.8,1007.2,72.0,19.076,72.8777,14.0
AWS-MUM-01,Mumbai Santacruz,2000-03-31 21:00:00,25.0,1005.6,79.0,19.076,72.8777,14.0
AWS-MUM-01,Mumbai Santacruz,2000-04-01 00:00:00,23.6,1005.3,78.0,19.076,72.8777,14.0
AWS-MUM-01,Mumbai Santacruz,2000-04-01 03:00:00,27.4,1007.4,63.0,19.076,72.8777,14.0
AWS-MUM-01,Mumbai Santacruz,2000-04-01 06:00:00,35.2,1007.1,38.0,19.076,72.8777,14.0
AWS-MUM-01,Mumbai Santacruz,2000-04-01 09:00:00,37.4,1004.6,39.0,19.076,72.8777,14.0
AWS-MUM-01,Mumbai Santacruz,2000-04-01 12:00:00,34.6,1003.3,36.0,19.076,72.8777,14.0
AWS-MUM-01,Mumbai Santacruz,2000-04-01 15:00:00,32.6,1005.1,31.0,19.076,72.8777,14.0
AWS-MUM-01,Mumbai Santacruz,2000-04-01 18:00:00,29.0,1005.4,49.0,19.076,72.8777,14.0
AWS-MUM-01,Mumbai Santacruz,2000-04-01 21:00:00,27.8,1005.7,67.0,19.076,72.8777,14.0
AWS-MUM-01,Mumbai Santacruz,2000-04-02 03:00:00,28.2,1007.8,58.0,19.076,72.8777,14.0
AWS-MUM-01,Mumbai Santacruz,2000-04-02 06:00:00,33.6,1007.5,40.0,19.076,72.8777,14.0
AWS-MUM-01,Mumbai Santacruz,2000-04-02 09:00:00,34.8,1004.5,38.0,19.076,72.8777,14.0
AWS-MUM-01,Mumbai Santacruz,2000-04-02 12:00:00,32.4,1002.7,43.0,19.076,72.8777,14.0
AWS-MUM-01,Mumbai Santacruz,2000-04-02 15:00:00,29.0,1005.1,64.0,19.076,72.8777,14.0
AWS-MUM-01,Mumbai Santacruz,2000-04-02 18:00:00,27.4,1006.7,80.0,19.076,72.8777,14.0
AWS-MUM-01,Mumbai Santacruz,2000-04-02 21:00:00,24.6,1002.3,86.0,19.076,72.8777,14.0
AWS-MUM-01,Mumbai Santacruz,2000-04-03 00:00:00,23.8,1006.3,91.0,19.076,72.8777,14.0
AWS-MUM-01,Mumbai Santacruz,2000-04-03 03:00:00,28.4,1008.5,79.0,19.076,72.8777,14.0
AWS-MUM-01,Mumbai Santacruz,2000-04-03 06:00:00,31.4,1008.0,67.0,19.076,72.8777,14.0
AWS-MUM-01,Mumbai Santacruz,2000-04-03 09:00:00,31.4,1005.3,67.0,19.076,72.8777,14.0
AWS-MUM-01,Mumbai Santacruz,2000-04-03 12:00:00,30.0,1004.4,66.0,19.076,72.8777,14.0
AWS-MUM-01,Mumbai Santacruz,2000-04-03 15:00:00,27.8,1006.4,78.0,19.076,72.8777,14.0
AWS-MUM-01,Mumbai Santacruz,2000-04-03 18:00:00,27.6,1007.4,84.0,19.076,72.8777,14.0
AWS-MUM-01,Mumbai Santacruz,2000-04-03 21:00:00,27.6,1006.5,84.0,19.076,72.8777,14.0
AWS-MUM-01,Mumbai Santacruz,2000-04-04 00:00:00,27.4,1006.5,86.0,19.076,72.8777,14.0
AWS-MUM-01,Mumbai Santacruz,2000-04-04 03:00:00,28.0,1008.7,83.0,19.076,72.8777,14.0
AWS-MUM-01,Mumbai Santacruz,2000-04-04 06:00:00,33.0,1008.8,62.0,19.076,72.8777,14.0
AWS-MUM-01,Mumbai Santacruz,2000-04-04 09:00:00,32.4,1006.1,67.0,19.076,72.8777,14.0
AWS-MUM-01,Mumbai Santacruz,2000-04-04 12:00:00,29.6,1005.5,76.0,19.076,72.8777,14.0
AWS-MUM-01,Mumbai Santacruz,2000-04-04 15:00:00,27.6,1007.4,81.0,19.076,72.8777,14.0
AWS-MUM-01,Mumbai Santacruz,2000-04-04 18:00:00,27.2,1008.6,83.0,19.076,72.8777,14.0
AWS-MUM-01,Mumbai Santacruz,2000-04-04 21:00:00,27.4,1007.4,83.0,19.076,72.8777,14.0
AWS-MUM-01,Mumbai Santacruz,2000-04-05 00:00:00,26.8,1007.6,83.0,19.076,72.8777,14.0
AWS-MUM-01,Mumbai Santacruz,2000-04-05 03:00:00,28.2,1009.3,78.0,19.076,72.8777,14.0
AWS-MUM-01,Mumbai Santacruz,2000-04-05 06:00:00,31.4,1008.6,66.0,19.076,72.8777,14.0
AWS-MUM-01,Mumbai Santacruz,2000-04-05 09:00:00,32.0,1006.8,31.0,19.076,72.8777,14.0
AWS-MUM-01,Mumbai Santacruz,2000-04-05 12:00:00,30.0,1005.1,65.0,19.076,72.8777,14.0
AWS-MUM-01,Mumbai Santacruz,2000-04-05 15:00:00,28.0,1006.9,74.0,19.076,72.8777,14.0
AWS-MUM-01,Mumbai Santacruz,2000-04-05 18:00:00,26.6,1008.2,80.0,19.076,72.8777,14.0
AWS-MUM-01,Mumbai Santacruz,2000-04-05 21:00:00,26.0,1006.9,84.0,19.076,72.8777,14.0
AWS-MUM-01,Mumbai Santacruz,2000-04-06 00:00:00,24.2,1006.9,93.0,19.076,72.8777,14.0
AWS-MUM-01,Mumbai Santacruz,2000-04-06 03:00:00,28.4,1009.0,73.0,19.076,72.8777,14.0
AWS-MUM-01,Mumbai Santacruz,2000-04-06 06:00:00,31.2,1008.6,64.0,19.076,72.8777,14.0
AWS-MUM-01,Mumbai Santacruz,2000-04-06 09:00:00,32.0,1006.0,57.0,19.076,72.8777,14.0
AWS-MUM-01,Mumbai Santacruz,2000-04-06 12:00:00,30.2,1004.8,73.0,19.076,72.8777,14.0
AWS-MUM-01,Mumbai Santacruz,2000-04-06 15:00:00,27.8,1006.2,78.0,19.076,72.8777,14.0
AWS-MUM-01,Mumbai Santacruz,2000-04-06 18:00:00,27.0,1007.4,84.0,19.076,72.8777,14.0
AWS-MUM-01,Mumbai Santacruz,2000-04-06 21:00:00,25.2,1007.4,90.0,19.076,72.8777,14.0
AWS-MUM-01,Mumbai Santacruz,2000-04-07 00:00:00,25.2,1007.8,90.0,19.076,72.8777,14.0
AWS-MUM-01,Mumbai Santacruz,2000-04-07 03:00:00,27.8,1009.2,80.0,19.076,72.8777,14.0
AWS-MUM-01,Mumbai Santacruz,2000-04-07 06:00:00,33.4,1009.5,57.0,19.076,72.8777,14.0
AWS-MUM-01,Mumbai Santacruz,2000-04-07 09:00:00,32.0,1008.0,66.0,19.076,72.8777,14.0
AWS-MUM-01,Mumbai Santacruz,2000-04-07 12:00:00,30.6,1007.1,71.0,19.076,72.8777,14.0
AWS-MUM-01,Mumbai Santacruz,2000-04-07 15:00:00,28.4,1008.9,76.0,19.076,72.8777,14.0
AWS-MUM-01,Mumbai Santacruz,2000-04-07 18:00:00,28.0,1011.0,85.0,19.076,72.8777,14.0
AWS-MUM-01,Mumbai Santacruz,2000-04-07 21:00:00,27.2,1009.4,86.0,19.076,72.8777,14.0
AWS-MUM-01,Mumbai Santacruz,2000-04-08 00:00:00,26.2,1009.2,89.0,19.076,72.8777,14.0
AWS-MUM-01,Mumbai Santacruz,2000-04-08 03:00:00,29.0,1011.9,75.0,19.076,72.8777,14.0
AWS-MUM-01,Mumbai Santacruz,2000-04-08 06:00:00,32.6,1011.7,54.0,19.076,72.8777,14.0
AWS-MUM-01,Mumbai Santacruz,2000-04-08 09:00:00,32.0,1009.5,64.0,19.076,72.8777,14.0
AWS-MUM-01,Mumbai Santacruz,2000-04-08 12:00:00,30.0,1008.1,74.0,19.076,72.8777,14.0
AWS-MUM-01,Mumbai Santacruz,2000-04-08 15:00:00,28.0,1009.6,82.0,19.076,72.8777,14.0
AWS-MUM-01,Mumbai Santacruz,2000-04-08 18:00:00,27.6,1009.6,84.0,19.076,72.8777,14.0
AWS-MUM-01,Mumbai Santacruz,2000-04-08 21:00:00,26.0,1008.0,87.0,19.076,72.8777,14.0
AWS-MUM-01,Mumbai Santacruz,2000-04-09 00:00:00,25.4,1008.0,91.0,19.076,72.8777,14.0
AWS-MUM-01,Mumbai Santacruz,2000-04-09 03:00:00,28.6,1009.5,80.0,19.076,72.8777,14.0
AWS-MUM-01,Mumbai Santacruz,2000-04-09 06:00:00,32.2,1009.4,63.0,19.076,72.8777,14.0
AWS-MUM-01,Mumbai Santacruz,2000-04-09 09:00:00,32.6,1007.2,62.0,19.076,72.8777,14.0
AWS-MUM-01,Mumbai Santacruz,2000-04-09 12:00:00,30.8,1006.3,72.0,19.076,72.8777,14.0
AWS-MUM-01,Mumbai Santacruz,2000-04-09 15:00:00,28.6,1008.1,80.0,19.076,72.8777,14.0
AWS-MUM-01,Mumbai Santacruz,2000-04-09 18:00:00,27.4,1008.9,81.0,19.076,72.8777,14.0
AWS-MUM-01,Mumbai Santacruz,2000-04-10 00:00:00,24.2,1007.5,91.0,19.076,72.8777,14.0
AWS-MUM-01,Mumbai Santacruz,2000-04-10 03:00:00,27.6,1009.6,74.0,19.076,72.8777,14.0
AWS-MUM-01,Mumbai Santacruz,2000-04-10 06:00:00,32.4,1009.1,63.0,19.076,72.8777,14.0
AWS-MUM-01,Mumbai Santacruz,2000-04-10 09:00:00,32.6,1006.6,61.0,19.076,72.8777,14.0
AWS-MUM-01,Mumbai Santacruz,2000-04-10 12:00:00,32.0,1005.8,51.0,19.076,72.8777,14.0
AWS-MUM-01,Mumbai Santacruz,2000-04-10 15:00:00,28.0,1007.0,70.0,19.076,72.8777,14.0
AWS-MUM-01,Mumbai Santacruz,2000-04-10 18:00:00,26.2,1007.6,76.0,19.076,72.8777,14.0
AWS-MUM-01,Mumbai Santacruz,2000-04-10 21:00:00,23.0,1006.3,88.0,19.076,72.8777,14.0
AWS-MUM-01,Mumbai Santacruz,2000-04-11 00:00:00,22.0,1007.0,91.0,19.076,72.8777,14.0
AWS-MUM-01,Mumbai Santacruz,2000-04-11 03:00:00,28.8,1008.4,62.0,19.076,72.8777,14.0
AWS-MUM-01,Mumbai Santacruz,2000-04-11 06:00:00,32.2,1007.9,54.0,19.076,72.8777,14.0
AWS-MUM-01,Mumbai Santacruz,2000-04-11 12:00:00,31.2,1004.4,61.0,19.076,72.8777,14.0
AWS-MUM-01,Mumbai Santacruz,2000-04-11 15:00:00,28.0,1006.3,70.0,19.076,72.8777,14.0
AWS-MUM-01,Mumbai Santacruz,2000-04-11 18:00:00,26.8,1007.1,81.0,19.076,72.8777,14.0
AWS-MUM-01,Mumbai Santacruz,2000-04-11 21:00:00,25.4,1006.1,88.0,19.076,72.8777,14.0
AWS-MUM-01,Mumbai Santacruz,2000-04-12 00:00:00,24.0,1006.1,95.0,19.076,72.8777,14.0
AWS-MUM-01,Mumbai Santacruz,2000-04-12 03:00:00,27.4,1008.0,81.0,19.076,72.8777,14.0
AWS-MUM-01,Mumbai Santacruz,2000-04-12 09:00:00,31.0,1005.5,67.0,19.076,72.8777,14.0
AWS-MUM-01,Mumbai Santacruz,2000-04-12 12:00:00,29.8,1005.0,72.0,19.076,72.8777,14.0
AWS-MUM-01,Mumbai Santacruz,2000-04-13 03:00:00,28.4,1008.0,73.0,19.076,72.8777,14.0
AWS-MUM-01,Mumbai Santacruz,2000-04-13 06:00:00,32.0,1007.8,60.0,19.076,72.8777,14.0
AWS-MUM-01,Mumbai Santacruz,2000-04-13 12:00:00,30.0,1004.7,69.0,19.076,72.8777,14.0
AWS-MUM-01,Mumbai Santacruz,2000-04-13 15:00:00,28.0,1006.3,78.0,19.076,72.8777,14.0
AWS-MUM-01,Mumbai Santacruz,2000-04-13 18:00:00,27.4,1006.3,77.0,19.076,72.8777,14.0
AWS-MUM-01,Mumbai Santacruz,2000-04-13 21:00:00,27.0,1005.3,80.0,19.076,72.8777,14.0
AWS-MUM-01,Mumbai Santacruz,2000-04-14 00:00:00,25.4,1005.7,85.0,19.076,72.8777,14.0
AWS-MUM-01,Mumbai Santacruz,2000-04-14 03:00:00,29.6,1007.4,66.0,19.076,72.8777,14.0
AWS-MUM-01,Mumbai Santacruz,2000-04-14 06:00:00,31.0,1007.9,58.0,19.076,72.8777,14.0
AWS-MUM-01,Mumbai Santacruz,2000-04-14 09:00:00,31.0,1005.7,61.0,19.076,72.8777,14.0
AWS-MUM-01,Mumbai Santacruz,2000-04-14 15:00:00,28.0,1006.9,76.0,19.076,72.8777,14.0
AWS-MUM-01,Mumbai Santacruz,2000-04-14 18:00:00,27.8,1007.5,73.0,19.076,72.8777,14.0
AWS-MUM-01,Mumbai Santacruz,2000-04-14 21:00:00,27.6,1006.5,73.0,19.076,72.8777,14.0
AWS-MUM-01,Mumbai Santacruz,2000-04-15 00:00:00,26.8,1006.9,74.0,19.076,72.8777,14.0
AWS-MUM-01,Mumbai Santacruz,2000-04-15 03:00:00,28.8,1009.1,64.0,19.076,72.8777,14.0
AWS-MUM-01,Mumbai Santacruz,2000-04-15 06:00:00,31.6,1009.3,56.0,19.076,72.8777,14.0
AWS-MUM-01,Mumbai Santacruz,2000-04-15 12:00:00,30.0,1005.9,65.0,19.076,72.8777,14.0
AWS-MUM-01,Mumbai Santacruz,2000-04-15 15:00:00,28.0,1007.7,69.0,19.076,72.8777,14.0
AWS-MUM-01,Mumbai Santacruz,2000-04-15 18:00:00,27.6,1008.6,70.0,19.076,72.8777,14.0
AWS-MUM-01,Mumbai Santacruz,2000-04-16 00:00:00,26.2,1007.6,75.0,19.076,72.8777,14.0
AWS-MUM-01,Mumbai Santacruz,2000-04-16 03:00:00,28.8,1010.1,66.0,19.076,72.8777,14.0
AWS-MUM-01,Mumbai Santacruz,2000-04-16 06:00:00,31.4,1010.0,60.0,19.076,72.8777,14.0
AWS-MUM-01,Mumbai Santacruz,2000-04-16 09:00:00,31.8,1007.0,60.0,19.076,72.8777,14.0
AWS-MUM-01,Mumbai Santacruz,2000-04-16 12:00:00,30.0,1006.2,67.0,19.076,72.8777,14.0
AWS-MUM-01,Mumbai Santacruz,2000-04-16 15:00:00,27.8,1007.8,78.0,19.076,72.8777,14.0
AWS-MUM-01,Mumbai Santacruz,2000-04-16 18:00:00,27.4,1009.0,77.0,19.076,72.8777,14.0
AWS-MUM-01,Mumbai Santacruz,2000-04-16 21:00:00,26.2,1007.7,83.0,19.076,72.8777,14.0
AWS-MUM-01,Mumbai Santacruz,2000-04-17 00:00:00,25.0,1007.5,87.0,19.076,72.8777,14.0
AWS-MUM-01,Mumbai Santacruz,2000-04-17 03:00:00,28.0,1009.5,74.0,19.076,72.8777,14.0
AWS-MUM-01,Mumbai Santacruz,2000-04-17 06:00:00,31.0,1009.7,62.0,19.076,72.8777,14.0
AWS-MUM-01,Mumbai Santacruz,2000-04-17 09:00:00,31.6,1007.6,61.0,19.076,72.8777,14.0
AWS-MUM-01,Mumbai Santacruz,2000-04-17 12:00:00,30.0,1006.0,69.0,19.076,72.8777,14.0
AWS-MUM-01,Mumbai Santacruz,2000-04-17 15:00:00,27.8,1007.0,78.0,19.076,72.8777,14.0
AWS-MUM-01,Mumbai Santacruz,2000-04-17 18:00:00,27.2,1008.0,83.0,19.076,72.8777,14.0
AWS-MUM-01,Mumbai Santacruz,2000-04-17 21:00:00,26.4,1007.2,87.0,19.076,72.8777,14.0
AWS-MUM-01,Mumbai Santacruz,2000-04-18 00:00:00,25.4,1007.2,88.0,19.076,72.8777,14.0
AWS-MUM-01,Mumbai Santacruz,2000-04-18 03:00:00,28.4,1009.9,78.0,19.076,72.8777,14.0
AWS-MUM-01,Mumbai Santacruz,2000-04-18 06:00:00,31.4,1009.5,64.0,19.076,72.8777,14.0
AWS-MUM-01,Mumbai Santacruz,2000-04-18 09:00:00,31.8,1007.0,65.0,19.076,72.8777,14.0
AWS-MUM-01,Mumbai Santacruz,2000-04-18 12:00:00,30.6,1005.2,68.0,19.076,72.8777,14.0
AWS-MUM-01,Mumbai Santacruz,2000-04-18 15:00:00,28.6,1006.9,74.0,19.076,72.8777,14.0
AWS-MUM-01,Mumbai Santacruz,2000-04-18 18:00:00,28.0,1008.8,80.0,19.076,72.8777,14.0
AWS-MUM-01,Mumbai Santacruz,2000-04-18 21:00:00,27.0,1008.2,87.0,19.076,72.8777,14.0
AWS-MUM-01,Mumbai Santacruz,2000-04-19 00:00:00,26.4,1009.2,89.0,19.076,72.8777,14.0
AWS-MUM-01,Mumbai Santacruz,2000-04-19 03:00:00,29.4,1010.4,71.0,19.076,72.8777,14.0
AWS-MUM-01,Mumbai Santacruz,2000-04-19 06:00:00,31.8,1009.7,65.0,19.076,72.8777,14.0
AWS-MUM-01,Mumbai Santacruz,2000-04-19 09:00:00,32.0,1007.8,65.0,19.076,72.8777,14.0
AWS-MUM-01,Mumbai Santacruz,2000-04-19 15:00:00,28.4,1007.9,82.0,19.076,72.8777,14.0
AWS-MUM-01,Mumbai Santacruz,2000-04-20 00:00:00,24.8,1007.1,88.0,19.076,72.8777,14.0
AWS-MUM-01,Mumbai Santacruz,2000-04-20 03:00:00,29.0,1009.3,72.0,19.076,72.8777,14.0
AWS-MUM-01,Mumbai Santacruz,2000-04-20 06:00:00,32.0,1008.4,63.0,19.076,72.8777,14.0
AWS-MUM-01,Mumbai Santacruz,2000-04-20 09:00:00,33.0,1005.9,61.0,19.076,72.8777,14.0
AWS-MUM-01,Mumbai Santacruz,2000-04-20 12:00:00,32.0,1004.1,52.0,19.076,72.8777,14.0
AWS-MUM-01,Mumbai Santacruz,2000-04-20 15:00:00,29.0,1006.4,67.0,19.076,72.8777,14.0
AWS-MUM-01,Mumbai Santacruz,2000-04-20 21:00:00,26.8,1006.5,81.0,19.076,72.8777,14.0
AWS-MUM-01,Mumbai Santacruz,2000-04-21 03:00:00,29.2,1008.6,72.0,19.076,72.8777,14.0
AWS-MUM-01,Mumbai Santacruz,2000-04-21 09:00:00,31.0,1006.8,69.0,19.076,72.8777,14.0
AWS-MUM-01,Mumbai Santacruz,2000-04-21 12:00:00,29.8,1006.5,69.0,19.076,72.8777,14.0
AWS-MUM-01,Mumbai Santacruz,2000-04-21 15:00:00,28.0,1007.7,80.0,19.076,72.8777,14.0
AWS-MUM-01,Mumbai Santacruz,2000-04-21 18:00:00,27.2,1008.8,83.0,19.076,72.8777,14.0
AWS-MUM-01,Mumbai Santacruz,2000-04-21 21:00:00,27.0,1008.3,80.0,19.076,72.8777,14.0
AWS-MUM-01,Mumbai Santacruz,2000-04-22 00:00:00,26.0,1008.2,87.0,19.076,72.8777,14.0
AWS-MUM-01,Mumbai Santacruz,2000-04-22 03:00:00,28.2,1010.0,76.0,19.076,72.8777,14.0
AWS-MUM-01,Mumbai Santacruz,2000-04-22 06:00:00,30.8,1010.4,64.0,19.076,72.8777,14.0
AWS-MUM-01,Mumbai Santacruz,2000-04-22 09:00:00,30.4,1008.4,65.0,19.076,72.8777,14.0
AWS-MUM-01,Mumbai Santacruz,2000-04-22 15:00:00,27.6,1008.3,81.0,19.076,72.8777,14.0
AWS-MUM-01,Mumbai Santacruz,2000-04-22 18:00:00,27.2,1009.5,83.0,19.076,72.8777,14.0
AWS-MUM-01,Mumbai Santacruz,2000-04-22 21:00:00,26.6,1008.8,83.0,19.076,72.8777,14.0
AWS-MUM-01,Mumbai Santacruz,2000-04-23 00:00:00,25.0,1009.1,90.0,19.076,72.8777,14.0
AWS-MUM-01,Mumbai Santacruz,2000-04-23 03:00:00,28.8,1010.5,74.0,19.076,72.8777,14.0
AWS-MUM-01,Mumbai Santacruz,2000-04-23 06:00:00,32.0,1009.5,59.0,19.076,72.8777,14.0
AWS-MUM-01,Mumbai Santacruz,2000-04-23 09:00:00,31.4,1007.7,63.0,19.076,72.8777,14.0
AWS-MUM-01,Mumbai Santacruz,2000-04-23 12:00:00,30.4,1007.2,69.0,19.076,72.8777,14.0
AWS-MUM-01,Mumbai Santacruz,2000-04-23 15:00:00,27.6,1007.9,76.0,19.076,72.8777,14.0
AWS-MUM-01,Mumbai Santacruz,2000-04-23 18:00:00,27.4,1008.6,84.0,19.076,72.8777,14.0
AWS-MUM-01,Mumbai Santacruz,2000-04-23 21:00:00,26.8,1008.2,86.0,19.076,72.8777,14.0
AWS-MUM-01,Mumbai Santacruz,2000-04-24 00:00:00,26.2,1008.3,90.0,19.076,72.8777,14.0
AWS-MUM-01,Mumbai Santacruz,2000-04-24 03:00:00,28.8,1010.0,75.0,19.076,72.8777,14.0
AWS-MUM-01,Mumbai Santacruz,2000-04-24 06:00:00,32.0,1009.9,65.0,19.076,72.8777,14.0
AWS-MUM-01,Mumbai Santacruz,2000-04-24 09:00:00,32.2,1008.0,63.0,19.076,72.8777,14.0
AWS-MUM-01,Mumbai Santacruz,2000-04-24 15:00:00,28.4,1008.1,82.0,19.076,72.8777,14.0
AWS-MUM-01,Mumbai Santacruz,2000-04-24 18:00:00,27.8,1008.8,81.0,19.076,72.8777,14.0
AWS-MUM-01,Mumbai Santacruz,2000-04-24 21:00:00,27.2,1007.6,83.0,19.076,72.8777,14.0
AWS-MUM-01,Mumbai Santacruz,2000-04-25 00:00:00,26.8,1008.1,84.0,19.076,72.8777,14.0
AWS-MUM-01,Mumbai Santacruz,2000-04-25 06:00:00,32.2,1009.3,63.0,19.076,72.8777,14.0
AWS-MUM-01,Mumbai Santacruz,2000-04-25 09:00:00,31.8,1007.0,63.0,19.076,72.8777,14.0
AWS-MUM-01,Mumbai Santacruz,2000-04-25 12:00:00,30.4,1006.1,72.0,19.076,72.8777,14.0
AWS-MUM-01,Mumbai Santacruz,2000-04-26 00:00:00,26.4,1006.6,84.0,19.076,72.8777,14.0
AWS-MUM-01,Mumbai Santacruz,2000-04-26 03:00:00,29.0,1008.8,71.0,19.076,72.8777,14.0
AWS-MUM-01,Mumbai Santacruz,2000-04-26 06:00:00,32.0,1008.7,60.0,19.076,72.8777,14.0
AWS-MUM-01,Mumbai Santacruz,2000-04-26 09:00:00,31.6,1006.5,65.0,19.076,72.8777,14.0
AWS-MUM-01,Mumbai Santacruz,2000-04-26 12:00:00,30.8,1005.5,69.0,19.076,72.8777,14.0
AWS-MUM-01,Mumbai Santacruz,2000-04-26 15:00:00,28.4,1007.2,78.0,19.076,72.8777,14.0
AWS-MUM-01,Mumbai Santacruz,2000-04-26 18:00:00,28.0,1008.2,78.0,19.076,72.8777,14.0
AWS-MUM-01,Mumbai Santacruz,2000-04-27 00:00:00,26.6,1007.1,83.0,19.076,72.8777,14.0
AWS-MUM-01,Mumbai Santacruz,2000-04-27 03:00:00,29.2,1008.6,70.0,19.076,72.8777,14.0
AWS-MUM-01,Mumbai Santacruz,2000-04-27 06:00:00,32.0,1008.8,60.0,19.076,72.8777,14.0
AWS-MUM-01,Mumbai Santacruz,2000-04-27 12:00:00,30.8,1005.3,68.0,19.076,72.8777,14.0
AWS-MUM-01,Mumbai Santacruz,2000-04-28 00:00:00,25.2,1006.7,88.0,19.076,72.8777,14.0
AWS-MUM-01,Mumbai Santacruz,2000-04-28 03:00:00,28.8,1008.5,71.0,19.076,72.8777,14.0
AWS-MUM-01,Mumbai Santacruz,2000-04-28 06:00:00,32.4,1008.5,60.0,19.076,72.8777,14.0
AWS-MUM-01,Mumbai Santacruz,2000-04-28 09:00:00,32.0,1006.4,60.0,19.076,72.8777,14.0
AWS-MUM-01,Mumbai Santacruz,2000-04-28 12:00:00,31.0,1005.4,68.0,19.076,72.8777,14.0
AWS-MUM-01,Mumbai Santacruz,2000-04-28 15:00:00,28.0,1007.4,80.0,19.076,72.8777,14.0
AWS-MUM-01,Mumbai Santacruz,2000-04-28 18:00:00,27.2,1008.8,84.0,19.076,72.8777,14.0
AWS-MUM-01,Mumbai Santacruz,2000-04-28 21:00:00,26.0,1007.3,87.0,19.076,72.8777,14.0
AWS-MUM-01,Mumbai Santacruz,2000-04-29 00:00:00,25.2,1008.1,88.0,19.076,72.8777,14.0
AWS-MUM-01,Mumbai Santacruz,2000-04-29 03:00:00,28.4,1009.0,70.0,19.076,72.8777,14.0
AWS-MUM-01,Mumbai Santacruz,2000-04-29 06:00:00,31.2,1009.9,63.0,19.076,72.8777,14.0
AWS-MUM-01,Mumbai Santacruz,2000-04-29 09:00:00,31.4,1008.0,60.0,19.076,72.8777,14.0
AWS-MUM-01,Mumbai Santacruz,2000-04-29 12:00:00,30.4,1007.4,67.0,19.076,72.8777,14.0
AWS-MUM-01,Mumbai Santacruz,2000-04-29 15:00:00,28.0,1009.3,78.0,19.076,72.8777,14.0
AWS-MUM-01,Mumbai Santacruz,2000-04-29 18:00:00,28.2,1008.4,76.0,19.076,72.8777,14.0
AWS-MUM-01,Mumbai Santacruz,2000-04-29 21:00:00,27.4,1009.0,74.0,19.076,72.8777,14.0
AWS-MUM-01,Mumbai Santacruz,2000-04-30 00:00:00,27.0,1009.0,77.0,19.076,72.8777,14.0
AWS-MUM-01,Mumbai Santacruz,2000-04-30 03:00:00,29.6,1010.6,66.0,19.076,72.8777,14.0
AWS-MUM-01,Mumbai Santacruz,2000-04-30 06:00:00,32.0,1010.3,63.0,19.076,72.8777,14.0
AWS-MUM-01,Mumbai Santacruz,2000-04-30 09:00:00,32.2,1008.2,63.0,19.076,72.8777,14.0
AWS-MUM-01,Mumbai Santacruz,2000-04-30 12:00:00,31.0,1006.6,68.0,19.076,72.8777,14.0
AWS-MUM-01,Mumbai Santacruz,2000-04-30 15:00:00,28.0,1008.0,85.0,19.076,72.8777,14.0
AWS-MUM-01,Mumbai Santacruz,2000-04-30 18:00:00,27.2,1009.2,87.0,19.076,72.8777,14.0
AWS-MUM-01,Mumbai Santacruz,2000-05-01 00:00:00,25.2,1008.6,88.0,19.076,72.8777,14.0
AWS-MUM-01,Mumbai Santacruz,2000-05-01 03:00:00,28.6,1009.6,75.0,19.076,72.8777,14.0
AWS-MUM-01,Mumbai Santacruz,2000-05-01 06:00:00,31.2,1009.8,67.0,19.076,72.8777,14.0
AWS-MUM-01,Mumbai Santacruz,2000-05-01 09:00:00,31.6,1007.6,66.0,19.076,72.8777,14.0
AWS-MUM-01,Mumbai Santacruz,2000-05-01 12:00:00,30.0,1006.7,72.0,19.076,72.8777,14.0
AWS-MUM-01,Mumbai Santacruz,2000-05-01 15:00:00,27.6,1008.3,80.0,19.076,72.8777,14.0
AWS-MUM-01,Mumbai Santacruz,2000-05-01 18:00:00,26.6,1008.5,83.0,19.076,72.8777,14.0
AWS-MUM-01,Mumbai Santacruz,2000-05-01 21:00:00,26.4,1007.4,81.0,19.076,72.8777,14.0
AWS-MUM-01,Mumbai Santacruz,2000-05-02 00:00:00,24.2,1007.5,90.0,19.076,72.8777,14.0
AWS-MUM-01,Mumbai Santacruz,2000-05-02 03:00:00,28.2,1008.6,72.0,19.076,72.8777,14.0
AWS-MUM-01,Mumbai Santacruz,2000-05-02 06:00:00,31.0,1009.1,66.0,19.076,72.8777,14.0
AWS-MUM-01,Mumbai Santacruz,2000-05-02 09:00:00,31.2,1008.2,68.0,19.076,72.8777,14.0
AWS-MUM-01,Mumbai Santacruz,2000-05-02 12:00:00,30.0,1007.3,70.0,19.076,72.8777,14.0
AWS-MUM-01,Mumbai Santacruz,2000-05-02 15:00:00,28.2,1008.4,78.0,19.076,72.8777,14.0
AWS-MUM-01,Mumbai Santacruz,2000-05-02 18:00:00,27.6,1009.2,80.0,19.076,72.8777,14.0
AWS-MUM-01,Mumbai Santacruz,2000-05-02 21:00:00,26.8,1008.4,81.0,19.076,72.8777,14.0
AWS-MUM-01,Mumbai Santacruz,2000-05-03 00:00:00,26.6,1008.4,83.0,19.076,72.8777,14.0
AWS-MUM-01,Mumbai Santacruz,2000-05-03 03:00:00,29.2,1010.2,70.0,19.076,72.8777,14.0
AWS-MUM-01,Mumbai Santacruz,2000-05-03 06:00:00,31.2,1010.8,61.0,19.076,72.8777,14.0
AWS-MUM-01,Mumbai Santacruz,2000-05-03 09:00:00,31.6,1009.2,62.0,19.076,72.8777,14.0
AWS-MUM-01,Mumbai Santacruz,2000-05-03 12:00:00,30.6,1008.2,66.0,19.076,72.8777,14.0
AWS-MUM-01,Mumbai Santacruz,2000-05-03 15:00:00,28.4,1009.6,70.0,19.076,72.8777,14.0
AWS-MUM-01,Mumbai Santacruz,2000-05-03 18:00:00,28.0,1010.1,73.0,19.076,72.8777,14.0
AWS-MUM-01,Mumbai Santacruz,2000-05-03 21:00:00,27.4,1007.9,74.0,19.076,72.8777,14.0
AWS-MUM-01,Mumbai Santacruz,2000-05-04 00:00:00,26.8,1008.5,74.0,19.076,72.8777,14.0
AWS-MUM-01,Mumbai Santacruz,2000-05-04 03:00:00,28.4,1009.8,68.0,19.076,72.8777,14.0
AWS-MUM-01,Mumbai Santacruz,2000-05-04 06:00:00,31.2,1010.2,60.0,19.076,72.8777,14.0
AWS-MUM-01,Mumbai Santacruz,2000-05-04 09:00:00,32.0,1008.3,60.0,19.076,72.8777,14.0
AWS-MUM-01,Mumbai Santacruz,2000-05-04 12:00:00,30.6,1007.7,64.0,19.076,72.8777,14.0
AWS-MUM-01,Mumbai Santacruz,2000-05-04 15:00:00,28.4,1008.4,78.0,19.076,72.8777,14.0
AWS-MUM-01,Mumbai Santacruz,2000-05-04 18:00:00,28.0,1009.0,78.0,19.076,72.8777,14.0
AWS-MUM-01,Mumbai Santacruz,2000-05-04 21:00:00,27.4,1007.2,81.0,19.076,72.8777,14.0
AWS-MUM-01,Mumbai Santacruz,2000-05-05 00:00:00,26.0,1008.3,87.0,19.076,72.8777,14.0
AWS-MUM-01,Mumbai Santacruz,2000-05-05 03:00:00,28.8,1009.4,74.0,19.076,72.8777,14.0
AWS-MUM-01,Mumbai Santacruz,2000-05-05 06:00:00,32.0,1009.1,63.0,19.076,72.8777,14.0
AWS-MUM-01,Mumbai Santacruz,2000-05-05 09:00:00,32.0,1007.0,63.0,19.076,72.8777,14.0
AWS-MUM-01,Mumbai Santacruz,2000-05-05 12:00:00,30.8,1005.6,68.0,19.076,72.8777,14.0
AWS-MUM-01,Mumbai Santacruz,2000-05-05 15:00:00,28.8,1006.8,79.0,19.076,72.8777,14.0
AWS-MUM-01,Mumbai Santacruz,2000-05-05 18:00:00,28.4,1008.5,82.0,19.076,72.8777,14.0
AWS-MUM-01,Mumbai Santacruz,2000-05-05 21:00:00,27.2,1007.4,86.0,19.076,72.8777,14.0
AWS-MUM-01,Mumbai Santacruz,2000-05-06 00:00:00,27.0,1008.2,84.0,19.076,72.8777,14.0
AWS-MUM-01,Mumbai Santacruz,2000-05-06 03:00:00,30.2,1008.2,75.0,19.076,72.8777,14.0
AWS-MUM-01,Mumbai Santacruz,2000-05-06 06:00:00,32.2,1009.4,65.0,19.076,72.8777,14.0
AWS-MUM-01,Mumbai Santacruz,2000-05-06 09:00:00,32.0,1008.2,69.0,19.076,72.8777,14.0
AWS-MUM-01,Mumbai Santacruz,2000-05-06 12:00:00,30.6,1006.5,74.0,19.076,72.8777,14.0
AWS-MUM-01,Mumbai Santacruz,2000-05-06 15:00:00,29.0,1008.2,75.0,19.076,72.8777,14.0
AWS-MUM-01,Mumbai Santacruz,2000-05-06 18:00:00,28.8,1009.2,79.0,19.076,72.8777,14.0
AWS-MUM-01,Mumbai Santacruz,2000-05-06 21:00:00,28.2,1008.1,79.0,19.076,72.8777,14.0
AWS-MUM-01,Mumbai Santacruz,2000-05-07 00:00:00,26.2,1007.9,87.0,19.076,72.8777,14.0
AWS-MUM-01,Mumbai Santacruz,2000-05-07 03:00:00,29.6,1009.3,74.0,19.076,72.8777,14.0
AWS-MUM-01,Mumbai Santacruz,2000-05-07 06:00:00,32.6,1009.7,61.0,19.076,72.8777,14.0
AWS-MUM-01,Mumbai Santacruz,2000-05-07 09:00:00,32.6,1008.2,67.0,19.076,72.8777,14.0
AWS-MUM-01,Mumbai Santacruz,2000-05-07 12:00:00,31.0,1007.0,71.0,19.076,72.8777,14.0
AWS-MUM-01,Mumbai Santacruz,2000-05-07 15:00:00,29.0,1007.6,76.0,19.076,72.8777,14.0
AWS-MUM-01,Mumbai Santacruz,2000-05-07 18:00:00,28.4,1009.3,79.0,19.076,72.8777,14.0
AWS-MUM-01,Mumbai Santacruz,2000-05-07 21:00:00,28.0,1009.1,80.0,19.076,72.8777,14.0
AWS-MUM-01,Mumbai Santacruz,2000-05-08 00:00:00,27.6,1008.4,80.0,19.076,72.8777,14.0
AWS-MUM-01,Mumbai Santacruz,2000-05-08 03:00:00,30.2,1009.7,70.0,19.076,72.8777,14.0
AWS-MUM-01,Mumbai Santacruz,2000-05-08 06:00:00,32.4,1009.7,61.0,19.076,72.8777,14.0
AWS-MUM-01,Mumbai Santacruz,2000-05-08 09:00:00,31.6,1008.3,66.0,19.076,72.8777,14.0
AWS-MUM-01,Mumbai Santacruz,2000-05-08 12:00:00,30.4,1006.6,69.0,19.076,72.8777,14.0
AWS-MUM-01,Mumbai Santacruz,2000-05-08 15:00:00,29.0,1009.0,72.0,19.076,72.8777,14.0
AWS-MUM-01,Mumbai Santacruz,2000-05-08 18:00:00,28.4,1009.9,75.0,19.076,72.8777,14.0
AWS-MUM-01,Mumbai Santacruz,2000-05-09 00:00:00,27.6,1008.1,80.0,19.076,72.8777,14.0
AWS-MUM-01,Mumbai Santacruz,2000-05-09 03:00:00,30.2,1009.9,70.0,19.076,72.8777,14.0
AWS-MUM-01,Mumbai Santacruz,2000-05-09 06:00:00,32.0,1009.8,66.0,19.076,72.8777,14.0
AWS-MUM-01,Mumbai Santacruz,2000-05-09 09:00:00,32.4,1007.6,62.0,19.076,72.8777,14.0
AWS-MUM-01,Mumbai Santacruz,2000-05-09 12:00:00,30.8,1006.2,66.0,19.076,72.8777,14.0
AWS-MUM-01,Mumbai Santacruz,2000-05-09 15:00:00,29.0,1007.9,75.0,19.076,72.8777,14.0
AWS-MUM-01,Mumbai Santacruz,2000-05-09 18:00:00,28.6,1009.3,74.0,19.076,72.8777,14.0
AWS-MUM-01,Mumbai Santacruz,2000-05-09 21:00:00,27.8,1007.2,77.0,19.076,72.8777,14.0
AWS-MUM-01,Mumbai Santacruz,2000-05-10 00:00:00,26.4,1008.2,83.0,19.076,72.8777,14.0
AWS-MUM-01,Mumbai Santacruz,2000-05-10 03:00:00,29.8,1008.8,70.0,19.076,72.8777,14.0
AWS-MUM-01,Mumbai Santacruz,2000-05-10 06:00:00,32.2,1009.2,59.0,19.076,72.8777,14.0
AWS-MUM-01,Mumbai Santacruz,2000-05-10 09:00:00,32.2,1007.3,59.0,19.076,72.8777,14.0
AWS-MUM-01,Mumbai Santacruz,2000-05-10 12:00:00,31.2,1006.4,64.0,19.076,72.8777,14.0
AWS-MUM-01,Mumbai Santacruz,2000-05-10 15:00:00,29.0,1008.3,64.0,19.076,72.8777,14.0
AWS-MUM-01,Mumbai Santacruz,2000-05-10 18:00:00,28.4,1007.4,73.0,19.076,72.8777,14.0
AWS-MUM-01,Mumbai Santacruz,2000-05-10 21:00:00,28.0,1008.1,73.0,19.076,72.8777,14.0
AWS-MUM-01,Mumbai Santacruz,2000-05-11 00:00:00,27.6,1007.5,77.0,19.076,72.8777,14.0
AWS-MUM-01,Mumbai Santacruz,2000-05-11 03:00:00,29.8,1009.1,69.0,19.076,72.8777,14.0
AWS-MUM-01,Mumbai Santacruz,2000-05-11 06:00:00,32.4,1009.2,61.0,19.076,72.8777,14.0
AWS-MUM-01,Mumbai Santacruz,2000-05-11 09:00:00,32.8,1006.9,60.0,19.076,72.8777,14.0
AWS-MUM-01,Mumbai Santacruz,2000-05-11 12:00:00,31.0,1006.2,66.0,19.076,72.8777,14.0
AWS-MUM-01,Mumbai Santacruz,2000-05-11 15:00:00,29.0,1007.7,71.0,19.076,72.8777,14.0
AWS-MUM-01,Mumbai Santacruz,2000-05-11 18:00:00,28.4,1008.7,75.0,19.076,72.8777,14.0
AWS-MUM-01,Mumbai Santacruz,2000-05-11 21:00:00,28.2,1007.7,72.0,19.076,72.8777,14.0
AWS-MUM-01,Mumbai Santacruz,2000-05-12 00:00:00,28.0,1007.2,73.0,19.076,72.8777,14.0
AWS-MUM-01,Mumbai Santacruz,2000-05-12 03:00:00,30.0,1009.2,65.0,19.076,72.8777,14.0
AWS-MUM-01,Mumbai Santacruz,2000-05-12 06:00:00,32.8,1009.6,55.0,19.076,72.8777,14.0
AWS-MUM-01,Mumbai Santacruz,2000-05-12 09:00:00,32.8,1007.7,54.0,19.076,72.8777,14.0
AWS-MUM-01,Mumbai Santacruz,2000-05-12 12:00:00,31.4,1006.6,63.0,19.076,72.8777,14.0
AWS-MUM-01,Mumbai Santacruz,2000-05-12 15:00:00,29.0,1008.1,75.0,19.076,72.8777,14.0
AWS-MUM-01,Mumbai Santacruz,2000-05-12 18:00:00,28.4,1008.4,75.0,19.076,72.8777,14.0
AWS-MUM-01,Mumbai Santacruz,2000-05-12 21:00:00,28.2,1007.0,76.0,19.076,72.8777,14.0
AWS-MUM-01,Mumbai Santacruz,2000-05-13 00:00:00,27.0,1007.8,80.0,19.076,72.8777,14.0
AWS-MUM-01,Mumbai Santacruz,2000-05-13 03:00:00,29.2,1010.2,74.0,19.076,72.8777,14.0
AWS-MUM-01,Mumbai Santacruz,2000-05-13 06:00:00,33.0,1010.6,60.0,19.076,72.8777,14.0
AWS-MUM-01,Mumbai Santacruz,2000-05-13 09:00:00,33.8,1008.3,50.0,19.076,72.8777,14.0
AWS-MUM-01,Mumbai Santacruz,2000-05-13 12:00:00,31.6,1007.5,62.0,19.076,72.8777,14.0
AWS-MUM-01,Mumbai Santacruz,2000-05-13 15:00:00,29.2,1008.4,74.0,19.076,72.8777,14.0
AWS-MUM-01,Mumbai Santacruz,2000-05-13 18:00:00,29.0,1009.0,74.0,19.076,72.8777,14.0
AWS-MUM-01,Mumbai Santacruz,2000-05-13 21:00:00,27.4,1007.7,81.0,19.076,72.8777,14.0
AWS-MUM-01,Mumbai Santacruz,2000-05-14 00:00:00,27.0,1008.3,84.0,19.076,72.8777,14.0
AWS-MUM-01,Mumbai Santacruz,2000-05-14 03:00:00,30.4,1009.0,69.0,19.076,72.8777,14.0
AWS-MUM-01,Mumbai Santacruz,2000-05-14 06:00:00,32.8,1009.0,60.0,19.076,72.8777,14.0
AWS-MUM-01,Mumbai Santacruz,2000-05-14 09:00:00,33.0,1007.8,61.0,19.076,72.8777,14.0
AWS-MUM-01,Mumbai Santacruz,2000-05-14 12:00:00,31.0,1006.2,66.0,19.076,72.8777,14.0
AWS-MUM-01,Mumbai Santacruz,2000-05-14 15:00:00,29.6,1007.9,74.0,19.076,72.8777,14.0
AWS-MUM-01,Mumbai Santacruz,2000-05-14 18:00:00,29.2,1008.4,76.0,19.076,72.8777,14.0
AWS-MUM-01,Mumbai Santacruz,2000-05-14 21:00:00,29.0,1006.1,74.0,19.076,72.8777,14.0
AWS-MUM-01,Mumbai Santacruz,2000-05-15 00:00:00,28.8,1005.8,78.0,19.076,72.8777,14.0
AWS-MUM-01,Mumbai Santacruz,2000-05-15 03:00:00,31.0,1007.2,68.0,19.076,72.8777,14.0
AWS-MUM-01,Mumbai Santacruz,2000-05-15 06:00:00,33.0,1008.0,58.0,19.076,72.8777,14.0
AWS-MUM-01,Mumbai Santacruz,2000-05-15 09:00:00,34.0,1006.8,54.0,19.076,72.8777,14.0
AWS-MUM-01,Mumbai Santacruz,2000-05-15 12:00:00,32.6,1005.5,61.0,19.076,72.8777,14.0
AWS-MUM-01,Mumbai Santacruz,2000-05-15 15:00:00,29.8,1007.3,70.0,19.076,72.8777,14.0
AWS-MUM-01,Mumbai Santacruz,2000-05-15 18:00:00,29.0,1007.4,74.0,19.076,72.8777,14.0
AWS-MUM-01,Mumbai Santacruz,2000-05-15 21:00:00,27.4,1005.8,81.0,19.076,72.8777,14.0
AWS-MUM-01,Mumbai Santacruz,2000-05-16 00:00:00,27.0,1005.6,80.0,19.076,72.8777,14.0
AWS-MUM-01,Mumbai Santacruz,2000-05-16 03:00:00,30.4,1007.5,67.0,19.076,72.8777,14.0
AWS-MUM-01,Mumbai Santacruz,2000-05-16 06:00:00,33.8,1007.0,50.0,19.076,72.8777,14.0
AWS-MUM-01,Mumbai Santacruz,2000-05-16 09:00:00,25.4,1006.7,85.0,19.076,72.8777,14.0
AWS-MUM-01,Mumbai Santacruz,2000-05-16 12:00:00,29.6,1005.1,78.0,19.076,72.8777,14.0
AWS-MUM-01,Mumbai Santacruz,2000-05-16 15:00:00,29.0,1005.6,78.0,19.076,72.8777,14.0
AWS-MUM-01,Mumbai Santacruz,2000-05-16 18:00:00,27.4,1006.7,87.0,19.076,72.8777,14.0
AWS-MUM-01,Mumbai Santacruz,2000-05-16 21:00:00,26.6,1005.2,83.0,19.076,72.8777,14.0
AWS-MUM-01,Mumbai Santacruz,2000-05-17 00:00:00,24.2,1004.8,95.0,19.076,72.8777,14.0
AWS-MUM-01,Mumbai Santacruz,2000-05-17 03:00:00,26.4,1005.9,92.0,19.076,72.8777,14.0
AWS-MUM-01,Mumbai Santacruz,2000-05-17 06:00:00,31.8,1005.6,67.0,19.076,72.8777,14.0
AWS-MUM-01,Mumbai Santacruz,2000-05-17 09:00:00,25.0,1005.1,91.0,19.076,72.8777,14.0
AWS-MUM-01,Mumbai Santacruz,2000-05-17 12:00:00,27.2,1002.6,90.0,19.076,72.8777,14.0
AWS-MUM-01,Mumbai Santacruz,2000-05-17 15:00:00,26.0,1003.8,92.0,19.076,72.8777,14.0
AWS-MUM-01,Mumbai Santacruz,2000-05-17 18:00:00,25.6,1004.3,90.0,19.076,72.8777,14.0
AWS-MUM-01,Mumbai Santacruz,2000-05-17 21:00:00,25.0,1002.6,98.0,19.076,72.8777,14.0
AWS-MUM-01,Mumbai Santacruz,2000-05-18 00:00:00,25.0,1002.0,98.0,19.076,72.8777,14.0
AWS-MUM-01,Mumbai Santacruz,2000-05-18 06:00:00,25.4,1003.7,96.0,19.076,72.8777,14.0
AWS-MUM-01,Mumbai Santacruz,2000-05-18 09:00:00,25.2,1002.7,98.0,19.076,72.8777,14.0
AWS-MUM-01,Mumbai Santacruz,2000-05-18 12:00:00,24.8,1002.1,93.0,19.076,72.8777,14.0
AWS-MUM-01,Mumbai Santacruz,2000-05-18 15:00:00,26.4,1003.1,96.0,19.076,72.8777,14.0
AWS-MUM-01,Mumbai Santacruz,2000-05-18 18:00:00,27.8,1003.9,86.0,19.076,72.8777,14.0
AWS-MUM-01,Mumbai Santacruz,2000-05-18 21:00:00,27.8,1002.3,86.0,19.076,72.8777,14.0
AWS-MUM-01,Mumbai Santacruz,2000-05-19 00:00:00,28.0,1002.5,83.0,19.076,72.8777,14.0
AWS-MUM-01,Mumbai Santacruz,2000-05-19 03:00:00,26.6,1004.7,90.0,19.076,72.8777,14.0
AWS-MUM-01,Mumbai Santacruz,2000-05-19 06:00:00,28.2,1005.1,89.0,19.076,72.8777,14.0
AWS-MUM-01,Mumbai Santacruz,2000-05-19 09:00:00,31.6,1004.0,68.0,19.076,72.8777,14.0
AWS-MUM-01,Mumbai Santacruz,2000-05-19 12:00:00,30.4,1003.1,76.0,19.076,72.8777,14.0
AWS-MUM-01,Mumbai Santacruz,2000-05-19 15:00:00,29.0,1004.7,70.0,19.076,72.8777,14.0
AWS-MUM-01,Mumbai Santacruz,2000-05-19 18:00:00,28.6,1005.5,79.0,19.076,72.8777,14.0
AWS-MUM-01,Mumbai Santacruz,2000-05-19 21:00:00,28.2,1004.6,78.0,19.076,72.8777,14.0
AWS-MUM-01,Mumbai Santacruz,2000-05-20 00:00:00,27.6,1005.0,83.0,19.076,72.8777,14.0
AWS-MUM-01,Mumbai Santacruz,2000-05-20 03:00:00,30.0,1006.5,78.0,19.076,72.8777,14.0
AWS-MUM-01,Mumbai Santacruz,2000-05-20 06:00:00,31.0,1006.5,72.0,19.076,72.8777,14.0
AWS-MUM-01,Mumbai Santacruz,2000-05-20 09:00:00,32.0,1005.0,69.0,19.076,72.8777,14.0
AWS-MUM-01,Mumbai Santacruz,2000-05-20 12:00:00,31.4,1004.5,68.0,19.076,72.8777,14.0
AWS-MUM-01,Mumbai Santacruz,2000-05-20 15:00:00,29.2,1005.8,78.0,19.076,72.8777,14.0
AWS-MUM-01,Mumbai Santacruz,2000-05-20 18:00:00,28.6,1006.8,82.0,19.076,72.8777,14.0
AWS-MUM-01,Mumbai Santacruz,2000-05-20 21:00:00,28.0,1004.2,83.0,19.076,72.8777,14.0
AWS-MUM-01,Mumbai Santacruz,2000-05-21 00:00:00,27.4,1005.6,84.0,19.076,72.8777,14.0
AWS-MUM-01,Mumbai Santacruz,2000-05-21 03:00:00,29.6,1007.3,80.0,19.076,72.8777,14.0
AWS-MUM-01,Mumbai Santacruz,2000-05-21 06:00:00,32.2,1006.8,65.0,19.076,72.8777,14.0
AWS-MUM-01,Mumbai Santacruz,2000-05-21 09:00:00,32.4,1005.2,66.0,19.076,72.8777,14.0
AWS-MUM-01,Mumbai Santacruz,2000-05-21 12:00:00,31.2,1004.5,67.0,19.076,72.8777,14.0
AWS-MUM-01,Mumbai Santacruz,2000-05-21 15:00:00,29.4,1005.4,78.0,19.076,72.8777,14.0
AWS-MUM-01,Mumbai Santacruz,2000-05-21 18:00:00,28.8,1006.4,78.0,19.076,72.8777,14.0
AWS-MUM-01,Mumbai Santacruz,2000-05-22 00:00:00,27.2,1005.0,86.0,19.076,72.8777,14.0
AWS-MUM-01,Mumbai Santacruz,2000-05-22 03:00:00,30.0,1006.9,72.0,19.076,72.8777,14.0
AWS-MUM-01,Mumbai Santacruz,2000-05-22 06:00:00,31.4,1007.5,66.0,19.076,72.8777,14.0
AWS-MUM-01,Mumbai Santacruz,2000-05-22 09:00:00,32.6,1006.2,61.0,19.076,72.8777,14.0
AWS-MUM-01,Mumbai Santacruz,2000-05-22 12:00:00,31.8,1004.6,64.0,19.076,72.8777,14.0
AWS-MUM-01,Mumbai Santacruz,2000-05-22 15:00:00,29.2,1006.0,74.0,19.076,72.8777,14.0
AWS-MUM-01,Mumbai Santacruz,2000-05-22 18:00:00,29.0,1006.3,78.0,19.076,72.8777,14.0
AWS-MUM-01,Mumbai Santacruz,2000-05-22 21:00:00,27.2,1005.2,86.0,19.076,72.8777,14.0
AWS-MUM-01,Mumbai Santacruz,2000-05-23 00:00:00,27.0,1005.1,92.0,19.076,72.8777,14.0
AWS-MUM-01,Mumbai Santacruz,2000-05-23 03:00:00,29.8,1006.3,58.0,19.076,72.8777,14.0
AWS-MUM-01,Mumbai Santacruz,2000-05-23 06:00:00,31.8,1006.6,65.0,19.076,72.8777,14.0
AWS-MUM-01,Mumbai Santacruz,2000-05-23 09:00:00,32.6,1005.7,69.0,19.076,72.8777,14.0
AWS-MUM-01,Mumbai Santacruz,2000-05-23 12:00:00,32.0,1004.5,63.0,19.076,72.8777,14.0
AWS-MUM-01,Mumbai Santacruz,2000-05-23 15:00:00,29.6,1005.6,76.0,19.076,72.8777,14.0
AWS-MUM-01,Mumbai Santacruz,2000-05-23 18:00:00,29.4,1006.4,75.0,19.076,72.8777,14.0
AWS-MUM-01,Mumbai Santacruz,2000-05-23 21:00:00,28.6,1004.8,80.0,19.076,72.8777,14.0
AWS-MUM-01,Mumbai Santacruz,2000-05-24 00:00:00,28.0,1005.1,85.0,19.076,72.8777,14.0
AWS-MUM-01,Mumbai Santacruz,2000-05-24 03:00:00,29.4,1006.3,76.0,19.076,72.8777,14.0
AWS-MUM-01,Mumbai Santacruz,2000-05-24 06:00:00,32.0,1006.2,66.0,19.076,72.8777,14.0
AWS-MUM-01,Mumbai Santacruz,2000-05-24 09:00:00,32.6,1004.9,69.0,19.076,72.8777,14.0
AWS-MUM-01,Mumbai Santacruz,2000-05-24 12:00:00,32.0,1003.7,66.0,19.076,72.8777,14.0
AWS-MUM-01,Mumbai Santacruz,2000-05-24 15:00:00,29.6,1005.1,77.0,19.076,72.8777,14.0
AWS-MUM-01,Mumbai Santacruz,2000-05-24 18:00:00,29.2,1006.2,76.0,19.076,72.8777,14.0
AWS-MUM-01,Mumbai Santacruz,2000-05-24 21:00:00,28.8,1005.0,82.0,19.076,72.8777,14.0
AWS-MUM-01,Mumbai Santacruz,2000-05-25 00:00:00,28.4,1004.5,82.0,19.076,72.8777,14.0
AWS-MUM-01,Mumbai Santacruz,2000-05-25 03:00:00,30.0,1006.2,77.0,19.076,72.8777,14.0
AWS-MUM-01,Mumbai Santacruz,2000-05-25 06:00:00,32.4,1006.2,61.0,19.076,72.8777,14.0
AWS-MUM-01,Mumbai Santacruz,2000-05-25 09:00:00,32.4,1005.0,70.0,19.076,72.8777,14.0
AWS-MUM-01,Mumbai Santacruz,2000-05-25 12:00:00,32.4,1003.8,70.0,19.076,72.8777,14.0
AWS-MUM-01,Mumbai Santacruz,2000-05-25 15:00:00,30.0,1004.9,76.0,19.076,72.8777,14.0
AWS-MUM-01,Mumbai Santacruz,2000-05-25 18:00:00,29.4,1004.9,78.0,19.076,72.8777,14.0
AWS-MUM-01,Mumbai Santacruz,2000-05-26 00:00:00,28.4,1003.5,83.0,19.076,72.8777,14.0
AWS-MUM-01,Mumbai Santacruz,2000-05-26 03:00:00,30.4,1004.5,72.0,19.076,72.8777,14.0
AWS-MUM-01,Mumbai Santacruz,2000-05-26 06:00:00,31.6,1004.5,68.0,19.076,72.8777,14.0
AWS-MUM-01,Mumbai Santacruz,2000-05-26 09:00:00,32.2,1003.1,72.0,19.076,72.8777,14.0
AWS-MUM-01,Mumbai Santacruz,2000-05-26 12:00:00,31.4,1002.1,70.0,19.076,72.8777,14.0
AWS-MUM-01,Mumbai Santacruz,2000-05-26 15:00:00,29.8,1003.9,77.0,19.076,72.8777,14.0
AWS-MUM-01,Mumbai Santacruz,2000-05-26 18:00:00,29.2,1005.1,79.0,19.076,72.8777,14.0
AWS-MUM-01,Mumbai Santacruz,2000-05-26 21:00:00,29.2,1003.2,79.0,19.076,72.8777,14.0
AWS-MUM-01,Mumbai Santacruz,2000-05-27 00:00:00,29.0,1003.8,75.0,19.076,72.8777,14.0
AWS-MUM-01,Mumbai Santacruz,2000-05-27 03:00:00,30.8,1005.3,74.0,19.076,72.8777,14.0
AWS-MUM-01,Mumbai Santacruz,2000-05-27 06:00:00,32.2,1005.3,68.0,19.076,72.8777,14.0
AWS-MUM-01,Mumbai Santacruz,2000-05-27 09:00:00,32.8,1003.6,68.0,19.076,72.8777,14.0
AWS-MUM-01,Mumbai Santacruz,2000-05-27 12:00:00,31.4,1002.9,67.0,19.076,72.8777,14.0
AWS-MUM-01,Mumbai Santacruz,2000-05-27 15:00:00,29.8,1004.7,80.0,19.076,72.8777,14.0
AWS-MUM-01,Mumbai Santacruz,2000-05-27 18:00:00,28.0,1005.1,86.0,19.076,72.8777,14.0
AWS-MUM-01,Mumbai Santacruz,2000-05-28 00:00:00,26.6,1004.4,89.0,19.076,72.8777,14.0
AWS-MUM-01,Mumbai Santacruz,2000-05-28 03:00:00,28.2,1006.2,85.0,19.076,72.8777,14.0
AWS-MUM-01,Mumbai Santacruz,2000-05-28 06:00:00,30.2,1006.3,74.0,19.076,72.8777,14.0
AWS-MUM-01,Mumbai Santacruz,2000-05-28 09:00:00,31.0,1004.4,69.0,19.076,72.8777,14.0
AWS-MUM-01,Mumbai Santacruz,2000-05-28 12:00:00,30.0,1003.8,77.0,19.076,72.8777,14.0
AWS-MUM-01,Mumbai Santacruz,2000-05-28 15:00:00,28.6,1005.2,80.0,19.076,72.8777,14.0
AWS-MUM-01,Mumbai Santacruz,2000-05-28 18:00:00,27.8,1006.1,86.0,19.076,72.8777,14.0
AWS-MUM-01,Mumbai Santacruz,2000-05-29 00:00:00,27.0,1004.7,84.0,19.076,72.8777,14.0
AWS-MUM-01,Mumbai Santacruz,2000-05-29 03:00:00,28.8,1006.9,79.0,19.076,72.8777,14.0
AWS-MUM-01,Mumbai Santacruz,2000-05-29 06:00:00,31.0,1007.6,68.0,19.076,72.8777,14.0
AWS-MUM-01,Mumbai Santacruz,2000-05-29 09:00:00,32.8,1006.3,64.0,19.076,72.8777,14.0
AWS-MUM-01,Mumbai Santacruz,2000-05-29 12:00:00,31.0,1005.4,66.0,19.076,72.8777,14.0
AWS-MUM-01,Mumbai Santacruz,2000-05-29 15:00:00,29.6,1007.3,74.0,19.076,72.8777,14.0
AWS-MUM-01,Mumbai Santacruz,2000-05-29 18:00:00,27.4,1007.7,92.0,19.076,72.8777,14.0
AWS-MUM-01,Mumbai Santacruz,2000-05-29 21:00:00,27.4,1006.2,89.0,19.076,72.8777,14.0
AWS-MUM-01,Mumbai Santacruz,2000-05-30 00:00:00,26.4,1006.0,96.0,19.076,72.8777,14.0
AWS-MUM-01,Mumbai Santacruz,2000-05-30 03:00:00,28.0,1008.0,92.0,19.076,72.8777,14.0
AWS-MUM-01,Mumbai Santacruz,2000-05-30 06:00:00,31.6,1008.8,70.0,19.076,72.8777,14.0
AWS-MUM-01,Mumbai Santacruz,2000-05-30 09:00:00,31.8,1007.3,70.0,19.076,72.8777,14.0
AWS-MUM-01,Mumbai Santacruz,2000-05-30 12:00:00,31.2,1006.4,68.0,19.076,72.8777,14.0
AWS-MUM-01,Mumbai Santacruz,2000-05-30 15:00:00,29.6,1006.9,78.0,19.076,72.8777,14.0
AWS-MUM-01,Mumbai Santacruz,2000-05-30 18:00:00,29.4,1007.7,75.0,19.076,72.8777,14.0
AWS-MUM-01,Mumbai Santacruz,2000-05-30 21:00:00,27.0,1006.8,87.0,19.076,72.8777,14.0
AWS-MUM-01,Mumbai Santacruz,2000-05-31 00:00:00,28.0,1006.7,85.0,19.076,72.8777,14.0
AWS-MUM-01,Mumbai Santacruz,2000-05-31 03:00:00,28.6,1007.9,88.0,19.076,72.8777,14.0
AWS-MUM-01,Mumbai Santacruz,2000-05-31 06:00:00,31.4,1007.4,72.0,19.076,72.8777,14.0
AWS-MUM-01,Mumbai Santacruz,2000-05-31 09:00:00,32.4,1006.6,70.0,19.076,72.8777,14.0
AWS-MUM-01,Mumbai Santacruz,2000-05-31 12:00:00,31.4,1004.1,63.0,19.076,72.8777,14.0
AWS-MUM-01,Mumbai Santacruz,2000-05-31 15:00:00,30.0,1005.3,72.0,19.076,72.8777,14.0
AWS-MUM-01,Mumbai Santacruz,2000-05-31 18:00:00,29.0,1006.1,82.0,19.076,72.8777,14.0
AWS-MUM-01,Mumbai Santacruz,2000-05-31 21:00:00,28.8,1004.6,83.0,19.076,72.8777,14.0
AWS-MUM-01,Mumbai Santacruz,2000-06-01 00:00:00,27.8,1004.1,89.0,19.076,72.8777,14.0
AWS-MUM-01,Mumbai Santacruz,2000-06-01 03:00:00,28.8,1005.1,90.0,19.076,72.8777,14.0
AWS-MUM-01,Mumbai Santacruz,2000-06-01 06:00:00,31.2,1005.2,78.0,19.076,72.8777,14.0
AWS-MUM-01,Mumbai Santacruz,2000-06-01 09:00:00,32.0,1003.2,69.0,19.076,72.8777,14.0
AWS-MUM-01,Mumbai Santacruz,2000-06-01 12:00:00,30.6,1001.5,73.0,19.076,72.8777,14.0
AWS-MUM-01,Mumbai Santacruz,2000-06-01 15:00:00,24.4,1004.8,90.0,19.076,72.8777,14.0
AWS-MUM-01,Mumbai Santacruz,2000-06-01 18:00:00,24.6,1003.9,93.0,19.076,72.8777,14.0
AWS-MUM-01,Mumbai Santacruz,2000-06-01 21:00:00,24.8,1003.5,93.0,19.076,72.8777,14.0
AWS-MUM-01,Mumbai Santacruz,2000-06-02 00:00:00,25.2,1002.8,91.0,19.076,72.8777,14.0
AWS-MUM-01,Mumbai Santacruz,2000-06-02 03:00:00,27.2,1003.9,87.0,19.076,72.8777,14.0
AWS-MUM-01,Mumbai Santacruz,2000-06-02 06:00:00,28.4,1005.0,85.0,19.076,72.8777,14.0
AWS-MUM-01,Mumbai Santacruz,2000-06-02 09:00:00,29.8,1003.1,82.0,19.076,72.8777,14.0
AWS-MUM-01,Mumbai Santacruz,2000-06-02 12:00:00,28.2,1001.4,80.0,19.076,72.8777,14.0
AWS-MUM-01,Mumbai Santacruz,2000-06-02 15:00:00,27.6,1002.3,86.0,19.076,72.8777,14.0
AWS-MUM-01,Mumbai Santacruz,2000-06-02 18:00:00,27.6,1004.3,87.0,19.076,72.8777,14.0
AWS-MUM-01,Mumbai Santacruz,2000-06-02 21:00:00,26.8,1002.9,94.0,19.076,72.8777,14.0
AWS-MUM-01,Mumbai Santacruz,2000-06-03 00:00:00,27.0,1002.6,92.0,19.076,72.8777,14.0
AWS-MUM-01,Mumbai Santacruz,2000-06-03 03:00:00,28.4,1004.3,75.0,19.076,72.8777,14.0
AWS-MUM-01,Mumbai Santacruz,2000-06-03 06:00:00,32.2,1003.8,69.0,19.076,72.8777,14.0
AWS-MUM-01,Mumbai Santacruz,2000-06-03 09:00:00,32.4,1002.5,66.0,19.076,72.8777,14.0
AWS-MUM-01,Mumbai Santacruz,2000-06-03 12:00:00,31.8,1000.1,70.0,19.076,72.8777,14.0
AWS-MUM-01,Mumbai Santacruz,2000-06-03 15:00:00,29.8,1002.3,81.0,19.076,72.8777,14.0
AWS-MUM-01,Mumbai Santacruz,2000-06-03 18:00:00,29.0,1003.2,88.0,19.076,72.8777,14.0
AWS-MUM-01,Mumbai Santacruz,2000-06-03 21:00:00,27.4,1001.8,92.0,19.076,72.8777,14.0
AWS-MUM-01,Mumbai Santacruz,2000-06-04 00:00:00,25.4,1002.5,91.0,19.076,72.8777,14.0
AWS-MUM-01,Mumbai Santacruz,2000-06-04 03:00:00,25.0,1003.3,95.0,19.076,72.8777,14.0
AWS-MUM-01,Mumbai Santacruz,2000-06-04 06:00:00,29.0,1002.7,71.0,19.076,72.8777,14.0
AWS-MUM-01,Mumbai Santacruz,2000-06-04 12:00:00,30.4,999.3,73.0,19.076,72.8777,14.0
AWS-MUM-01,Mumbai Santacruz,2000-06-04 15:00:00,28.4,1001.5,82.0,19.076,72.8777,14.0
AWS-MUM-01,Mumbai Santacruz,2000-06-05 00:00:00,27.4,1000.2,92.0,19.076,72.8777,14.0
AWS-MUM-01,Mumbai Santacruz,2000-06-05 03:00:00,28.0,1001.3,83.0,19.076,72.8777,14.0
AWS-MUM-01,Mumbai Santacruz,2000-06-05 06:00:00,31.8,1000.5,64.0,19.076,72.8777,14.0
AWS-MUM-01,Mumbai Santacruz,2000-06-05 09:00:00,31.0,997.1,75.0,19.076,72.8777,14.0
AWS-MUM-01,Mumbai Santacruz,2000-06-05 15:00:00,29.2,997.9,82.0,19.076,72.8777,14.0
AWS-MUM-01,Mumbai Santacruz,2000-06-06 00:00:00,26.0,997.1,92.0,19.076,72.8777,14.0
AWS-MUM-01,Mumbai Santacruz,2000-06-06 03:00:00,23.8,997.5,96.0,19.076,72.8777,14.0
AWS-MUM-01,Mumbai Santacruz,2000-06-06 06:00:00,29.4,996.3,79.0,19.076,72.8777,14.0
AWS-MUM-01,Mumbai Santacruz,2000-06-06 09:00:00,29.0,995.8,79.0,19.076,72.8777,14.0
AWS-MUM-01,Mumbai Santacruz,2000-06-06 12:00:00,30.0,994.5,74.0,19.076,72.8777,14.0
AWS-MUM-01,Mumbai Santacruz,2000-06-06 15:00:00,28.4,996.8,82.0,19.076,72.8777,14.0
AWS-MUM-01,Mumbai Santacruz,2000-06-06 18:00:00,28.2,997.9,85.0,19.076,72.8777,14.0
AWS-MUM-01,Mumbai Santacruz,2000-06-06 21:00:00,27.8,997.0,87.0,19.076,72.8777,14.0
AWS-MUM-01,Mumbai Santacruz,2000-06-07 00:00:00,25.4,996.4,91.0,19.076,72.8777,14.0
AWS-MUM-01,Mumbai Santacruz,2000-06-07 03:00:00,27.0,997.8,86.0,19.076,72.8777,14.0
AWS-MUM-01,Mumbai Santacruz,2000-06-07 06:00:00,30.0,998.2,74.0,19.076,72.8777,14.0
AWS-MUM-01,Mumbai Santacruz,2000-06-07 09:00:00,29.0,997.3,82.0,19.076,72.8777,14.0
AWS-MUM-01,Mumbai Santacruz,2000-06-07 12:00:00,30.2,996.0,77.0,19.076,72.8777,14.0
AWS-MUM-01,Mumbai Santacruz,2000-06-07 21:00:00,28.8,998.0,86.0,19.076,72.8777,14.0
AWS-MUM-01,Mumbai Santacruz,2000-06-08 00:00:00,27.0,998.5,92.0,19.076,72.8777,14.0
AWS-MUM-01,Mumbai Santacruz,2000-06-08 03:00:00,27.2,1000.5,94.0,19.076,72.8777,14.0
AWS-MUM-01,Mumbai Santacruz,2000-06-08 06:00:00,25.2,1001.7,96.0,19.076,72.8777,14.0
AWS-MUM-01,Mumbai Santacruz,2000-06-08 09:00:00,23.8,1002.0,93.0,19.076,72.8777,14.0
AWS-MUM-01,Mumbai Santacruz,2000-06-08 12:00:00,24.6,1001.7,95.0,19.076,72.8777,14.0
AWS-MUM-01,Mumbai Santacruz,2000-06-08 15:00:00,25.0,1002.8,96.0,19.076,72.8777,14.0
AWS-MUM-01,Mumbai Santacruz,2000-06-08 18:00:00,25.2,1003.9,98.0,19.076,72.8777,14.0
AWS-MUM-01,Mumbai Santacruz,2000-06-08 21:00:00,25.0,1002.7,95.0,19.076,72.8777,14.0
AWS-MUM-01,Mumbai Santacruz,2000-06-09 03:00:00,26.0,1004.0,95.0,19.076,72.8777,14.0
AWS-MUM-01,Mumbai Santacruz,2000-06-09 06:00:00,29.0,1004.6,82.0,19.076,72.8777,14.0
AWS-MUM-01,Mumbai Santacruz,2000-06-09 09:00:00,31.8,1003.0,70.0,19.076,72.8777,14.0
AWS-MUM-01,Mumbai Santacruz,2000-06-09 12:00:00,30.0,1002.3,77.0,19.076,72.8777,14.0
AWS-MUM-01,Mumbai Santacruz,2000-06-09 15:00:00,28.4,1003.5,85.0,19.076,72.8777,14.0
AWS-MUM-01,Mumbai Santacruz,2000-06-09 18:00:00,28.2,1004.5,94.0,19.076,72.8777,14.0
AWS-MUM-01,Mumbai Santacruz,2000-06-09 21:00:00,28.0,1003.1,94.0,19.076,72.8777,14.0
AWS-MUM-01,Mumbai Santacruz,2000-06-10 00:00:00,28.6,1003.8,88.0,19.076,72.8777,14.0
AWS-MUM-01,Mumbai Santacruz,2000-06-10 03:00:00,29.0,1004.9,86.0,19.076,72.8777,14.0
AWS-MUM-01,Mumbai Santacruz,2000-06-10 09:00:00,30.4,1004.7,78.0,19.076,72.8777,14.0
AWS-MUM-01,Mumbai Santacruz,2000-06-10 18:00:00,29.0,1005.8,83.0,19.076,72.8777,14.0
AWS-MUM-01,Mumbai Santacruz,2000-06-10 21:00:00,29.0,1004.6,82.0,19.076,72.8777,14.0
AWS-MUM-01,Mumbai Santacruz,2000-06-11 00:00:00,28.8,1004.7,82.0,19.076,72.8777,14.0
AWS-MUM-01,Mumbai Santacruz,2000-06-11 03:00:00,30.0,1006.7,78.0,19.076,72.8777,14.0
AWS-MUM-01,Mumbai Santacruz,2000-06-11 06:00:00,31.8,1006.8,74.0,19.076,72.8777,14.0
AWS-MUM-01,Mumbai Santacruz,2000-06-11 09:00:00,32.8,1005.9,69.0,19.076,72.8777,14.0
AWS-MUM-01,Mumbai Santacruz,2000-06-11 12:00:00,31.6,1005.1,70.0,19.076,72.8777,14.0
AWS-MUM-01,Mumbai Santacruz,2000-06-11 15:00:00,29.8,1006.1,76.0,19.076,72.8777,14.0
AWS-MUM-01,Mumbai Santacruz,2000-06-11 18:00:00,29.6,1007.0,78.0,19.076,72.8777,14.0
AWS-MUM-01,Mumbai Santacruz,2000-06-11 21:00:00,29.0,1005.8,80.0,19.076,72.8777,14.0
AWS-MUM-01,Mumbai Santacruz,2000-06-12 00:00:00,29.0,1005.9,80.0,19.076,72.8777,14.0
AWS-MUM-01,Mumbai Santacruz,2000-06-12 03:00:00,30.4,1007.2,73.0,19.076,72.8777,14.0
AWS-MUM-01,Mumbai Santacruz,2000-06-12 06:00:00,31.4,1008.1,70.0,19.076,72.8777,14.0
AWS-MUM-01,Mumbai Santacruz,2000-06-12 09:00:00,31.8,1005.9,65.0,19.076,72.8777,14.0
AWS-MUM-01,Mumbai Santacruz,2000-06-12 12:00:00,30.0,1005.2,76.0,19.076,72.8777,14.0
AWS-MUM-01,Mumbai Santacruz,2000-06-12 15:00:00,29.4,1007.0,76.0,19.076,72.8777,14.0
AWS-MUM-01,Mumbai Santacruz,2000-06-12 18:00:00,29.2,1007.7,76.0,19.076,72.8777,14.0
AWS-MUM-01,Mumbai Santacruz,2000-06-12 21:00:00,29.0,1005.7,78.0,19.076,72.8777,14.0
AWS-MUM-01,Mumbai Santacruz,2000-06-13 00:00:00,27.4,1005.9,77.0,19.076,72.8777,14.0
AWS-MUM-01,Mumbai Santacruz,2000-06-13 03:00:00,29.0,1007.4,78.0,19.076,72.8777,14.0
AWS-MUM-01,Mumbai Santacruz,2000-06-13 06:00:00,31.0,1007.9,71.0,19.076,72.8777,14.0
AWS-MUM-01,Mumbai Santacruz,2000-06-13 09:00:00,31.6,1006.7,68.0,19.076,72.8777,14.0
AWS-MUM-01,Mumbai Santacruz,2000-06-13 12:00:00,30.8,1006.2,69.0,19.076,72.8777,14.0
AWS-MUM-01,Mumbai Santacruz,2000-06-13 15:00:00,25.1,1007.2,71.0,19.076,72.8777,14.0
AWS-MUM-01,Mumbai Santacruz,2000-06-13 18:00:00,29.4,1008.1,75.0,19.076,72.8777,14.0
AWS-MUM-01,Mumbai Santacruz,2000-06-13 21:00:00,28.8,1006.6,79.0,19.076,72.8777,14.0
AWS-MUM-01,Mumbai Santacruz,2000-06-14 00:00:00,28.4,1006.4,79.0,19.076,72.8777,14.0
AWS-MUM-01,Mumbai Santacruz,2000-06-14 03:00:00,29.0,1008.1,78.0,19.076,72.8777,14.0
AWS-MUM-01,Mumbai Santacruz,2000-06-14 06:00:00,31.6,1008.7,71.0,19.076,72.8777,14.0
AWS-MUM-01,Mumbai Santacruz,2000-06-14 09:00:00,32.0,1007.9,66.0,19.076,72.8777,14.0
AWS-MUM-01,Mumbai Santacruz,2000-06-14 12:00:00,30.6,1006.5,72.0,19.076,72.8777,14.0
AWS-MUM-01,Mumbai Santacruz,2000-06-14 15:00:00,29.0,1007.5,78.0,19.076,72.8777,14.0
AWS-MUM-01,Mumbai Santacruz,2000-06-14 18:00:00,29.2,1008.3,78.0,19.076,72.8777,14.0
AWS-MUM-01,Mumbai Santacruz,2000-06-14 21:00:00,29.0,1006.5,78.0,19.076,72.8777,14.0
AWS-MUM-01,Mumbai Santacruz,2000-06-15 00:00:00,28.8,1006.2,78.0,19.076,72.8777,14.0
AWS-MUM-01,Mumbai Santacruz,2000-06-15 03:00:00,29.0,1007.6,78.0,19.076,72.8777,14.0
AWS-MUM-01,Mumbai Santacruz,2000-06-15 06:00:00,31.8,1008.4,70.0,19.076,72.8777,14.0
AWS-MUM-01,Mumbai Santacruz,2000-06-15 09:00:00,32.0,1006.8,67.0,19.076,72.8777,14.0
AWS-MUM-01,Mumbai Santacruz,2000-06-15 12:00:00,31.0,1006.0,68.0,19.076,72.8777,14.0
AWS-MUM-01,Mumbai Santacruz,2000-06-15 15:00:00,29.4,1006.4,76.0,19.076,72.8777,14.0
AWS-MUM-01,Mumbai Santacruz,2000-06-15 18:00:00,29.0,1006.9,78.0,19.076,72.8777,14.0
AWS-MUM-01,Mumbai Santacruz,2000-06-15 21:00:00,28.8,1005.7,76.0,19.076,72.8777,14.0
AWS-MUM-01,Mumbai Santacruz,2000-06-16 00:00:00,27.6,1005.6,83.0,19.076,72.8777,14.0
AWS-MUM-01,Mumbai Santacruz,2000-06-16 03:00:00,29.8,1006.8,70.0,19.076,72.8777,14.0
AWS-MUM-01,Mumbai Santacruz,2000-06-16 06:00:00,31.6,1007.9,67.0,19.076,72.8777,14.0
AWS-MUM-01,Mumbai Santacruz,2000-06-16 09:00:00,32.2,1006.1,65.0,19.076,72.8777,14.0
AWS-MUM-01,Mumbai Santacruz,2000-06-16 12:00:00,31.0,1004.9,69.0,19.076,72.8777,14.0
AWS-MUM-01,Mumbai Santacruz,2000-06-16 15:00:00,29.4,1006.1,74.0,19.076,72.8777,14.0
AWS-MUM-01,Mumbai Santacruz,2000-06-16 18:00:00,29.2,1006.9,76.0,19.076,72.8777,14.0
AWS-MUM-01,Mumbai Santacruz,2000-06-16 21:00:00,28.8,1005.9,75.0,19.076,72.8777,14.0
AWS-MUM-01,Mumbai Santacruz,2000-06-17 00:00:00,28.4,1005.4,78.0,19.076,72.8777,14.0
AWS-MUM-01,Mumbai Santacruz,2000-06-17 03:00:00,29.6,1007.0,74.0,19.076,72.8777,14.0
AWS-MUM-01,Mumbai Santacruz,2000-06-17 06:00:00,31.4,1007.7,70.0,19.076,72.8777,14.0
AWS-MUM-01,Mumbai Santacruz,2000-06-17 09:00:00,31.8,1006.1,66.0,19.076,72.8777,14.0
AWS-MUM-01,Mumbai Santacruz,2000-06-17 12:00:00,30.4,1004.8,72.0,19.076,72.8777,14.0
AWS-MUM-01,Mumbai Santacruz,2000-06-17 15:00:00,29.2,1005.6,72.0,19.076,72.8777,14.0
AWS-MUM-01,Mumbai Santacruz,2000-06-17 18:00:00,28.8,1006.1,78.0,19.076,72.8777,14.0
AWS-MUM-01,Mumbai Santacruz,2000-06-17 21:00:00,28.4,1004.1,80.0,19.076,72.8777,14.0
AWS-MUM-01,Mumbai Santacruz,2000-06-18 00:00:00,28.0,1003.3,80.0,19.076,72.8777,14.0
AWS-MUM-01,Mumbai Santacruz,2000-06-18 03:00:00,30.0,1004.9,74.0,19.076,72.8777,14.0
AWS-MUM-01,Mumbai Santacruz,2000-06-18 06:00:00,31.4,1005.1,72.0,19.076,72.8777,14.0
AWS-MUM-01,Mumbai Santacruz,2000-06-18 09:00:00,31.8,1003.9,82.0,19.076,72.8777,14.0
AWS-MUM-01,Mumbai Santacruz,2000-06-18 12:00:00,31.2,1002.7,67.0,19.076,72.8777,14.0
AWS-MUM-01,Mumbai Santacruz,2000-06-18 15:00:00,29.0,1003.5,80.0,19.076,72.8777,14.0
AWS-MUM-01,Mumbai Santacruz,2000-06-18 18:00:00,28.8,1003.6,79.0,19.076,72.8777,14.0
AWS-MUM-01,Mumbai Santacruz,2000-06-18 21:00:00,28.6,1002.3,80.0,19.076,72.8777,14.0
AWS-MUM-01,Mumbai Santacruz,2000-06-19 00:00:00,28.2,1002.5,83.0,19.076,72.8777,14.0
AWS-MUM-01,Mumbai Santacruz,2000-06-19 03:00:00,29.8,1003.8,76.0,19.076,72.8777,14.0
AWS-MUM-01,Mumbai Santacruz,2000-06-19 06:00:00,31.6,1004.4,67.0,19.076,72.8777,14.0
AWS-MUM-01,Mumbai Santacruz,2000-06-19 09:00:00,32.0,1003.4,65.0,19.076,72.8777,14.0
AWS-MUM-01,Mumbai Santacruz,2000-06-19 12:00:00,31.0,1002.1,66.0,19.076,72.8777,14.0
AWS-MUM-01,Mumbai Santacruz,2000-06-19 15:00:00,29.6,1002.9,74.0,19.076,72.8777,14.0
AWS-MUM-01,Mumbai Santacruz,2000-06-19 18:00:00,29.2,1003.4,76.0,19.076,72.8777,14.0
AWS-MUM-01,Mumbai Santacruz,2000-06-19 21:00:00,28.8,1002.3,76.0,19.076,72.8777,14.0
AWS-MUM-01,Mumbai Santacruz,2000-06-20 00:00:00,28.6,1002.6,76.0,19.076,72.8777,14.0
AWS-MUM-01,Mumbai Santacruz,2000-06-20 03:00:00,29.4,1004.0,75.0,19.076,72.8777,14.0
AWS-MUM-01,Mumbai Santacruz,2000-06-20 06:00:00,31.8,1004.9,70.0,19.076,72.8777,14.0
AWS-MUM-01,Mumbai Santacruz,2000-06-20 09:00:00,31.6,1004.0,65.0,19.076,72.8777,14.0
AWS-MUM-01,Mumbai Santacruz,2000-06-20 12:00:00,31.0,1002.9,66.0,19.076,72.8777,14.0
AWS-MUM-01,Mumbai Santacruz,2000-06-20 15:00:00,29.4,1003.8,75.0,19.076,72.8777,14.0
AWS-MUM-01,Mumbai Santacruz,2000-06-20 18:00:00,29.0,1005.0,76.0,19.076,72.8777,14.0
AWS-MUM-01,Mumbai Santacruz,2000-06-20 21:00:00,28.8,1003.9,78.0,19.076,72.8777,14.0
AWS-MUM-01,Mumbai Santacruz,2000-06-21 00:00:00,28.6,1004.0,78.0,19.076,72.8777,14.0
AWS-MUM-01,Mumbai Santacruz,2000-06-21 03:00:00,29.8,1005.6,70.0,19.076,72.8777,14.0
AWS-MUM-01,Mumbai Santacruz,2000-06-21 06:00:00,31.2,1006.1,68.0,19.076,72.8777,14.0
AWS-MUM-01,Mumbai Santacruz,2000-06-21 09:00:00,32.6,1005.3,64.0,19.076,72.8777,14.0
AWS-MUM-01,Mumbai Santacruz,2000-06-21 12:00:00,31.2,1004.9,70.0,19.076,72.8777,14.0
AWS-MUM-01,Mumbai Santacruz,2000-06-21 15:00:00,29.2,1005.5,76.0,19.076,72.8777,14.0
AWS-MUM-01,Mumbai Santacruz,2000-06-21 18:00:00,29.0,1006.1,78.0,19.076,72.8777,14.0
AWS-MUM-01,Mumbai Santacruz,2000-06-21 21:00:00,28.8,1004.6,78.0,19.076,72.8777,14.0
AWS-MUM-01,Mumbai Santacruz,2000-06-22 00:00:00,28.8,1004.6,76.0,19.076,72.8777,14.0
AWS-MUM-01,Mumbai Santacruz,2000-06-22 03:00:00,29.8,1005.6,73.0,19.076,72.8777,14.0
AWS-MUM-01,Mumbai Santacruz,2000-06-22 06:00:00,31.6,1006.1,67.0,19.076,72.8777,14.0
AWS-MUM-01,Mumbai Santacruz,2000-06-22 09:00:00,32.4,1005.0,64.0,19.076,72.8777,14.0
AWS-MUM-01,Mumbai Santacruz,2000-06-22 12:00:00,29.0,1004.7,75.0,19.076,72.8777,14.0
AWS-MUM-01,Mumbai Santacruz,2000-06-22 15:00:00,28.4,1005.4,78.0,19.076,72.8777,14.0
AWS-MUM-01,Mumbai Santacruz,2000-06-22 18:00:00,28.8,1005.9,82.0,19.076,72.8777,14.0
AWS-MUM-01,Mumbai Santacruz,2000-06-22 21:00:00,28.2,1004.9,79.0,19.076,72.8777,14.0
AWS-MUM-01,Mumbai Santacruz,2000-06-23 00:00:00,28.4,1004.8,78.0,19.076,72.8777,14.0
AWS-MUM-01,Mumbai Santacruz,2000-06-23 03:00:00,30.2,1006.1,73.0,19.076,72.8777,14.0
AWS-MUM-01,Mumbai Santacruz,2000-06-23 06:00:00,31.0,1006.7,69.0,19.076,72.8777,14.0
AWS-MUM-01,Mumbai Santacruz,2000-06-23 12:00:00,30.8,1005.2,62.0,19.076,72.8777,14.0
AWS-MUM-01,Mumbai Santacruz,2000-06-23 18:00:00,27.0,1006.9,92.0,19.076,72.8777,14.0
AWS-MUM-01,Mumbai Santacruz,2000-06-24 00:00:00,28.2,1005.0,76.0,19.076,72.8777,14.0
AWS-MUM-01,Mumbai Santacruz,2000-06-24 03:00:00,29.0,1006.1,76.0,19.076,72.8777,14.0
AWS-MUM-01,Mumbai Santacruz,2000-06-24 06:00:00,30.8,1006.4,76.0,19.076,72.8777,14.0
AWS-MUM-01,Mumbai Santacruz,2000-06-24 12:00:00,30.6,1005.0,70.0,19.076,72.8777,14.0
AWS-MUM-01,Mumbai Santacruz,2000-06-24 15:00:00,28.6,1005.5,80.0,19.076,72.8777,14.0
AWS-MUM-01,Mumbai Santacruz,2000-06-24 18:00:00,26.6,1006.5,80.0,19.076,72.8777,14.0
AWS-MUM-01,Mumbai Santacruz,2000-06-24 21:00:00,25.6,1004.7,95.0,19.076,72.8777,14.0
AWS-MUM-01,Mumbai Santacruz,2000-06-25 03:00:00,30.0,1006.2,73.0,19.076,72.8777,14.0
AWS-MUM-01,Mumbai Santacruz,2000-06-25 09:00:00,32.0,1005.3,66.0,19.076,72.8777,14.0
AWS-MUM-01,Mumbai Santacruz,2000-06-25 12:00:00,30.8,1004.6,68.0,19.076,72.8777,14.0
AWS-MUM-01,Mumbai Santacruz,2000-06-25 15:00:00,28.8,1006.1,79.0,19.076,72.8777,14.0
AWS-MUM-01,Mumbai Santacruz,2000-06-25 18:00:00,28.2,1006.8,79.0,19.076,72.8777,14.0
AWS-MUM-01,Mumbai Santacruz,2000-06-25 21:00:00,25.2,1006.0,90.0,19.076,72.8777,14.0
AWS-MUM-01,Mumbai Santacruz,2000-06-26 00:00:00,25.4,1005.7,93.0,19.076,72.8777,14.0
AWS-MUM-01,Mumbai Santacruz,2000-06-26 03:00:00,27.0,1006.3,90.0,19.076,72.8777,14.0
AWS-MUM-01,Mumbai Santacruz,2000-06-26 06:00:00,31.0,1006.4,71.0,19.076,72.8777,14.0
AWS-MUM-01,Mumbai Santacruz,2000-06-26 09:00:00,29.8,1005.6,76.0,19.076,72.8777,14.0
AWS-MUM-01,Mumbai Santacruz,2000-06-26 12:00:00,30.2,1004.7,73.0,19.076,72.8777,14.0
AWS-MUM-01,Mumbai Santacruz,2000-06-26 15:00:00,28.0,1005.7,85.0,19.076,72.8777,14.0
AWS-MUM-01,Mumbai Santacruz,2000-06-26 18:00:00,26.6,1006.7,89.0,19.076,72.8777,14.0
AWS-MUM-01,Mumbai Santacruz,2000-06-26 21:00:00,27.6,1005.1,83.0,19.076,72.8777,14.0
AWS-MUM-01,Mumbai Santacruz,2000-06-27 00:00:00,27.4,1004.7,77.0,19.076,72.8777,14.0
AWS-MUM-01,Mumbai Santacruz,2000-06-27 03:00:00,26.0,1006.7,92.0,19.076,72.8777,14.0
AWS-MUM-01,Mumbai Santacruz,2000-06-27 06:00:00,29.0,1006.5,86.0,19.076,72.8777,14.0
AWS-MUM-01,Mumbai Santacruz,2000-06-27 09:00:00,30.4,1005.1,73.0,19.076,72.8777,14.0
AWS-MUM-01,Mumbai Santacruz,2000-06-27 12:00:00,29.0,1004.1,78.0,19.076,72.8777,14.0
AWS-MUM-01,Mumbai Santacruz,2000-06-28 00:00:00,26.0,1004.5,92.0,19.076,72.8777,14.0
AWS-MUM-01,Mumbai Santacruz,2000-06-28 03:00:00,27.6,1005.7,86.0,19.076,72.8777,14.0
AWS-MUM-01,Mumbai Santacruz,2000-06-28 06:00:00,30.2,1006.1,80.0,19.076,72.8777,14.0
AWS-MUM-01,Mumbai Santacruz,2000-06-28 09:00:00,27.0,1004.7,92.0,19.076,72.8777,14.0
AWS-MUM-01,Mumbai Santacruz,2000-06-28 12:00:00,29.0,1003.4,78.0,19.076,72.8777,14.0
AWS-MUM-01,Mumbai Santacruz,2000-06-28 15:00:00,27.8,1004.4,86.0,19.076,72.8777,14.0
AWS-MUM-01,Mumbai Santacruz,2000-06-29 00:00:00,25.6,1003.4,95.0,19.076,72.8777,14.0
AWS-MUM-01,Mumbai Santacruz,2000-06-29 06:00:00,28.8,1004.6,82.0,19.076,72.8777,14.0
AWS-MUM-01,Mumbai Santacruz,2000-06-29 09:00:00,31.2,1001.9,71.0,19.076,72.8777,14.0
AWS-MUM-01,Mumbai Santacruz,2000-06-29 12:00:00,28.0,1001.1,87.0,19.076,72.8777,14.0
AWS-MUM-01,Mumbai Santacruz,2000-06-29 15:00:00,26.4,1002.3,92.0,19.076,72.8777,14.0
AWS-MUM-01,Mumbai Santacruz,2000-06-29 18:00:00,26.4,1002.4,92.0,19.076,72.8777,14.0
AWS-MUM-01,Mumbai Santacruz,2000-06-29 21:00:00,24.8,1001.6,96.0,19.076,72.8777,14.0
AWS-MUM-01,Mumbai Santacruz,2000-06-30 00:00:00,24.8,1000.8,96.0,19.076,72.8777,14.0
AWS-MUM-01,Mumbai Santacruz,2000-06-30 03:00:00,25.6,1001.2,95.0,19.076,72.8777,14.0
AWS-MUM-01,Mumbai Santacruz,2000-06-30 06:00:00,26.6,1001.1,92.0,19.076,72.8777,14.0
AWS-MUM-01,Mumbai Santacruz,2000-06-30 09:00:00,29.0,1000.0,75.0,19.076,72.8777,14.0
AWS-MUM-01,Mumbai Santacruz,2000-06-30 12:00:00,27.8,998.8,89.0,19.076,72.8777,14.0
AWS-MUM-01,Mumbai Santacruz,2000-06-30 15:00:00,26.0,1000.9,92.0,19.076,72.8777,14.0
AWS-MUM-01,Mumbai Santacruz,2000-06-30 18:00:00,26.4,1002.0,84.0,19.076,72.8777,14.0
AWS-MUM-01,Mumbai Santacruz,2000-06-30 21:00:00,25.8,1000.1,96.0,19.076,72.8777,14.0
AWS-MUM-01,Mumbai Santacruz,2000-07-01 00:00:00,24.8,1000.0,93.0,19.076,72.8777,14.0
AWS-MUM-01,Mumbai Santacruz,2000-07-01 03:00:00,25.4,1002.4,96.0,19.076,72.8777,14.0
AWS-MUM-01,Mumbai Santacruz,2000-07-01 06:00:00,26.2,1003.2,89.0,19.076,72.8777,14.0
AWS-MUM-01,Mumbai Santacruz,2000-07-01 09:00:00,26.6,1002.4,90.0,19.076,72.8777,14.0
AWS-MUM-01,Mumbai Santacruz,2000-07-01 12:00:00,26.6,1001.3,89.0,19.076,72.8777,14.0
AWS-MUM-01,Mumbai Santacruz,2000-07-01 15:00:00,26.2,1002.8,94.0,19.076,72.8777,14.0
AWS-MUM-01,Mumbai Santacruz,2000-07-01 18:00:00,26.0,1004.0,89.0,19.076,72.8777,14.0
AWS-MUM-01,Mumbai Santacruz,2000-07-01 21:00:00,25.0,1003.0,95.0,19.076,72.8777,14.0
AWS-MUM-01,Mumbai Santacruz,2000-07-02 00:00:00,25.0,1003.0,95.0,19.076,72.8777,14.0
AWS-MUM-01,Mumbai Santacruz,2000-07-02 03:00:00,26.6,1004.3,89.0,19.076,72.8777,14.0
AWS-MUM-01,Mumbai Santacruz,2000-07-02 06:00:00,26.2,1004.8,94.0,19.076,72.8777,14.0
AWS-MUM-01,Mumbai Santacruz,2000-07-02 09:00:00,27.4,1004.1,92.0,19.076,72.8777,14.0
AWS-MUM-01,Mumbai Santacruz,2000-07-02 12:00:00,28.0,1002.6,85.0,19.076,72.8777,14.0
AWS-MUM-01,Mumbai Santacruz,2000-07-02 18:00:00,27.2,1004.6,89.0,19.076,72.8777,14.0
AWS-MUM-01,Mumbai Santacruz,2000-07-02 21:00:00,27.6,1003.1,84.0,19.076,72.8777,14.0
AWS-MUM-01,Mumbai Santacruz,2000-07-03 00:00:00,26.4,1002.8,69.0,19.076,72.8777,14.0
AWS-MUM-01,Mumbai Santacruz,2000-07-03 03:00:00,26.8,1004.2,87.0,19.076,72.8777,14.0
AWS-MUM-01,Mumbai Santacruz,2000-07-03 06:00:00,25.2,1005.1,93.0,19.076,72.8777,14.0
AWS-MUM-01,Mumbai Santacruz,2000-07-03 09:00:00,24.4,1004.1,100.0,19.076,72.8777,14.0
AWS-MUM-01,Mumbai Santacruz,2000-07-03 12:00:00,25.4,1002.3,98.0,19.076,72.8777,14.0
AWS-MUM-01,Mumbai Santacruz,2000-07-03 15:00:00,25.2,1003.9,98.0,19.076,72.8777,14.0
AWS-MUM-01,Mumbai Santacruz,2000-07-03 18:00:00,25.0,1005.0,95.0,19.076,72.8777,14.0
AWS-MUM-01,Mumbai Santacruz,2000-07-03 21:00:00,24.4,1003.4,96.0,19.076,72.8777,14.0
AWS-MUM-01,Mumbai Santacruz,2000-07-04 00:00:00,24.4,1003.0,98.0,19.076,72.8777,14.0
AWS-MUM-01,Mumbai Santacruz,2000-07-04 03:00:00,25.0,1003.7,95.0,19.076,72.8777,14.0
AWS-MUM-01,Mumbai Santacruz,2000-07-04 06:00:00,27.0,1003.8,92.0,19.076,72.8777,14.0
AWS-MUM-01,Mumbai Santacruz,2000-07-04 09:00:00,28.8,1002.2,79.0,19.076,72.8777,14.0
AWS-MUM-01,Mumbai Santacruz,2000-07-04 12:00:00,26.0,1002.0,95.0,19.076,72.8777,14.0
AWS-MUM-01,Mumbai Santacruz,2000-07-04 15:00:00,26.0,1003.7,95.0,19.076,72.8777,14.0
AWS-MUM-01,Mumbai Santacruz,2000-07-04 18:00:00,25.2,1004.9,95.0,19.076,72.8777,14.0
AWS-MUM-01,Mumbai Santacruz,2000-07-04 21:00:00,24.8,1003.2,95.0,19.076,72.8777,14.0
AWS-MUM-01,Mumbai Santacruz,2000-07-05 00:00:00,26.0,1002.6,92.0,19.076,72.8777,14.0
AWS-MUM-01,Mumbai Santacruz,2000-07-05 03:00:00,26.0,1004.1,92.0,19.076,72.8777,14.0
AWS-MUM-01,Mumbai Santacruz,2000-07-05 06:00:00,29.0,1004.1,86.0,19.076,72.8777,14.0
AWS-MUM-01,Mumbai Santacruz,2000-07-05 09:00:00,26.2,1003.2,95.0,19.076,72.8777,14.0
AWS-MUM-01,Mumbai Santacruz,2000-07-05 12:00:00,25.6,1003.0,96.0,19.076,72.8777,14.0
AWS-MUM-01,Mumbai Santacruz,2000-07-05 15:00:00,26.4,1004.2,95.0,19.076,72.8777,14.0
AWS-MUM-01,Mumbai Santacruz,2000-07-05 18:00:00,26.2,1004.9,94.0,19.076,72.8777,14.0
AWS-MUM-01,Mumbai Santacruz,2000-07-05 21:00:00,27.4,1002.9,87.0,19.076,72.8777,14.0
AWS-MUM-01,Mumbai Santacruz,2000-07-06 00:00:00,27.4,1003.0,87.0,19.076,72.8777,14.0
AWS-MUM-01,Mumbai Santacruz,2000-07-06 03:00:00,28.6,1003.9,80.0,19.076,72.8777,14.0
AWS-MUM-01,Mumbai Santacruz,2000-07-06 06:00:00,30.0,1004.1,77.0,19.076,72.8777,14.0
AWS-MUM-01,Mumbai Santacruz,2000-07-06 09:00:00,27.4,1003.3,92.0,19.076,72.8777,14.0
AWS-MUM-01,Mumbai Santacruz,2000-07-06 12:00:00,25.4,1002.0,98.0,19.076,72.8777,14.0
AWS-MUM-01,Mumbai Santacruz,2000-07-06 15:00:00,27.0,1003.4,94.0,19.076,72.8777,14.0
AWS-MUM-01,Mumbai Santacruz,2000-07-06 18:00:00,27.2,1003.6,89.0,19.076,72.8777,14.0
AWS-MUM-01,Mumbai Santacruz,2000-07-06 21:00:00,26.8,1002.5,92.0,19.076,72.8777,14.0
AWS-MUM-01,Mumbai Santacruz,2000-07-07 00:00:00,27.0,1001.9,90.0,19.076,72.8777,14.0
AWS-MUM-01,Mumbai Santacruz,2000-07-07 03:00:00,28.0,1003.4,86.0,19.076,72.8777,14.0
AWS-MUM-01,Mumbai Santacruz,2000-07-07 06:00:00,29.4,1004.2,80.0,19.076,72.8777,14.0
AWS-MUM-01,Mumbai Santacruz,2000-07-07 09:00:00,29.8,1002.2,78.0,19.076,72.8777,14.0
AWS-MUM-01,Mumbai Santacruz,2000-07-07 12:00:00,28.8,1000.6,83.0,19.076,72.8777,14.0
AWS-MUM-01,Mumbai Santacruz,2000-07-07 15:00:00,25.4,1002.2,98.0,19.076,72.8777,14.0
AWS-MUM-01,Mumbai Santacruz,2000-07-07 18:00:00,26.4,1002.8,98.0,19.076,72.8777,14.0
AWS-MUM-01,Mumbai Santacruz,2000-07-07 21:00:00,25.2,1002.3,98.0,19.076,72.8777,14.0
AWS-MUM-01,Mumbai Santacruz,2000-07-08 00:00:00,24.8,1001.4,96.0,19.076,72.8777,14.0
AWS-MUM-01,Mumbai Santacruz,2000-07-08 03:00:00,25.2,1002.9,93.0,19.076,72.8777,14.0
AWS-MUM-01,Mumbai Santacruz,2000-07-08 06:00:00,27.4,1002.3,92.0,19.076,72.8777,14.0
AWS-MUM-01,Mumbai Santacruz,2000-07-08 09:00:00,27.4,1001.3,90.0,19.076,72.8777,14.0
AWS-MUM-01,Mumbai Santacruz,2000-07-08 12:00:00,25.8,1000.1,96.0,19.076,72.8777,14.0
AWS-MUM-01,Mumbai Santacruz,2000-07-08 15:00:00,24.8,1001.7,95.0,19.076,72.8777,14.0
AWS-MUM-01,Mumbai Santacruz,2000-07-08 18:00:00,25.6,1001.9,98.0,19.076,72.8777,14.0
AWS-MUM-01,Mumbai Santacruz,2000-07-08 21:00:00,25.8,1000.8,96.0,19.076,72.8777,14.0
AWS-MUM-01,Mumbai Santacruz,2000-07-09 00:00:00,25.8,1000.7,93.0,19.076,72.8777,14.0
AWS-MUM-01,Mumbai Santacruz,2000-07-09 03:00:00,25.8,1001.5,96.0,19.076,72.8777,14.0
AWS-MUM-01,Mumbai Santacruz,2000-07-09 06:00:00,26.2,1001.7,96.0,19.076,72.8777,14.0
AWS-MUM-01,Mumbai Santacruz,2000-07-09 09:00:00,26.4,1000.8,89.0,19.076,72.8777,14.0
AWS-MUM-01,Mumbai Santacruz,2000-07-09 12:00:00,25.0,1000.6,98.0,19.076,72.8777,14.0
AWS-MUM-01,Mumbai Santacruz,2000-07-09 15:00:00,26.0,1001.4,94.0,19.076,72.8777,14.0
AWS-MUM-01,Mumbai Santacruz,2000-07-09 18:00:00,26.2,1001.9,90.0,19.076,72.8777,14.0
AWS-MUM-01,Mumbai Santacruz,2000-07-09 21:00:00,26.6,1000.2,92.0,19.076,72.8777,14.0
AWS-MUM-01,Mumbai Santacruz,2000-07-10 00:00:00,27.0,999.9,87.0,19.076,72.8777,14.0
AWS-MUM-01,Mumbai Santacruz,2000-07-10 03:00:00,27.0,1001.2,92.0,19.076,72.8777,14.0
AWS-MUM-01,Mumbai Santacruz,2000-07-10 06:00:00,29.0,1001.3,80.0,19.076,72.8777,14.0
AWS-MUM-01,Mumbai Santacruz,2000-07-10 09:00:00,27.4,1000.2,86.0,19.076,72.8777,14.0
AWS-MUM-01,Mumbai Santacruz,2000-07-10 15:00:00,26.4,1000.2,90.0,19.076,72.8777,14.0
AWS-MUM-01,Mumbai Santacruz,2000-07-10 18:00:00,26.0,1001.2,95.0,19.076,72.8777,14.0
AWS-MUM-01,Mumbai Santacruz,2000-07-10 21:00:00,26.8,999.3,92.0,19.076,72.8777,14.0
AWS-MUM-01,Mumbai Santacruz,2000-07-11 00:00:00,27.2,999.3,87.0,19.076,72.8777,14.0
AWS-MUM-01,Mumbai Santacruz,2000-07-11 03:00:00,28.0,1000.6,85.0,19.076,72.8777,14.0
AWS-MUM-01,Mumbai Santacruz,2000-07-11 06:00:00,28.2,1000.8,85.0,19.076,72.8777,14.0
AWS-MUM-01,Mumbai Santacruz,2000-07-11 09:00:00,25.0,1000.1,97.0,19.076,72.8777,14.0
AWS-MUM-01,Mumbai Santacruz,2000-07-11 12:00:00,27.0,998.4,87.0,19.076,72.8777,14.0
AWS-MUM-01,Mumbai Santacruz,2000-07-11 15:00:00,26.4,999.7,92.0,19.076,72.8777,14.0
AWS-MUM-01,Mumbai Santacruz,2000-07-11 18:00:00,26.2,1000.3,90.0,19.076,72.8777,14.0
AWS-MUM-01,Mumbai Santacruz,2000-07-11 21:00:00,25.4,998.7,96.0,19.076,72.8777,14.0
AWS-MUM-01,Mumbai Santacruz,2000-07-12 00:00:00,25.0,998.3,98.0,19.076,72.8777,14.0
AWS-MUM-01,Mumbai Santacruz,2000-07-12 03:00:00,24.8,999.4,96.0,19.076,72.8777,14.0
AWS-MUM-01,Mumbai Santacruz,2000-07-12 06:00:00,24.8,999.9,100.0,19.076,72.8777,14.0
AWS-MUM-01,Mumbai Santacruz,2000-07-12 12:00:00,25.8,998.3,98.0,19.076,72.8777,14.0
AWS-MUM-01,Mumbai Santacruz,2000-07-12 15:00:00,26.6,999.4,94.0,19.076,72.8777,14.0
AWS-MUM-01,Mumbai Santacruz,2000-07-12 18:00:00,27.0,1000.2,90.0,19.076,72.8777,14.0
AWS-MUM-01,Mumbai Santacruz,2000-07-13 00:00:00,25.4,998.5,96.0,19.076,72.8777,14.0
AWS-MUM-01,Mumbai Santacruz,2000-07-13 03:00:00,26.2,1000.1,94.0,19.076,72.8777,14.0
AWS-MUM-01,Mumbai Santacruz,2000-07-13 06:00:00,26.8,1001.0,92.0,19.076,72.8777,14.0
AWS-MUM-01,Mumbai Santacruz,2000-07-13 09:00:00,27.0,1000.4,92.0,19.076,72.8777,14.0
AWS-MUM-01,Mumbai Santacruz,2000-07-13 12:00:00,27.0,1000.3,90.0,19.076,72.8777,14.0
AWS-MUM-01,Mumbai Santacruz,2000-07-13 15:00:00,27.2,1001.2,89.0,19.076,72.8777,14.0
AWS-MUM-01,Mumbai Santacruz,2000-07-13 18:00:00,27.0,1002.4,89.0,19.076,72.8777,14.0
AWS-MUM-01,Mumbai Santacruz,2000-07-13 21:00:00,26.8,1001.8,90.0,19.076,72.8777,14.0
AWS-MUM-01,Mumbai Santacruz,2000-07-14 00:00:00,27.4,1001.3,86.0,19.076,72.8777,14.0
AWS-MUM-01,Mumbai Santacruz,2000-07-14 03:00:00,28.0,1003.0,83.0,19.076,72.8777,14.0
AWS-MUM-01,Mumbai Santacruz,2000-07-14 06:00:00,28.6,1003.6,83.0,19.076,72.8777,14.0
AWS-MUM-01,Mumbai Santacruz,2000-07-14 09:00:00,29.6,1002.9,78.0,19.076,72.8777,14.0
AWS-MUM-01,Mumbai Santacruz,2000-07-14 12:00:00,27.6,1002.2,86.0,19.076,72.8777,14.0
AWS-MUM-01,Mumbai Santacruz,2000-07-14 15:00:00,27.4,1003.2,84.0,19.076,72.8777,14.0
AWS-MUM-01,Mumbai Santacruz,2000-07-14 18:00:00,27.0,1004.1,87.0,19.076,72.8777,14.0
AWS-MUM-01,Mumbai Santacruz,2000-07-15 00:00:00,27.0,1002.4,87.0,19.076,72.8777,14.0
AWS-MUM-01,Mumbai Santacruz,2000-07-15 03:00:00,27.8,1004.4,81.0,19.076,72.8777,14.0
AWS-MUM-01,Mumbai Santacruz,2000-07-15 06:00:00,28.4,1005.1,79.0,19.076,72.8777,14.0
AWS-MUM-01,Mumbai Santacruz,2000-07-15 09:00:00,28.8,1003.7,76.0,19.076,72.8777,14.0
AWS-MUM-01,Mumbai Santacruz,2000-07-15 12:00:00,28.4,1002.9,79.0,19.076,72.8777,14.0
AWS-MUM-01,Mumbai Santacruz,2000-07-15 15:00:00,27.4,1003.1,84.0,19.076,72.8777,14.0
AWS-MUM-01,Mumbai Santacruz,2000-07-15 18:00:00,27.4,1004.0,86.0,19.076,72.8777,14.0
AWS-MUM-01,Mumbai Santacruz,2000-07-16 00:00:00,27.4,1002.2,84.0,19.076,72.8777,14.0
AWS-MUM-01,Mumbai Santacruz,2000-07-16 03:00:00,28.0,1004.1,82.0,19.076,72.8777,14.0
AWS-MUM-01,Mumbai Santacruz,2000-07-16 06:00:00,29.0,1005.0,79.0,19.076,72.8777,14.0
AWS-MUM-01,Mumbai Santacruz,2000-07-16 09:00:00,28.4,1003.9,79.0,19.076,72.8777,14.0
AWS-MUM-01,Mumbai Santacruz,2000-07-16 12:00:00,28.0,1004.05,81.0,19.076,72.8777,14.0
AWS-MUM-01,Mumbai Santacruz,2000-07-16 15:00:00,27.6,1004.2,83.0,19.076,72.8777,14.0
AWS-MUM-01,Mumbai Santacruz,2000-07-16 18:00:00,27.6,1004.8,83.0,19.076,72.8777,14.0
AWS-MUM-01,Mumbai Santacruz,2000-07-16 21:00:00,27.6,1003.6,84.0,19.076,72.8777,14.0
AWS-MUM-01,Mumbai Santacruz,2000-07-17 00:00:00,27.2,1002.8,86.0,19.076,72.8777,14.0
AWS-MUM-01,Mumbai Santacruz,2000-07-17 03:00:00,27.4,1004.4,83.0,19.076,72.8777,14.0
AWS-MUM-01,Mumbai Santacruz,2000-07-17 06:00:00,29.0,1004.5,78.0,19.076,72.8777,14.0
AWS-MUM-01,Mumbai Santacruz,2000-07-17 09:00:00,29.0,1003.5,76.0,19.076,72.8777,14.0
AWS-MUM-01,Mumbai Santacruz,2000-07-17 12:00:00,28.2,1002.5,80.0,19.076,72.8777,14.0
AWS-MUM-01,Mumbai Santacruz,2000-07-17 15:00:00,27.4,1003.6,84.0,19.076,72.8777,14.0
AWS-MUM-01,Mumbai Santacruz,2000-07-17 18:00:00,27.4,1004.3,83.0,19.076,72.8777,14.0
AWS-MUM-01,Mumbai Santacruz,2000-07-18 00:00:00,27.4,1002.7,83.0,19.076,72.8777,14.0
AWS-MUM-01,Mumbai Santacruz,2000-07-18 03:00:00,27.8,1003.6,83.0,19.076,72.8777,14.0
AWS-MUM-01,Mumbai Santacruz,2000-07-18 04:00:00,28.0,1003.3,84.0,19.076,72.8777,14.0
AWS-MUM-01,Mumbai Santacruz,2000-07-18 06:00:00,28.0,1003.0,89.0,19.076,72.8777,14.0
AWS-MUM-01,Mumbai Santacruz,2000-07-18 07:00:00,27.0,1002.7,84.0,19.076,72.8777,14.0
AWS-MUM-01,Mumbai Santacruz,2000-07-18 08:00:00,28.0,1002.4,84.0,19.076,72.8777,14.0
AWS-MUM-01,Mumbai Santacruz,2000-07-18 12:00:00,28.0,1002.1,100.0,19.076,72.8777,14.0
AWS-MUM-01,Mumbai Santacruz,2000-07-18 15:00:00,27.4,1003.2,84.0,19.076,72.8777,14.0
AWS-MUM-01,Mumbai Santacruz,2000-07-18 21:00:00,27.0,1002.3,87.0,19.076,72.8777,14.0
AWS-MUM-01,Mumbai Santacruz,2000-07-19 00:00:00,27.2,1002.2,86.0,19.076,72.8777,14.0
AWS-MUM-01,Mumbai Santacruz,2000-07-19 03:00:00,27.6,1003.0,83.0,19.076,72.8777,14.0
AWS-MUM-01,Mumbai Santacruz,2000-07-19 06:00:00,28.4,1004.2,85.0,19.076,72.8777,14.0
AWS-MUM-01,Mumbai Santacruz,2000-07-19 12:00:00,29.0,1002.5,78.0,19.076,72.8777,14.0
AWS-MUM-01,Mumbai Santacruz,2000-07-19 15:00:00,27.2,1003.2,86.0,19.076,72.8777,14.0
AWS-MUM-01,Mumbai Santacruz,2000-07-19 18:00:00,27.2,1003.8,86.0,19.076,72.8777,14.0
AWS-MUM-01,Mumbai Santacruz,2000-07-19 21:00:00,27.0,1002.7,86.0,19.076,72.8777,14.0
AWS-MUM-01,Mumbai Santacruz,2000-07-20 00:00:00,26.8,1002.6,86.0,19.076,72.8777,14.0
AWS-MUM-01,Mumbai Santacruz,2000-07-20 03:00:00,27.4,1004.0,84.0,19.076,72.8777,14.0
AWS-MUM-01,Mumbai Santacruz,2000-07-20 06:00:00,30.2,1005.1,73.0,19.076,72.8777,14.0
AWS-MUM-01,Mumbai Santacruz,2000-07-20 12:00:00,28.6,1003.7,80.0,19.076,72.8777,14.0
AWS-MUM-01,Mumbai Santacruz,2000-07-20 18:00:00,27.2,1005.2,84.0,19.076,72.8777,14.0
AWS-MUM-01,Mumbai Santacruz,2000-07-21 00:00:00,27.0,1004.5,84.0,19.076,72.8777,14.0
AWS-MUM-01,Mumbai Santacruz,2000-07-21 03:00:00,27.2,1005.6,86.0,19.076,72.8777,14.0
AWS-MUM-01,Mumbai Santacruz,2000-07-21 06:00:00,29.4,1006.5,78.0,19.076,72.8777,14.0
AWS-MUM-01,Mumbai Santacruz,2000-07-21 09:00:00,30.0,1005.6,76.0,19.076,72.8777,14.0
AWS-MUM-01,Mumbai Santacruz,2000-07-21 12:00:00,29.0,1005.0,78.0,19.076,72.8777,14.0
AWS-MUM-01,Mumbai Santacruz,2000-07-21 15:00:00,27.6,1005.9,83.0,19.076,72.8777,14.0
AWS-MUM-01,Mumbai Santacruz,2000-07-21 18:00:00,26.8,1007.9,87.0,19.076,72.8777,14.0
AWS-MUM-01,Mumbai Santacruz,2000-07-22 00:00:00,26.4,1006.7,86.0,19.076,72.8777,14.0
AWS-MUM-01,Mumbai Santacruz,2000-07-22 03:00:00,27.8,1008.1,80.0,19.076,72.8777,14.0
AWS-MUM-01,Mumbai Santacruz,2000-07-22 06:00:00,29.0,1008.8,78.0,19.076,72.8777,14.0
AWS-MUM-01,Mumbai Santacruz,2000-07-22 09:00:00,30.6,1007.7,72.0,19.076,72.8777,14.0
AWS-MUM-01,Mumbai Santacruz,2000-07-22 12:00:00,29.4,1007.4,71.0,19.076,72.8777,14.0
AWS-MUM-01,Mumbai Santacruz,2000-07-22 15:00:00,27.4,1008.1,83.0,19.076,72.8777,14.0
AWS-MUM-01,Mumbai Santacruz,2000-07-22 18:00:00,27.0,1009.5,87.0,19.076,72.8777,14.0
AWS-MUM-01,Mumbai Santacruz,2000-07-22 21:00:00,26.6,1007.8,89.0,19.076,72.8777,14.0
AWS-MUM-01,Mumbai Santacruz,2000-07-23 00:00:00,26.6,1007.3,87.0,19.076,72.8777,14.0
AWS-MUM-01,Mumbai Santacruz,2000-07-23 03:00:00,28.0,1008.7,78.0,19.076,72.8777,14.0
AWS-MUM-01,Mumbai Santacruz,2000-07-23 06:00:00,29.4,1008.6,78.0,19.076,72.8777,14.0
AWS-MUM-01,Mumbai Santacruz,2000-07-23 12:00:00,29.4,1007.4,74.0,19.076,72.8777,14.0
AWS-MUM-01,Mumbai Santacruz,2000-07-23 15:00:00,27.6,1007.4,83.0,19.076,72.8777,14.0
AWS-MUM-01,Mumbai Santacruz,2000-07-23 18:00:00,27.4,1008.6,83.0,19.076,72.8777,14.0
AWS-MUM-01,Mumbai Santacruz,2000-07-23 21:00:00,26.8,1005.8,83.0,19.076,72.8777,14.0
AWS-MUM-01,Mumbai Santacruz,2000-07-24 00:00:00,26.4,1005.8,86.0,19.076,72.8777,14.0
AWS-MUM-01,Mumbai Santacruz,2000-07-24 03:00:00,28.2,1007.1,79.0,19.076,72.8777,14.0
AWS-MUM-01,Mumbai Santacruz,2000-07-24 06:00:00,30.0,1007.8,72.0,19.076,72.8777,14.0
AWS-MUM-01,Mumbai Santacruz,2000-07-24 09:00:00,31.0,1006.6,64.0,19.076,72.8777,14.0
AWS-MUM-01,Mumbai Santacruz,2000-07-24 12:00:00,29.2,1006.3,71.0,19.076,72.8777,14.0
AWS-MUM-01,Mumbai Santacruz,2000-07-24 15:00:00,27.6,1007.0,80.0,19.076,72.8777,14.0
AWS-MUM-01,Mumbai Santacruz,2000-07-24 18:00:00,27.0,1007.3,84.0,19.076,72.8777,14.0
AWS-MUM-01,Mumbai Santacruz,2000-07-24 21:00:00,27.0,1006.4,80.0,19.076,72.8777,14.0
AWS-MUM-01,Mumbai Santacruz,2000-07-25 00:00:00,26.8,1006.6,81.0,19.076,72.8777,14.0
AWS-MUM-01,Mumbai Santacruz,2000-07-25 03:00:00,28.6,1008.2,78.0,19.076,72.8777,14.0
AWS-MUM-01,Mumbai Santacruz,2000-07-25 06:00:00,30.0,1008.5,70.0,19.076,72.8777,14.0
AWS-MUM-01,Mumbai Santacruz,2000-07-25 09:00:00,30.8,1006.9,70.0,19.076,72.8777,14.0
AWS-MUM-01,Mumbai Santacruz,2000-07-25 12:00:00,30.0,1006.4,72.0,19.076,72.8777,14.0
AWS-MUM-01,Mumbai Santacruz,2000-07-25 15:00:00,28.0,1007.4,78.0,19.076,72.8777,14.0
AWS-MUM-01,Mumbai Santacruz,2000-07-25 18:00:00,27.4,1008.0,81.0,19.076,72.8777,14.0
AWS-MUM-01,Mumbai Santacruz,2000-07-25 21:00:00,27.0,1007.0,81.0,19.076,72.8777,14.0
AWS-MUM-01,Mumbai Santacruz,2000-07-26 00:00:00,26.8,1006.9,83.0,19.076,72.8777,14.0
AWS-MUM-01,Mumbai Santacruz,2000-07-26 01:00:00,27.0,1007.55,84.0,19.076,72.8777,14.0
AWS-MUM-01,Mumbai Santacruz,2000-07-26 06:00:00,30.0,1008.2,73.0,19.076,72.8777,14.0
AWS-MUM-01,Mumbai Santacruz,2000-07-26 09:00:00,31.0,1006.8,63.0,19.076,72.8777,14.0
AWS-MUM-01,Mumbai Santacruz,2000-07-26 12:00:00,29.2,1006.4,78.0,19.076,72.8777,14.0
AWS-MUM-01,Mumbai Santacruz,2000-07-26 15:00:00,28.0,1007.3,80.0,19.076,72.8777,14.0
AWS-MUM-01,Mumbai Santacruz,2000-07-26 18:00:00,27.6,1007.0,81.0,19.076,72.8777,14.0
AWS-MUM-01,Mumbai Santacruz,2000-07-26 21:00:00,27.2,1005.2,83.0,19.076,72.8777,14.0
AWS-MUM-01,Mumbai Santacruz,2000-07-27 00:00:00,27.0,1005.2,81.0,19.076,72.8777,14.0
AWS-MUM-01,Mumbai Santacruz,2000-07-27 01:00:00,28.0,1005.83,79.0,19.076,72.8777,14.0
AWS-MUM-01,Mumbai Santacruz,2000-07-27 02:00:00,28.0,1006.47,79.0,19.076,72.8777,14.0
AWS-MUM-01,Mumbai Santacruz,2000-07-27 03:00:00,28.6,1007.1,76.0,19.076,72.8777,14.0
AWS-MUM-01,Mumbai Santacruz,2000-07-27 04:00:00,28.0,1007.35,84.0,19.076,72.8777,14.0
AWS-MUM-01,Mumbai Santacruz,2000-07-27 06:00:00,29.6,1007.6,72.0,19.076,72.8777,14.0
AWS-MUM-01,Mumbai Santacruz,2000-07-27 07:00:00,30.0,1007.2,70.0,19.076,72.8777,14.0
AWS-MUM-01,Mumbai Santacruz,2000-07-27 09:00:00,30.6,1006.8,70.0,19.076,72.8777,14.0
AWS-MUM-01,Mumbai Santacruz,2000-07-27 12:00:00,29.8,1004.7,73.0,19.076,72.8777,14.0
AWS-MUM-01,Mumbai Santacruz,2000-07-27 15:00:00,28.2,1005.3,78.0,19.076,72.8777,14.0
AWS-MUM-01,Mumbai Santacruz,2000-07-27 18:00:00,27.8,1006.8,78.0,19.076,72.8777,14.0
AWS-MUM-01,Mumbai Santacruz,2000-07-27 21:00:00,27.4,1004.5,81.0,19.076,72.8777,14.0
AWS-MUM-01,Mumbai Santacruz,2000-07-28 00:00:00,27.2,1004.2,81.0,19.076,72.8777,14.0
AWS-MUM-01,Mumbai Santacruz,2000-07-28 02:00:00,28.0,1004.95,84.0,19.076,72.8777,14.0
AWS-MUM-01,Mumbai Santacruz,2000-07-28 03:00:00,28.0,1005.7,82.0,19.076,72.8777,14.0
AWS-MUM-01,Mumbai Santacruz,2000-07-28 04:00:00,28.0,1005.9,89.0,19.076,72.8777,14.0
AWS-MUM-01,Mumbai Santacruz,2000-07-28 05:00:00,29.0,1006.1,74.0,19.076,72.8777,14.0
AWS-MUM-01,Mumbai Santacruz,2000-07-28 06:00:00,30.4,1006.3,73.0,19.076,72.8777,14.0
AWS-MUM-01,Mumbai Santacruz,2000-07-28 07:00:00,30.0,1005.9,70.0,19.076,72.8777,14.0
AWS-MUM-01,Mumbai Santacruz,2000-07-28 09:00:00,31.2,1005.5,70.0,19.076,72.8777,14.0
AWS-MUM-01,Mumbai Santacruz,2000-07-28 12:00:00,30.2,1004.4,73.0,19.076,72.8777,14.0
AWS-MUM-01,Mumbai Santacruz,2000-07-28 15:00:00,28.0,1005.6,86.0,19.076,72.8777,14.0
AWS-MUM-01,Mumbai Santacruz,2000-07-28 18:00:00,27.8,1006.1,81.0,19.076,72.8777,14.0
AWS-MUM-01,Mumbai Santacruz,2000-07-28 21:00:00,27.4,1004.8,83.0,19.076,72.8777,14.0
AWS-MUM-01,Mumbai Santacruz,2000-07-29 00:00:00,27.2,1004.9,83.0,19.076,72.8777,14.0
AWS-MUM-01,Mumbai Santacruz,2000-07-29 03:00:00,28.6,1007.0,78.0,19.076,72.8777,14.0
AWS-MUM-01,Mumbai Santacruz,2000-07-29 06:00:00,30.6,1007.3,70.0,19.076,72.8777,14.0
AWS-MUM-01,Mumbai Santacruz,2000-07-29 09:00:00,31.4,1006.1,68.0,19.076,72.8777,14.0
AWS-MUM-01,Mumbai Santacruz,2000-07-29 12:00:00,30.4,1005.0,73.0,19.076,72.8777,14.0
AWS-MUM-01,Mumbai Santacruz,2000-07-29 15:00:00,28.0,1006.5,78.0,19.076,72.8777,14.0
AWS-MUM-01,Mumbai Santacruz,2000-07-29 18:00:00,27.8,1007.5,80.0,19.076,72.8777,14.0
AWS-MUM-01,Mumbai Santacruz,2000-07-29 21:00:00,27.4,1006.7,80.0,19.076,72.8777,14.0
AWS-MUM-01,Mumbai Santacruz,2000-07-30 00:00:00,27.4,1006.4,78.0,19.076,72.8777,14.0
AWS-MUM-01,Mumbai Santacruz,2000-07-30 03:00:00,29.0,1008.4,78.0,19.076,72.8777,14.0
AWS-MUM-01,Mumbai Santacruz,2000-07-30 06:00:00,30.4,1008.2,72.0,19.076,72.8777,14.0
AWS-MUM-01,Mumbai Santacruz,2000-07-30 09:00:00,31.2,1007.1,70.0,19.076,72.8777,14.0
AWS-MUM-01,Mumbai Santacruz,2000-07-30 15:00:00,28.0,1007.6,80.0,19.076,72.8777,14.0
AWS-MUM-01,Mumbai Santacruz,2000-07-30 18:00:00,27.8,1007.6,78.0,19.076,72.8777,14.0
AWS-MUM-01,Mumbai Santacruz,2000-07-30 21:00:00,27.4,1006.4,80.0,19.076,72.8777,14.0
AWS-MUM-01,Mumbai Santacruz,2000-07-31 00:00:00,27.2,1006.1,83.0,19.076,72.8777,14.0
AWS-MUM-01,Mumbai Santacruz,2000-07-31 03:00:00,28.4,1007.4,78.0,19.076,72.8777,14.0
AWS-MUM-01,Mumbai Santacruz,2000-07-31 06:00:00,30.4,1007.4,70.0,19.076,72.8777,14.0
AWS-MUM-01,Mumbai Santacruz,2000-07-31 09:00:00,31.4,1006.3,67.0,19.076,72.8777,14.0
AWS-MUM-01,Mumbai Santacruz,2000-07-31 12:00:00,30.0,1005.6,69.0,19.076,72.8777,14.0
AWS-MUM-01,Mumbai Santacruz,2000-07-31 18:00:00,27.8,1007.5,76.0,19.076,72.8777,14.0
AWS-MUM-01,Mumbai Santacruz,2000-08-01 00:00:00,27.2,1005.6,78.0,19.076,72.8777,14.0
AWS-MUM-01,Mumbai Santacruz,2000-08-01 03:00:00,26.8,1007.1,81.0,19.076,72.8777,14.0
AWS-MUM-01,Mumbai Santacruz,2000-08-01 06:00:00,29.6,1008.1,74.0,19.076,72.8777,14.0
AWS-MUM-01,Mumbai Santacruz,2000-08-01 09:00:00,30.0,1006.2,70.0,19.076,72.8777,14.0
AWS-MUM-01,Mumbai Santacruz,2000-08-01 12:00:00,30.0,1005.5,70.0,19.076,72.8777,14.0
AWS-MUM-01,Mumbai Santacruz,2000-08-01 15:00:00,27.8,1006.5,78.0,19.076,72.8777,14.0
AWS-MUM-01,Mumbai Santacruz,2000-08-01 18:00:00,27.6,1006.8,80.0,19.076,72.8777,14.0
AWS-MUM-01,Mumbai Santacruz,2000-08-02 00:00:00,27.4,1006.1,77.0,19.076,72.8777,14.0
AWS-MUM-01,Mumbai Santacruz,2000-08-02 03:00:00,29.0,1007.3,75.0,19.076,72.8777,14.0
AWS-MUM-01,Mumbai Santacruz,2000-08-02 06:00:00,30.6,1008.2,69.0,19.076,72.8777,14.0
AWS-MUM-01,Mumbai Santacruz,2000-08-02 09:00:00,30.8,1007.4,67.0,19.076,72.8777,14.0
AWS-MUM-01,Mumbai Santacruz,2000-08-02 12:00:00,29.6,1006.4,70.0,19.076,72.8777,14.0
AWS-MUM-01,Mumbai Santacruz,2000-08-02 15:00:00,27.8,1008.0,80.0,19.076,72.8777,14.0
AWS-MUM-01,Mumbai Santacruz,2000-08-02 18:00:00,27.6,1008.2,80.0,19.076,72.8777,14.0
AWS-MUM-01,Mumbai Santacruz,2000-08-02 21:00:00,27.2,1006.7,81.0,19.076,72.8777,14.0
AWS-MUM-01,Mumbai Santacruz,2000-08-03 00:00:00,26.8,1006.6,84.0,19.076,72.8777,14.0
AWS-MUM-01,Mumbai Santacruz,2000-08-03 03:00:00,28.8,1008.3,76.0,19.076,72.8777,14.0
AWS-MUM-01,Mumbai Santacruz,2000-08-03 06:00:00,30.6,1008.5,69.0,19.076,72.8777,14.0
AWS-MUM-01,Mumbai Santacruz,2000-08-03 09:00:00,31.0,1007.2,68.0,19.076,72.8777,14.0
AWS-MUM-01,Mumbai Santacruz,2000-08-03 12:00:00,30.0,1006.3,72.0,19.076,72.8777,14.0
AWS-MUM-01,Mumbai Santacruz,2000-08-03 15:00:00,28.0,1007.2,80.0,19.076,72.8777,14.0
AWS-MUM-01,Mumbai Santacruz,2000-08-03 18:00:00,27.2,1007.8,83.0,19.076,72.8777,14.0
AWS-MUM-01,Mumbai Santacruz,2000-08-03 21:00:00,27.4,1006.9,81.0,19.076,72.8777,14.0
AWS-MUM-01,Mumbai Santacruz,2000-08-04 00:00:00,25.8,1007.3,93.0,19.076,72.8777,14.0
AWS-MUM-01,Mumbai Santacruz,2000-08-04 03:00:00,28.2,1008.8,85.0,19.076,72.8777,14.0
AWS-MUM-01,Mumbai Santacruz,2000-08-04 06:00:00,28.2,1009.5,86.0,19.076,72.8777,14.0
AWS-MUM-01,Mumbai Santacruz,2000-08-04 09:00:00,31.0,1007.6,71.0,19.076,72.8777,14.0
AWS-MUM-01,Mumbai Santacruz,2000-08-04 12:00:00,29.6,1006.9,71.0,19.076,72.8777,14.0
AWS-MUM-01,Mumbai Santacruz,2000-08-04 15:00:00,27.8,1007.6,78.0,19.076,72.8777,14.0
AWS-MUM-01,Mumbai Santacruz,2000-08-04 18:00:00,26.2,1008.2,87.0,19.076,72.8777,14.0
AWS-MUM-01,Mumbai Santacruz,2000-08-04 21:00:00,25.6,1007.3,89.0,19.076,72.8777,14.0
AWS-MUM-01,Mumbai Santacruz,2000-08-05 00:00:00,25.6,1007.5,91.0,19.076,72.8777,14.0
AWS-MUM-01,Mumbai Santacruz,2000-08-05 03:00:00,28.8,1008.2,78.0,19.076,72.8777,14.0
AWS-MUM-01,Mumbai Santacruz,2000-08-05 06:00:00,30.8,1008.2,69.0,19.076,72.8777,14.0
AWS-MUM-01,Mumbai Santacruz,2000-08-05 09:00:00,31.0,1006.3,66.0,19.076,72.8777,14.0
AWS-MUM-01,Mumbai Santacruz,2000-08-05 12:00:00,30.0,1005.3,69.0,19.076,72.8777,14.0
AWS-MUM-01,Mumbai Santacruz,2000-08-05 15:00:00,28.2,1006.3,79.0,19.076,72.8777,14.0
AWS-MUM-01,Mumbai Santacruz,2000-08-05 18:00:00,27.6,1007.2,83.0,19.076,72.8777,14.0
AWS-MUM-01,Mumbai Santacruz,2000-08-05 21:00:00,27.0,1004.5,84.0,19.076,72.8777,14.0
AWS-MUM-01,Mumbai Santacruz,2000-08-06 00:00:00,27.2,1005.0,84.0,19.076,72.8777,14.0
AWS-MUM-01,Mumbai Santacruz,2000-08-06 03:00:00,27.2,1006.7,90.0,19.076,72.8777,14.0
AWS-MUM-01,Mumbai Santacruz,2000-08-06 06:00:00,29.6,1006.6,74.0,19.076,72.8777,14.0
AWS-MUM-01,Mumbai Santacruz,2000-08-06 09:00:00,30.8,1007.0,69.0,19.076,72.8777,14.0
AWS-MUM-01,Mumbai Santacruz,2000-08-06 12:00:00,30.0,1003.7,69.0,19.076,72.8777,14.0
AWS-MUM-01,Mumbai Santacruz,2000-08-06 15:00:00,28.4,1005.2,76.0,19.076,72.8777,14.0
AWS-MUM-01,Mumbai Santacruz,2000-08-06 18:00:00,27.6,1006.1,80.0,19.076,72.8777,14.0
AWS-MUM-01,Mumbai Santacruz,2000-08-06 21:00:00,27.4,1004.9,81.0,19.076,72.8777,14.0
AWS-MUM-01,Mumbai Santacruz,2000-08-07 00:00:00,26.6,1004.9,87.0,19.076,72.8777,14.0
AWS-MUM-01,Mumbai Santacruz,2000-08-07 03:00:00,28.0,1006.4,80.0,19.076,72.8777,14.0
AWS-MUM-01,Mumbai Santacruz,2000-08-07 06:00:00,30.8,1006.9,69.0,19.076,72.8777,14.0
AWS-MUM-01,Mumbai Santacruz,2000-08-07 09:00:00,31.2,1005.2,67.0,19.076,72.8777,14.0
AWS-MUM-01,Mumbai Santacruz,2000-08-07 12:00:00,29.8,1003.9,73.0,19.076,72.8777,14.0
AWS-MUM-01,Mumbai Santacruz,2000-08-07 15:00:00,28.4,1005.5,76.0,19.076,72.8777,14.0
AWS-MUM-01,Mumbai Santacruz,2000-08-07 18:00:00,28.4,1006.1,78.0,19.076,72.8777,14.0
AWS-MUM-01,Mumbai Santacruz,2000-08-07 21:00:00,28.0,1005.1,80.0,19.076,72.8777,14.0
AWS-MUM-01,Mumbai Santacruz,2000-08-08 00:00:00,28.0,1005.1,80.0,19.076,72.8777,14.0
AWS-MUM-01,Mumbai Santacruz,2000-08-08 03:00:00,28.6,1006.6,78.0,19.076,72.8777,14.0
AWS-MUM-01,Mumbai Santacruz,2000-08-08 06:00:00,30.8,1007.2,69.0,19.076,72.8777,14.0
AWS-MUM-01,Mumbai Santacruz,2000-08-08 09:00:00,31.0,1005.6,69.0,19.076,72.8777,14.0
AWS-MUM-01,Mumbai Santacruz,2000-08-08 12:00:00,30.0,1004.3,72.0,19.076,72.8777,14.0
AWS-MUM-01,Mumbai Santacruz,2000-08-08 15:00:00,28.6,1006.0,78.0,19.076,72.8777,14.0
AWS-MUM-01,Mumbai Santacruz,2000-08-08 18:00:00,28.0,1006.9,82.0,19.076,72.8777,14.0
AWS-MUM-01,Mumbai Santacruz,2000-08-08 21:00:00,27.8,1005.4,81.0,19.076,72.8777,14.0
AWS-MUM-01,Mumbai Santacruz,2000-08-09 00:00:00,27.6,1004.8,81.0,19.076,72.8777,14.0
AWS-MUM-01,Mumbai Santacruz,2000-08-09 03:00:00,28.6,1006.0,79.0,19.076,72.8777,14.0
AWS-MUM-01,Mumbai Santacruz,2000-08-09 06:00:00,29.0,1006.5,79.0,19.076,72.8777,14.0
AWS-MUM-01,Mumbai Santacruz,2000-08-09 09:00:00,30.8,1004.1,70.0,19.076,72.8777,14.0
AWS-MUM-01,Mumbai Santacruz,2000-08-09 12:00:00,29.0,1002.6,76.0,19.076,72.8777,14.0
AWS-MUM-01,Mumbai Santacruz,2000-08-09 15:00:00,28.6,1003.7,78.0,19.076,72.8777,14.0
AWS-MUM-01,Mumbai Santacruz,2000-08-09 18:00:00,28.4,1004.8,83.0,19.076,72.8777,14.0
AWS-MUM-01,Mumbai Santacruz,2000-08-09 21:00:00,28.0,1002.5,80.0,19.076,72.8777,14.0
AWS-MUM-01,Mumbai Santacruz,2000-08-10 00:00:00,27.2,1001.5,84.0,19.076,72.8777,14.0
AWS-MUM-01,Mumbai Santacruz,2000-08-10 03:00:00,27.8,1002.8,86.0,19.076,72.8777,14.0
AWS-MUM-01,Mumbai Santacruz,2000-08-10 09:00:00,25.6,1001.2,95.0,19.076,72.8777,14.0
AWS-MUM-01,Mumbai Santacruz,2000-08-10 12:00:00,25.0,1000.8,96.0,19.076,72.8777,14.0
AWS-MUM-01,Mumbai Santacruz,2000-08-10 15:00:00,24.4,1002.2,96.0,19.076,72.8777,14.0
AWS-MUM-01,Mumbai Santacruz,2000-08-10 18:00:00,24.6,1003.0,98.0,19.076,72.8777,14.0
AWS-MUM-01,Mumbai Santacruz,2000-08-10 21:00:00,24.4,1000.9,100.0,19.076,72.8777,14.0
AWS-MUM-01,Mumbai Santacruz,2000-08-11 00:00:00,25.0,1000.0,95.0,19.076,72.8777,14.0
AWS-MUM-01,Mumbai Santacruz,2000-08-11 03:00:00,25.6,1000.0,95.0,19.076,72.8777,14.0
AWS-MUM-01,Mumbai Santacruz,2000-08-11 09:00:00,26.0,1000.0,92.0,19.076,72.8777,14.0
AWS-MUM-01,Mumbai Santacruz,2000-08-11 12:00:00,26.0,999.0,94.0,19.076,72.8777,14.0
AWS-MUM-01,Mumbai Santacruz,2000-08-11 15:00:00,25.8,1000.9,93.0,19.076,72.8777,14.0
AWS-MUM-01,Mumbai Santacruz,2000-08-11 18:00:00,26.0,1001.9,92.0,19.076,72.8777,14.0
AWS-MUM-01,Mumbai Santacruz,2000-08-11 21:00:00,26.2,1001.0,92.0,19.076,72.8777,14.0
AWS-MUM-01,Mumbai Santacruz,2000-08-12 00:00:00,25.4,1001.4,93.0,19.076,72.8777,14.0
AWS-MUM-01,Mumbai Santacruz,2000-08-12 03:00:00,24.6,1003.8,96.0,19.076,72.8777,14.0
AWS-MUM-01,Mumbai Santacruz,2000-08-12 06:00:00,26.2,1005.3,96.0,19.076,72.8777,14.0
AWS-MUM-01,Mumbai Santacruz,2000-08-12 09:00:00,29.8,1003.9,78.0,19.076,72.8777,14.0
AWS-MUM-01,Mumbai Santacruz,2000-08-12 12:00:00,28.0,1003.4,87.0,19.076,72.8777,14.0
AWS-MUM-01,Mumbai Santacruz,2000-08-12 15:00:00,27.6,1006.0,84.0,19.076,72.8777,14.0
AWS-MUM-01,Mumbai Santacruz,2000-08-12 18:00:00,27.2,1007.0,86.0,19.076,72.8777,14.0
AWS-MUM-01,Mumbai Santacruz,2000-08-12 21:00:00,27.0,1006.9,87.0,19.076,72.8777,14.0
AWS-MUM-01,Mumbai Santacruz,2000-08-13 00:00:00,27.0,1006.9,87.0,19.076,72.8777,14.0
AWS-MUM-01,Mumbai Santacruz,2000-08-13 03:00:00,28.0,1008.8,83.0,19.076,72.8777,14.0
AWS-MUM-01,Mumbai Santacruz,2000-08-13 06:00:00,29.8,1009.5,76.0,19.076,72.8777,14.0
AWS-MUM-01,Mumbai Santacruz,2000-08-13 09:00:00,30.6,1008.2,77.0,19.076,72.8777,14.0
AWS-MUM-01,Mumbai Santacruz,2000-08-13 12:00:00,29.0,1007.9,80.0,19.076,72.8777,14.0
AWS-MUM-01,Mumbai Santacruz,2000-08-13 15:00:00,27.8,1009.2,86.0,19.076,72.8777,14.0
AWS-MUM-01,Mumbai Santacruz,2000-08-13 21:00:00,27.2,1009.0,86.0,19.076,72.8777,14.0
AWS-MUM-01,Mumbai Santacruz,2000-08-14 00:00:00,26.0,1008.5,90.0,19.076,72.8777,14.0
AWS-MUM-01,Mumbai Santacruz,2000-08-14 03:00:00,28.0,1009.4,80.0,19.076,72.8777,14.0
AWS-MUM-01,Mumbai Santacruz,2000-08-14 15:00:00,27.8,1008.4,81.0,19.076,72.8777,14.0
AWS-MUM-01,Mumbai Santacruz,2000-08-14 21:00:00,27.0,1007.3,84.0,19.076,72.8777,14.0
AWS-MUM-01,Mumbai Santacruz,2000-08-14 23:00:00,30.0,1007.05,70.0,19.076,72.8777,14.0
AWS-MUM-01,Mumbai Santacruz,2000-08-15 00:00:00,26.2,1006.8,87.0,19.076,72.8777,14.0
AWS-MUM-01,Mumbai Santacruz,2000-08-15 03:00:00,28.2,1008.2,79.0,19.076,72.8777,14.0
AWS-MUM-01,Mumbai Santacruz,2000-08-15 06:00:00,30.4,1009.2,70.0,19.076,72.8777,14.0
AWS-MUM-01,Mumbai Santacruz,2000-08-15 09:00:00,31.0,1008.0,71.0,19.076,72.8777,14.0
AWS-MUM-01,Mumbai Santacruz,2000-08-15 12:00:00,29.6,1006.6,72.0,19.076,72.8777,14.0
AWS-MUM-01,Mumbai Santacruz,2000-08-15 15:00:00,27.2,1007.9,83.0,19.076,72.8777,14.0
AWS-MUM-01,Mumbai Santacruz,2000-08-15 18:00:00,27.4,1009.3,81.0,19.076,72.8777,14.0
AWS-MUM-01,Mumbai Santacruz,2000-08-15 21:00:00,27.0,1007.8,84.0,19.076,72.8777,14.0
AWS-MUM-01,Mumbai Santacruz,2000-08-16 00:00:00,26.2,1007.5,90.0,19.076,72.8777,14.0
AWS-MUM-01,Mumbai Santacruz,2000-08-16 03:00:00,28.0,1008.4,80.0,19.076,72.8777,14.0
AWS-MUM-01,Mumbai Santacruz,2000-08-16 06:00:00,30.4,1009.2,72.0,19.076,72.8777,14.0
AWS-MUM-01,Mumbai Santacruz,2000-08-16 09:00:00,30.8,1008.5,70.0,19.076,72.8777,14.0
AWS-MUM-01,Mumbai Santacruz,2000-08-16 12:00:00,29.8,1006.9,72.0,19.076,72.8777,14.0
AWS-MUM-01,Mumbai Santacruz,2000-08-16 15:00:00,28.0,1007.5,80.0,19.076,72.8777,14.0
AWS-MUM-01,Mumbai Santacruz,2000-08-16 18:00:00,27.6,1008.5,81.0,19.076,72.8777,14.0
AWS-MUM-01,Mumbai Santacruz,2000-08-16 21:00:00,26.4,1006.9,92.0,19.076,72.8777,14.0
AWS-MUM-01,Mumbai Santacruz,2000-08-17 00:00:00,27.2,1006.7,84.0,19.076,72.8777,14.0
AWS-MUM-01,Mumbai Santacruz,2000-08-17 03:00:00,28.2,1007.9,80.0,19.076,72.8777,14.0
AWS-MUM-01,Mumbai Santacruz,2000-08-17 06:00:00,30.2,1008.3,73.0,19.076,72.8777,14.0
AWS-MUM-01,Mumbai Santacruz,2000-08-17 09:00:00,30.2,1006.3,73.0,19.076,72.8777,14.0
AWS-MUM-01,Mumbai Santacruz,2000-08-17 12:00:00,29.8,1004.7,74.0,19.076,72.8777,14.0
AWS-MUM-01,Mumbai Santacruz,2000-08-17 15:00:00,27.8,1005.7,81.0,19.076,72.8777,14.0
AWS-MUM-01,Mumbai Santacruz,2000-08-17 18:00:00,27.6,1006.7,83.0,19.076,72.8777,14.0
AWS-MUM-01,Mumbai Santacruz,2000-08-17 21:00:00,27.4,1005.1,83.0,19.076,72.8777,14.0
AWS-MUM-01,Mumbai Santacruz,2000-08-18 00:00:00,27.2,1004.5,84.0,19.076,72.8777,14.0
AWS-MUM-01,Mumbai Santacruz,2000-08-18 03:00:00,27.8,1006.4,83.0,19.076,72.8777,14.0
AWS-MUM-01,Mumbai Santacruz,2000-08-18 06:00:00,29.0,1006.7,76.0,19.076,72.8777,14.0
AWS-MUM-01,Mumbai Santacruz,2000-08-18 09:00:00,29.0,1005.0,83.0,19.076,72.8777,14.0
AWS-MUM-01,Mumbai Santacruz,2000-08-18 12:00:00,28.2,1004.5,82.0,19.076,72.8777,14.0
AWS-MUM-01,Mumbai Santacruz,2000-08-18 18:00:00,27.6,1006.5,84.0,19.076,72.8777,14.0
AWS-MUM-01,Mumbai Santacruz,2000-08-18 21:00:00,27.8,1005.5,83.0,19.076,72.8777,14.0
AWS-MUM-01,Mumbai Santacruz,2000-08-19 00:00:00,27.6,1005.5,83.0,19.076,72.8777,14.0
AWS-MUM-01,Mumbai Santacruz,2000-08-19 03:00:00,28.2,1006.6,80.0,19.076,72.8777,14.0
AWS-MUM-01,Mumbai Santacruz,2000-08-19 06:00:00,30.0,1007.2,76.0,19.076,72.8777,14.0
AWS-MUM-01,Mumbai Santacruz,2000-08-19 09:00:00,30.0,1005.3,73.0,19.076,72.8777,14.0
AWS-MUM-01,Mumbai Santacruz,2000-08-19 12:00:00,28.8,1004.7,74.0,19.076,72.8777,14.0
AWS-MUM-01,Mumbai Santacruz,2000-08-19 15:00:00,27.6,1006.1,83.0,19.076,72.8777,14.0
AWS-MUM-01,Mumbai Santacruz,2000-08-19 18:00:00,27.4,1007.3,83.0,19.076,72.8777,14.0
AWS-MUM-01,Mumbai Santacruz,2000-08-19 21:00:00,27.6,1005.6,83.0,19.076,72.8777,14.0
AWS-MUM-01,Mumbai Santacruz,2000-08-20 00:00:00,27.4,1005.6,84.0,19.076,72.8777,14.0
AWS-MUM-01,Mumbai Santacruz,2000-08-20 03:00:00,28.2,1006.7,80.0,19.076,72.8777,14.0
AWS-MUM-01,Mumbai Santacruz,2000-08-20 06:00:00,29.6,1007.3,71.0,19.076,72.8777,14.0
AWS-MUM-01,Mumbai Santacruz,2000-08-20 09:00:00,29.0,1005.3,79.0,19.076,72.8777,14.0
AWS-MUM-01,Mumbai Santacruz,2000-08-20 12:00:00,28.8,1004.4,76.0,19.076,72.8777,14.0
AWS-MUM-01,Mumbai Santacruz,2000-08-20 15:00:00,28.0,1005.7,82.0,19.076,72.8777,14.0
AWS-MUM-01,Mumbai Santacruz,2000-08-20 18:00:00,27.0,1006.3,87.0,19.076,72.8777,14.0
AWS-MUM-01,Mumbai Santacruz,2000-08-20 21:00:00,27.6,1004.2,83.0,19.076,72.8777,14.0
AWS-MUM-01,Mumbai Santacruz,2000-08-21 00:00:00,27.2,1003.7,84.0,19.076,72.8777,14.0
AWS-MUM-01,Mumbai Santacruz,2000-08-21 03:00:00,27.2,1004.8,86.0,19.076,72.8777,14.0
AWS-MUM-01,Mumbai Santacruz,2000-08-21 06:00:00,26.6,1005.0,84.0,19.076,72.8777,14.0
AWS-MUM-01,Mumbai Santacruz,2000-08-21 09:00:00,25.6,1003.7,90.0,19.076,72.8777,14.0
AWS-MUM-01,Mumbai Santacruz,2000-08-21 12:00:00,24.4,1002.7,98.0,19.076,72.8777,14.0
AWS-MUM-01,Mumbai Santacruz,2000-08-21 15:00:00,25.2,1003.5,95.0,19.076,72.8777,14.0
AWS-MUM-01,Mumbai Santacruz,2000-08-21 18:00:00,25.2,1004.6,95.0,19.076,72.8777,14.0
AWS-MUM-01,Mumbai Santacruz,2000-08-21 21:00:00,24.8,1002.7,96.0,19.076,72.8777,14.0
AWS-MUM-01,Mumbai Santacruz,2000-08-22 00:00:00,24.8,1002.2,95.0,19.076,72.8777,14.0
AWS-MUM-01,Mumbai Santacruz,2000-08-22 03:00:00,25.4,1003.6,95.0,19.076,72.8777,14.0
AWS-MUM-01,Mumbai Santacruz,2000-08-22 06:00:00,27.6,1003.8,84.0,19.076,72.8777,14.0
AWS-MUM-01,Mumbai Santacruz,2000-08-22 09:00:00,26.8,1001.8,89.0,19.076,72.8777,14.0
AWS-MUM-01,Mumbai Santacruz,2000-08-22 12:00:00,26.4,1001.4,87.0,19.076,72.8777,14.0
AWS-MUM-01,Mumbai Santacruz,2000-08-22 18:00:00,25.2,1004.1,96.0,19.076,72.8777,14.0
AWS-MUM-01,Mumbai Santacruz,2000-08-23 00:00:00,25.8,1002.0,94.0,19.076,72.8777,14.0
AWS-MUM-01,Mumbai Santacruz,2000-08-23 03:00:00,26.4,1003.5,92.0,19.076,72.8777,14.0
AWS-MUM-01,Mumbai Santacruz,2000-08-23 06:00:00,27.2,1003.6,94.0,19.076,72.8777,14.0
AWS-MUM-01,Mumbai Santacruz,2000-08-23 09:00:00,28.4,1001.7,83.0,19.076,72.8777,14.0
AWS-MUM-01,Mumbai Santacruz,2000-08-23 12:00:00,27.6,1001.0,87.0,19.076,72.8777,14.0
AWS-MUM-01,Mumbai Santacruz,2000-08-23 15:00:00,27.0,1002.3,89.0,19.076,72.8777,14.0
AWS-MUM-01,Mumbai Santacruz,2000-08-23 18:00:00,27.6,1002.6,86.0,19.076,72.8777,14.0
AWS-MUM-01,Mumbai Santacruz,2000-08-23 21:00:00,26.2,1000.5,95.0,19.076,72.8777,14.0
AWS-MUM-01,Mumbai Santacruz,2000-08-24 00:00:00,25.4,1000.4,95.0,19.076,72.8777,14.0
AWS-MUM-01,Mumbai Santacruz,2000-08-24 03:00:00,25.4,1000.8,91.0,19.076,72.8777,14.0
AWS-MUM-01,Mumbai Santacruz,2000-08-24 06:00:00,26.2,1000.8,95.0,19.076,72.8777,14.0
AWS-MUM-01,Mumbai Santacruz,2000-08-24 09:00:00,26.0,999.0,94.0,19.076,72.8777,14.0
AWS-MUM-01,Mumbai Santacruz,2000-08-24 12:00:00,24.2,997.4,97.0,19.076,72.8777,14.0
AWS-MUM-01,Mumbai Santacruz,2000-08-24 15:00:00,26.2,999.1,100.0,19.076,72.8777,14.0
AWS-MUM-01,Mumbai Santacruz,2000-08-24 18:00:00,25.6,999.5,98.0,19.076,72.8777,14.0
AWS-MUM-01,Mumbai Santacruz,2000-08-24 21:00:00,25.6,997.3,98.0,19.076,72.8777,14.0
AWS-MUM-01,Mumbai Santacruz,2000-08-25 00:00:00,25.2,996.2,98.0,19.076,72.8777,14.0
AWS-MUM-01,Mumbai Santacruz,2000-08-25 03:00:00,25.8,997.6,96.0,19.076,72.8777,14.0
AWS-MUM-01,Mumbai Santacruz,2000-08-25 06:00:00,28.4,997.5,89.0,19.076,72.8777,14.0
AWS-MUM-01,Mumbai Santacruz,2000-08-25 09:00:00,29.4,994.8,76.0,19.076,72.8777,14.0
AWS-MUM-01,Mumbai Santacruz,2000-08-25 12:00:00,29.4,994.4,79.0,19.076,72.8777,14.0
AWS-MUM-01,Mumbai Santacruz,2000-08-25 18:00:00,26.8,999.3,90.0,19.076,72.8777,14.0
AWS-MUM-01,Mumbai Santacruz,2000-08-26 00:00:00,25.8,999.5,95.0,19.076,72.8777,14.0
AWS-MUM-01,Mumbai Santacruz,2000-08-26 03:00:00,26.4,1001.6,95.0,19.076,72.8777,14.0
AWS-MUM-01,Mumbai Santacruz,2000-08-26 09:00:00,28.6,1001.9,78.0,19.076,72.8777,14.0
AWS-MUM-01,Mumbai Santacruz,2000-08-26 12:00:00,25.6,1002.2,93.0,19.076,72.8777,14.0
AWS-MUM-01,Mumbai Santacruz,2000-08-26 15:00:00,27.0,1003.0,92.0,19.076,72.8777,14.0
AWS-MUM-01,Mumbai Santacruz,2000-08-26 18:00:00,26.8,1004.6,93.0,19.076,72.8777,14.0
AWS-MUM-01,Mumbai Santacruz,2000-08-26 21:00:00,26.2,1003.4,94.0,19.076,72.8777,14.0
AWS-MUM-01,Mumbai Santacruz,2000-08-27 00:00:00,26.0,1003.2,95.0,19.076,72.8777,14.0
AWS-MUM-01,Mumbai Santacruz,2000-08-27 03:00:00,26.8,1005.1,90.0,19.076,72.8777,14.0
AWS-MUM-01,Mumbai Santacruz,2000-08-27 06:00:00,28.6,1005.9,80.0,19.076,72.8777,14.0
AWS-MUM-01,Mumbai Santacruz,2000-08-27 09:00:00,29.0,1004.3,80.0,19.076,72.8777,14.0
AWS-MUM-01,Mumbai Santacruz,2000-08-27 12:00:00,24.4,1004.7,96.0,19.076,72.8777,14.0
AWS-MUM-01,Mumbai Santacruz,2000-08-27 15:00:00,25.2,1005.6,96.0,19.076,72.8777,14.0
AWS-MUM-01,Mumbai Santacruz,2000-08-27 18:00:00,25.0,1006.7,98.0,19.076,72.8777,14.0
AWS-MUM-01,Mumbai Santacruz,2000-08-27 21:00:00,24.6,1004.5,98.0,19.076,72.8777,14.0
AWS-MUM-01,Mumbai Santacruz,2000-08-28 00:00:00,25.0,1004.1,95.0,19.076,72.8777,14.0
AWS-MUM-01,Mumbai Santacruz,2000-08-28 03:00:00,25.8,1005.9,96.0,19.076,72.8777,14.0
AWS-MUM-01,Mumbai Santacruz,2000-08-28 06:00:00,26.8,1006.1,92.0,19.076,72.8777,14.0
AWS-MUM-01,Mumbai Santacruz,2000-08-28 09:00:00,25.8,1004.8,92.0,19.076,72.8777,14.0
AWS-MUM-01,Mumbai Santacruz,2000-08-28 12:00:00,25.6,1004.5,98.0,19.076,72.8777,14.0
AWS-MUM-01,Mumbai Santacruz,2000-08-28 15:00:00,26.6,1005.8,90.0,19.076,72.8777,14.0
AWS-MUM-01,Mumbai Santacruz,2000-08-28 21:00:00,26.6,1005.9,90.0,19.076,72.8777,14.0
AWS-MUM-01,Mumbai Santacruz,2000-08-29 00:00:00,25.4,1005.1,95.0,19.076,72.8777,14.0
AWS-MUM-01,Mumbai Santacruz,2000-08-29 03:00:00,26.2,1006.2,90.0,19.076,72.8777,14.0
AWS-MUM-01,Mumbai Santacruz,2000-08-29 06:00:00,27.6,1006.6,83.0,19.076,72.8777,14.0
AWS-MUM-01,Mumbai Santacruz,2000-08-29 09:00:00,26.6,1005.7,89.0,19.076,72.8777,14.0
AWS-MUM-01,Mumbai Santacruz,2000-08-29 12:00:00,28.0,1004.8,82.0,19.076,72.8777,14.0
AWS-MUM-01,Mumbai Santacruz,2000-08-29 15:00:00,26.8,1006.3,83.0,19.076,72.8777,14.0
AWS-MUM-01,Mumbai Santacruz,2000-08-29 18:00:00,26.2,1006.3,92.0,19.076,72.8777,14.0
AWS-MUM-01,Mumbai Santacruz,2000-08-29 21:00:00,26.4,1005.5,89.0,19.076,72.8777,14.0
AWS-MUM-01,Mumbai Santacruz,2000-08-30 00:00:00,26.6,1005.0,86.0,19.076,72.8777,14.0
AWS-MUM-01,Mumbai Santacruz,2000-08-30 03:00:00,26.6,1006.9,89.0,19.076,72.8777,14.0
AWS-MUM-01,Mumbai Santacruz,2000-08-30 06:00:00,30.0,1007.7,72.0,19.076,72.8777,14.0
AWS-MUM-01,Mumbai Santacruz,2000-08-30 09:00:00,29.4,1005.8,76.0,19.076,72.8777,14.0
AWS-MUM-01,Mumbai Santacruz,2000-08-30 12:00:00,28.4,1005.1,79.0,19.076,72.8777,14.0
AWS-MUM-01,Mumbai Santacruz,2000-08-30 13:00:00,28.0,1005.65,84.0,19.076,72.8777,14.0
AWS-MUM-01,Mumbai Santacruz,2000-08-30 15:00:00,27.2,1006.2,83.0,19.076,72.8777,14.0
AWS-MUM-01,Mumbai Santacruz,2000-08-30 18:00:00,26.4,1006.8,86.0,19.076,72.8777,14.0
AWS-MUM-01,Mumbai Santacruz,2000-08-31 00:00:00,25.6,1004.7,89.0,19.076,72.8777,14.0
AWS-MUM-01,Mumbai Santacruz,2000-08-31 03:00:00,26.8,1005.8,86.0,19.076,72.8777,14.0
AWS-MUM-01,Mumbai Santacruz,2000-08-31 06:00:00,29.8,1006.7,74.0,19.076,72.8777,14.0
AWS-MUM-01,Mumbai Santacruz,2000-08-31 09:00:00,30.2,1005.3,71.0,19.076,72.8777,14.0
AWS-MUM-01,Mumbai Santacruz,2000-08-31 12:00:00,26.6,1004.5,90.0,19.076,72.8777,14.0
AWS-MUM-01,Mumbai Santacruz,2000-08-31 15:00:00,26.2,1005.4,90.0,19.076,72.8777,14.0
AWS-MUM-01,Mumbai Santacruz,2000-08-31 18:00:00,24.8,1006.3,93.0,19.076,72.8777,14.0
AWS-MUM-01,Mumbai Santacruz,2000-08-31 21:00:00,24.0,1004.3,96.0,19.076,72.8777,14.0
AWS-MUM-01,Mumbai Santacruz,2000-09-01 00:00:00,26.0,1003.6,92.0,19.076,72.8777,14.0
AWS-MUM-01,Mumbai Santacruz,2000-09-01 03:00:00,26.4,1005.9,89.0,19.076,72.8777,14.0
AWS-MUM-01,Mumbai Santacruz,2000-09-01 06:00:00,27.2,1006.6,86.0,19.076,72.8777,14.0
AWS-MUM-01,Mumbai Santacruz,2000-09-01 09:00:00,28.8,1005.1,76.0,19.076,72.8777,14.0
AWS-MUM-01,Mumbai Santacruz,2000-09-01 12:00:00,27.8,1004.2,83.0,19.076,72.8777,14.0
AWS-MUM-01,Mumbai Santacruz,2000-09-01 15:00:00,26.8,1005.4,86.0,19.076,72.8777,14.0
AWS-MUM-01,Mumbai Santacruz,2000-09-01 18:00:00,26.2,1006.1,92.0,19.076,72.8777,14.0
AWS-MUM-01,Mumbai Santacruz,2000-09-01 21:00:00,26.6,1004.4,87.0,19.076,72.8777,14.0
AWS-MUM-01,Mumbai Santacruz,2000-09-02 00:00:00,26.8,1004.5,83.0,19.076,72.8777,14.0
AWS-MUM-01,Mumbai Santacruz,2000-09-02 03:00:00,28.4,1006.0,82.0,19.076,72.8777,14.0
AWS-MUM-01,Mumbai Santacruz,2000-09-02 06:00:00,29.8,1006.5,77.0,19.076,72.8777,14.0
AWS-MUM-01,Mumbai Santacruz,2000-09-02 09:00:00,29.8,1004.7,73.0,19.076,72.8777,14.0
AWS-MUM-01,Mumbai Santacruz,2000-09-02 12:00:00,28.4,1004.6,79.0,19.076,72.8777,14.0
AWS-MUM-01,Mumbai Santacruz,2000-09-02 15:00:00,27.4,1005.5,84.0,19.076,72.8777,14.0
AWS-MUM-01,Mumbai Santacruz,2000-09-02 18:00:00,27.2,1005.8,86.0,19.076,72.8777,14.0
AWS-MUM-01,Mumbai Santacruz,2000-09-02 21:00:00,27.0,1004.7,86.0,19.076,72.8777,14.0
AWS-MUM-01,Mumbai Santacruz,2000-09-03 00:00:00,26.4,1004.5,90.0,19.076,72.8777,14.0
AWS-MUM-01,Mumbai Santacruz,2000-09-03 03:00:00,27.8,1005.7,83.0,19.076,72.8777,14.0
AWS-MUM-01,Mumbai Santacruz,2000-09-03 06:00:00,30.0,1006.5,74.0,19.076,72.8777,14.0
AWS-MUM-01,Mumbai Santacruz,2000-09-03 09:00:00,28.4,1005.7,80.0,19.076,72.8777,14.0
AWS-MUM-01,Mumbai Santacruz,2000-09-03 12:00:00,28.2,1005.5,79.0,19.076,72.8777,14.0
AWS-MUM-01,Mumbai Santacruz,2000-09-03 15:00:00,27.4,1006.5,84.0,19.076,72.8777,14.0
AWS-MUM-01,Mumbai Santacruz,2000-09-03 18:00:00,26.4,1007.3,89.0,19.076,72.8777,14.0
AWS-MUM-01,Mumbai Santacruz,2000-09-03 21:00:00,26.4,1006.2,89.0,19.076,72.8777,14.0
AWS-MUM-01,Mumbai Santacruz,2000-09-04 00:00:00,26.2,1006.1,87.0,19.076,72.8777,14.0
AWS-MUM-01,Mumbai Santacruz,2000-09-04 03:00:00,28.0,1007.2,82.0,19.076,72.8777,14.0
AWS-MUM-01,Mumbai Santacruz,2000-09-04 06:00:00,29.8,1008.2,76.0,19.076,72.8777,14.0
AWS-MUM-01,Mumbai Santacruz,2000-09-04 09:00:00,30.0,1007.3,73.0,19.076,72.8777,14.0
AWS-MUM-01,Mumbai Santacruz,2000-09-04 12:00:00,29.2,1006.7,76.0,19.076,72.8777,14.0
AWS-MUM-01,Mumbai Santacruz,2000-09-04 15:00:00,27.4,1007.6,83.0,19.076,72.8777,14.0
AWS-MUM-01,Mumbai Santacruz,2000-09-04 18:00:00,27.4,1007.9,84.0,19.076,72.8777,14.0
AWS-MUM-01,Mumbai Santacruz,2000-09-04 21:00:00,26.8,1006.9,84.0,19.076,72.8777,14.0
AWS-MUM-01,Mumbai Santacruz,2000-09-05 00:00:00,26.2,1006.8,90.0,19.076,72.8777,14.0
AWS-MUM-01,Mumbai Santacruz,2000-09-05 03:00:00,27.4,1008.3,84.0,19.076,72.8777,14.0
AWS-MUM-01,Mumbai Santacruz,2000-09-05 06:00:00,29.8,1008.3,73.0,19.076,72.8777,14.0
AWS-MUM-01,Mumbai Santacruz,2000-09-05 09:00:00,26.6,1006.5,86.0,19.076,72.8777,14.0
AWS-MUM-01,Mumbai Santacruz,2000-09-05 12:00:00,28.6,1006.65,83.5,19.076,72.8777,14.0
AWS-MUM-01,Mumbai Santacruz,2000-09-05 15:00:00,27.4,1006.8,81.0,19.076,72.8777,14.0
AWS-MUM-01,Mumbai Santacruz,2000-09-05 18:00:00,27.0,1007.4,83.0,19.076,72.8777,14.0
AWS-MUM-01,Mumbai Santacruz,2000-09-05 21:00:00,26.6,1006.1,84.0,19.076,72.8777,14.0
AWS-MUM-01,Mumbai Santacruz,2000-09-06 00:00:00,26.4,1005.8,84.0,19.076,72.8777,14.0
AWS-MUM-01,Mumbai Santacruz,2000-09-06 03:00:00,28.0,1007.0,78.0,19.076,72.8777,14.0
AWS-MUM-01,Mumbai Santacruz,2000-09-06 06:00:00,29.8,1007.4,72.0,19.076,72.8777,14.0
AWS-MUM-01,Mumbai Santacruz,2000-09-06 09:00:00,29.4,1005.9,71.0,19.076,72.8777,14.0
AWS-MUM-01,Mumbai Santacruz,2000-09-06 12:00:00,29.0,1005.5,71.0,19.076,72.8777,14.0
AWS-MUM-01,Mumbai Santacruz,2000-09-06 15:00:00,27.6,1006.6,80.0,19.076,72.8777,14.0
AWS-MUM-01,Mumbai Santacruz,2000-09-06 18:00:00,26.8,1006.8,84.0,19.076,72.8777,14.0
AWS-MUM-01,Mumbai Santacruz,2000-09-06 21:00:00,26.6,1005.5,84.0,19.076,72.8777,14.0
AWS-MUM-01,Mumbai Santacruz,2000-09-07 00:00:00,26.4,1005.4,86.0,19.076,72.8777,14.0
AWS-MUM-01,Mumbai Santacruz,2000-09-07 03:00:00,28.0,1007.7,78.0,19.076,72.8777,14.0
AWS-MUM-01,Mumbai Santacruz,2000-09-07 06:00:00,30.4,1008.3,69.0,19.076,72.8777,14.0
AWS-MUM-01,Mumbai Santacruz,2000-09-07 12:00:00,29.0,1006.7,74.0,19.076,72.8777,14.0
AWS-MUM-01,Mumbai Santacruz,2000-09-07 18:00:00,26.8,1008.8,83.0,19.076,72.8777,14.0
AWS-MUM-01,Mumbai Santacruz,2000-09-08 03:00:00,27.4,1009.7,81.0,19.076,72.8777,14.0
AWS-MUM-01,Mumbai Santacruz,2000-09-08 06:00:00,30.0,1010.4,74.0,19.076,72.8777,14.0
AWS-MUM-01,Mumbai Santacruz,2000-09-08 12:00:00,29.0,1008.1,71.0,19.076,72.8777,14.0
AWS-MUM-01,Mumbai Santacruz,2000-09-09 00:00:00,26.4,1008.6,83.0,19.076,72.8777,14.0
AWS-MUM-01,Mumbai Santacruz,2000-09-09 03:00:00,28.6,1011.0,74.0,19.076,72.8777,14.0
AWS-MUM-01,Mumbai Santacruz,2000-09-09 06:00:00,30.2,1011.4,68.0,19.076,72.8777,14.0
AWS-MUM-01,Mumbai Santacruz,2000-09-09 09:00:00,30.8,1009.3,63.0,19.076,72.8777,14.0
AWS-MUM-01,Mumbai Santacruz,2000-09-09 12:00:00,29.6,1008.6,67.0,19.076,72.8777,14.0
AWS-MUM-01,Mumbai Santacruz,2000-09-09 15:00:00,27.8,1010.4,74.0,19.076,72.8777,14.0
AWS-MUM-01,Mumbai Santacruz,2000-09-09 16:00:00,28.0,1010.5,74.0,19.076,72.8777,14.0
AWS-MUM-01,Mumbai Santacruz,2000-09-09 18:00:00,27.4,1010.6,78.0,19.076,72.8777,14.0
AWS-MUM-01,Mumbai Santacruz,2000-09-09 21:00:00,27.0,1008.9,80.0,19.076,72.8777,14.0
AWS-MUM-01,Mumbai Santacruz,2000-09-10 00:00:00,27.0,1008.7,80.0,19.076,72.8777,14.0
AWS-MUM-01,Mumbai Santacruz,2000-09-10 06:00:00,30.8,1010.8,64.0,19.076,72.8777,14.0
AWS-MUM-01,Mumbai Santacruz,2000-09-10 09:00:00,30.2,1008.6,68.0,19.076,72.8777,14.0
AWS-MUM-01,Mumbai Santacruz,2000-09-10 12:00:00,29.8,1008.0,67.0,19.076,72.8777,14.0
AWS-MUM-01,Mumbai Santacruz,2000-09-10 15:00:00,28.0,1009.3,74.0,19.076,72.8777,14.0
AWS-MUM-01,Mumbai Santacruz,2000-09-10 18:00:00,27.6,1009.2,77.0,19.076,72.8777,14.0
AWS-MUM-01,Mumbai Santacruz,2000-09-10 21:00:00,27.2,1007.8,78.0,19.076,72.8777,14.0
AWS-MUM-01,Mumbai Santacruz,2000-09-11 00:00:00,26.8,1007.6,81.0,19.076,72.8777,14.0
AWS-MUM-01,Mumbai Santacruz,2000-09-11 03:00:00,28.6,1009.0,78.0,19.076,72.8777,14.0
AWS-MUM-01,Mumbai Santacruz,2000-09-11 06:00:00,30.6,1009.4,69.0,19.076,72.8777,14.0
AWS-MUM-01,Mumbai Santacruz,2000-09-11 09:00:00,30.8,1007.2,66.0,19.076,72.8777,14.0
AWS-MUM-01,Mumbai Santacruz,2000-09-11 12:00:00,29.6,1006.6,70.0,19.076,72.8777,14.0
AWS-MUM-01,Mumbai Santacruz,2000-09-11 15:00:00,27.8,1008.2,74.0,19.076,72.8777,14.0
AWS-MUM-01,Mumbai Santacruz,2000-09-11 18:00:00,27.0,1008.8,77.0,19.076,72.8777,14.0
AWS-MUM-01,Mumbai Santacruz,2000-09-11 21:00:00,26.0,1007.4,87.0,19.076,72.8777,14.0
AWS-MUM-01,Mumbai Santacruz,2000-09-12 00:00:00,25.6,1007.4,91.0,19.076,72.8777,14.0
AWS-MUM-01,Mumbai Santacruz,2000-09-12 03:00:00,27.4,1008.9,81.0,19.076,72.8777,14.0
AWS-MUM-01,Mumbai Santacruz,2000-09-12 06:00:00,29.4,1009.6,75.0,19.076,72.8777,14.0
AWS-MUM-01,Mumbai Santacruz,2000-09-12 09:00:00,30.0,1008.0,67.0,19.076,72.8777,14.0
AWS-MUM-01,Mumbai Santacruz,2000-09-12 12:00:00,29.6,1007.4,66.0,19.076,72.8777,14.0
AWS-MUM-01,Mumbai Santacruz,2000-09-12 15:00:00,27.0,1008.8,80.0,19.076,72.8777,14.0
AWS-MUM-01,Mumbai Santacruz,2000-09-12 18:00:00,25.4,1009.9,88.0,19.076,72.8777,14.0
AWS-MUM-01,Mumbai Santacruz,2000-09-12 21:00:00,25.4,1008.2,90.0,19.076,72.8777,14.0
AWS-MUM-01,Mumbai Santacruz,2000-09-13 00:00:00,25.4,1008.6,91.0,19.076,72.8777,14.0
AWS-MUM-01,Mumbai Santacruz,2000-09-13 03:00:00,27.4,1010.2,77.0,19.076,72.8777,14.0
AWS-MUM-01,Mumbai Santacruz,2000-09-13 06:00:00,29.6,1010.2,76.0,19.076,72.8777,14.0
AWS-MUM-01,Mumbai Santacruz,2000-09-13 09:00:00,31.8,1007.7,59.0,19.076,72.8777,14.0
AWS-MUM-01,Mumbai Santacruz,2000-09-13 12:00:00,29.6,1007.6,68.0,19.076,72.8777,14.0
AWS-MUM-01,Mumbai Santacruz,2000-09-13 15:00:00,27.6,1009.2,78.0,19.076,72.8777,14.0
AWS-MUM-01,Mumbai Santacruz,2000-09-13 18:00:00,26.4,1009.6,84.0,19.076,72.8777,14.0
AWS-MUM-01,Mumbai Santacruz,2000-09-14 00:00:00,24.4,1008.8,93.0,19.076,72.8777,14.0
AWS-MUM-01,Mumbai Santacruz,2000-09-14 03:00:00,27.6,1010.3,78.0,19.076,72.8777,14.0
AWS-MUM-01,Mumbai Santacruz,2000-09-14 06:00:00,30.0,1009.7,65.0,19.076,72.8777,14.0
AWS-MUM-01,Mumbai Santacruz,2000-09-14 09:00:00,31.0,1007.1,64.0,19.076,72.8777,14.0
AWS-MUM-01,Mumbai Santacruz,2000-09-14 12:00:00,29.2,1006.3,68.0,19.076,72.8777,14.0
AWS-MUM-01,Mumbai Santacruz,2000-09-14 15:00:00,27.4,1007.8,77.0,19.076,72.8777,14.0
AWS-MUM-01,Mumbai Santacruz,2000-09-14 18:00:00,26.6,1008.3,83.0,19.076,72.8777,14.0
AWS-MUM-01,Mumbai Santacruz,2000-09-14 21:00:00,26.4,1006.7,83.0,19.076,72.8777,14.0
AWS-MUM-01,Mumbai Santacruz,2000-09-15 00:00:00,25.6,1007.1,87.0,19.076,72.8777,14.0
AWS-MUM-01,Mumbai Santacruz,2000-09-15 03:00:00,27.6,1008.9,80.0,19.076,72.8777,14.0
AWS-MUM-01,Mumbai Santacruz,2000-09-15 06:00:00,30.2,1008.8,68.0,19.076,72.8777,14.0
AWS-MUM-01,Mumbai Santacruz,2000-09-15 09:00:00,30.6,1006.5,64.0,19.076,72.8777,14.0
AWS-MUM-01,Mumbai Santacruz,2000-09-15 12:00:00,29.0,1005.9,71.0,19.076,72.8777,14.0
AWS-MUM-01,Mumbai Santacruz,2000-09-15 15:00:00,27.8,1007.4,76.0,19.076,72.8777,14.0
AWS-MUM-01,Mumbai Santacruz,2000-09-15 18:00:00,27.2,1008.3,81.0,19.076,72.8777,14.0
AWS-MUM-01,Mumbai Santacruz,2000-09-15 21:00:00,26.6,1007.3,83.0,19.076,72.8777,14.0
AWS-MUM-01,Mumbai Santacruz,2000-09-16 00:00:00,25.6,1007.7,89.0,19.076,72.8777,14.0
AWS-MUM-01,Mumbai Santacruz,2000-09-16 03:00:00,28.0,1009.4,78.0,19.076,72.8777,14.0
AWS-MUM-01,Mumbai Santacruz,2000-09-16 06:00:00,29.8,1009.7,69.0,19.076,72.8777,14.0
AWS-MUM-01,Mumbai Santacruz,2000-09-16 09:00:00,29.4,1007.5,71.0,19.076,72.8777,14.0
AWS-MUM-01,Mumbai Santacruz,2000-09-16 12:00:00,29.2,1006.7,72.0,19.076,72.8777,14.0
AWS-MUM-01,Mumbai Santacruz,2000-09-16 15:00:00,27.4,1008.6,81.0,19.076,72.8777,14.0
AWS-MUM-01,Mumbai Santacruz,2000-09-16 18:00:00,26.6,1008.2,80.0,19.076,72.8777,14.0
AWS-MUM-01,Mumbai Santacruz,2000-09-16 21:00:00,26.4,1008.2,81.0,19.076,72.8777,14.0
AWS-MUM-01,Mumbai Santacruz,2000-09-17 00:00:00,24.8,1008.8,90.0,19.076,72.8777,14.0
AWS-MUM-01,Mumbai Santacruz,2000-09-17 03:00:00,27.0,1010.9,83.0,19.076,72.8777,14.0
AWS-MUM-01,Mumbai Santacruz,2000-09-17 06:00:00,30.0,1010.8,67.0,19.076,72.8777,14.0
AWS-MUM-01,Mumbai Santacruz,2000-09-17 09:00:00,30.2,1008.1,66.0,19.076,72.8777,14.0
AWS-MUM-01,Mumbai Santacruz,2000-09-17 12:00:00,29.0,1007.7,71.0,19.076,72.8777,14.0
AWS-MUM-01,Mumbai Santacruz,2000-09-17 15:00:00,26.8,1009.3,81.0,19.076,72.8777,14.0
AWS-MUM-01,Mumbai Santacruz,2000-09-17 18:00:00,25.8,1010.1,86.0,19.076,72.8777,14.0
AWS-MUM-01,Mumbai Santacruz,2000-09-17 21:00:00,24.4,1008.5,91.0,19.076,72.8777,14.0
AWS-MUM-01,Mumbai Santacruz,2000-09-18 00:00:00,25.0,1009.0,91.0,19.076,72.8777,14.0
AWS-MUM-01,Mumbai Santacruz,2000-09-18 03:00:00,26.4,1010.3,87.0,19.076,72.8777,14.0
AWS-MUM-01,Mumbai Santacruz,2000-09-18 06:00:00,29.6,1010.3,67.0,19.076,72.8777,14.0
AWS-MUM-01,Mumbai Santacruz,2000-09-18 09:00:00,30.2,1008.8,66.0,19.076,72.8777,14.0
AWS-MUM-01,Mumbai Santacruz,2000-09-18 12:00:00,28.6,1006.7,69.0,19.076,72.8777,14.0
AWS-MUM-01,Mumbai Santacruz,2000-09-18 15:00:00,27.0,1007.7,74.0,19.076,72.8777,14.0
AWS-MUM-01,Mumbai Santacruz,2000-09-18 18:00:00,26.4,1008.0,80.0,19.076,72.8777,14.0
AWS-MUM-01,Mumbai Santacruz,2000-09-18 21:00:00,24.6,1007.4,91.0,19.076,72.8777,14.0
AWS-MUM-01,Mumbai Santacruz,2000-09-19 00:00:00,24.0,1007.8,91.0,19.076,72.8777,14.0
AWS-MUM-01,Mumbai Santacruz,2000-09-19 06:00:00,29.6,1009.3,63.0,19.076,72.8777,14.0
AWS-MUM-01,Mumbai Santacruz,2000-09-19 12:00:00,29.2,1006.1,67.0,19.076,72.8777,14.0
AWS-MUM-01,Mumbai Santacruz,2000-09-19 15:00:00,27.0,1007.7,80.0,19.076,72.8777,14.0
AWS-MUM-01,Mumbai Santacruz,2000-09-19 18:00:00,26.4,1009.4,81.0,19.076,72.8777,14.0
AWS-MUM-01,Mumbai Santacruz,2000-09-19 21:00:00,24.4,1007.7,93.0,19.076,72.8777,14.0
AWS-MUM-01,Mumbai Santacruz,2000-09-20 00:00:00,24.8,1007.5,85.0,19.076,72.8777,14.0
AWS-MUM-01,Mumbai Santacruz,2000-09-20 03:00:00,27.4,1009.3,78.0,19.076,72.8777,14.0
AWS-MUM-01,Mumbai Santacruz,2000-09-20 06:00:00,30.2,1009.1,59.0,19.076,72.8777,14.0
AWS-MUM-01,Mumbai Santacruz,2000-09-20 09:00:00,31.6,1006.4,58.0,19.076,72.8777,14.0
AWS-MUM-01,Mumbai Santacruz,2000-09-20 12:00:00,29.6,1005.5,91.0,19.076,72.8777,14.0
AWS-MUM-01,Mumbai Santacruz,2000-09-20 18:00:00,28.0,1008.2,73.0,19.076,72.8777,14.0
AWS-MUM-01,Mumbai Santacruz,2000-09-21 06:00:00,31.0,1008.6,69.0,19.076,72.8777,14.0
AWS-MUM-01,Mumbai Santacruz,2000-09-21 09:00:00,32.0,1005.4,70.0,19.076,72.8777,14.0
AWS-MUM-01,Mumbai Santacruz,2000-09-21 12:00:00,31.0,1004.5,72.0,19.076,72.8777,14.0
AWS-MUM-01,Mumbai Santacruz,2000-09-21 15:00:00,25.6,1008.3,91.0,19.076,72.8777,14.0
AWS-MUM-01,Mumbai Santacruz,2000-09-21 18:00:00,25.8,1008.9,93.0,19.076,72.8777,14.0
AWS-MUM-01,Mumbai Santacruz,2000-09-21 21:00:00,24.8,1007.5,96.0,19.076,72.8777,14.0
AWS-MUM-01,Mumbai Santacruz,2000-09-22 00:00:00,25.4,1007.5,95.0,19.076,72.8777,14.0
AWS-MUM-01,Mumbai Santacruz,2000-09-22 03:00:00,27.2,1009.8,86.0,19.076,72.8777,14.0
AWS-MUM-01,Mumbai Santacruz,2000-09-22 06:00:00,31.6,1009.4,74.0,19.076,72.8777,14.0
AWS-MUM-01,Mumbai Santacruz,2000-09-22 09:00:00,32.8,1006.6,68.0,19.076,72.8777,14.0
AWS-MUM-01,Mumbai Santacruz,2000-09-22 12:00:00,30.8,1006.2,73.0,19.076,72.8777,14.0
AWS-MUM-01,Mumbai Santacruz,2000-09-22 15:00:00,24.5,1009.2,89.0,19.076,72.8777,14.0
AWS-MUM-01,Mumbai Santacruz,2000-09-22 18:00:00,25.0,1008.3,91.0,19.076,72.8777,14.0
AWS-MUM-01,Mumbai Santacruz,2000-09-22 21:00:00,25.4,1007.5,91.0,19.076,72.8777,14.0
AWS-MUM-01,Mumbai Santacruz,2000-09-23 00:00:00,25.4,1007.5,93.0,19.076,72.8777,14.0
AWS-MUM-01,Mumbai Santacruz,2000-09-23 03:00:00,28.0,1009.7,80.0,19.076,72.8777,14.0
AWS-MUM-01,Mumbai Santacruz,2000-09-23 06:00:00,32.8,1008.9,62.0,19.076,72.8777,14.0
AWS-MUM-01,Mumbai Santacruz,2000-09-23 09:00:00,29.0,1005.6,88.0,19.076,72.8777,14.0
AWS-MUM-01,Mumbai Santacruz,2000-09-23 12:00:00,32.6,1004.9,67.0,19.076,72.8777,14.0
AWS-MUM-01,Mumbai Santacruz,2000-09-23 15:00:00,27.0,1008.6,78.0,19.076,72.8777,14.0
AWS-CHE-01,Chennai Meenambakkam,2000-01-01 00:00:00,21.0,1011.6,91.0,13.0827,80.2707,16.0
AWS-CHE-01,Chennai Meenambakkam,2000-01-01 03:00:00,22.6,1013.8,91.0,13.0827,80.2707,16.0
AWS-CHE-01,Chennai Meenambakkam,2000-01-01 06:00:00,29.0,1013.1,57.0,13.0827,80.2707,16.0
AWS-CHE-01,Chennai Meenambakkam,2000-01-01 09:00:00,28.0,1010.4,56.0,13.0827,80.2707,16.0
AWS-CHE-01,Chennai Meenambakkam,2000-01-01 12:00:00,26.0,1010.8,62.0,13.0827,80.2707,16.0
AWS-CHE-01,Chennai Meenambakkam,2000-01-01 15:00:00,25.2,1013.3,62.0,13.0827,80.2707,16.0
AWS-CHE-01,Chennai Meenambakkam,2000-01-01 18:00:00,23.0,1013.1,78.0,13.0827,80.2707,16.0
AWS-CHE-01,Chennai Meenambakkam,2000-01-01 21:00:00,21.0,1011.6,87.0,13.0827,80.2707,16.0
AWS-CHE-01,Chennai Meenambakkam,2000-01-02 00:00:00,20.0,1011.4,90.0,13.0827,80.2707,16.0
AWS-CHE-01,Chennai Meenambakkam,2000-01-02 03:00:00,22.6,1013.8,83.0,13.0827,80.2707,16.0
AWS-CHE-01,Chennai Meenambakkam,2000-01-02 06:00:00,28.0,1013.1,63.0,13.0827,80.2707,16.0
AWS-CHE-01,Chennai Meenambakkam,2000-01-02 12:00:00,26.4,1010.1,66.0,13.0827,80.2707,16.0
AWS-CHE-01,Chennai Meenambakkam,2000-01-02 15:00:00,26.0,1013.0,73.0,13.0827,80.2707,16.0
AWS-CHE-01,Chennai Meenambakkam,2000-01-02 18:00:00,24.8,1012.9,76.0,13.0827,80.2707,16.0
AWS-CHE-01,Chennai Meenambakkam,2000-01-02 21:00:00,23.6,1010.9,80.0,13.0827,80.2707,16.0
AWS-CHE-01,Chennai Meenambakkam,2000-01-03 00:00:00,21.4,1010.8,91.0,13.0827,80.2707,16.0
AWS-CHE-01,Chennai Meenambakkam,2000-01-03 03:00:00,23.4,1013.2,86.0,13.0827,80.2707,16.0
AWS-CHE-01,Chennai Meenambakkam,2000-01-03 06:00:00,27.2,1012.8,58.0,13.0827,80.2707,16.0
AWS-CHE-01,Chennai Meenambakkam,2000-01-03 09:00:00,28.4,1009.8,54.0,13.0827,80.2707,16.0
AWS-CHE-01,Chennai Meenambakkam,2000-01-03 12:00:00,26.0,1010.1,63.0,13.0827,80.2707,16.0
AWS-CHE-01,Chennai Meenambakkam,2000-01-03 15:00:00,24.8,1012.1,72.0,13.0827,80.2707,16.0
AWS-CHE-01,Chennai Meenambakkam,2000-01-03 18:00:00,23.0,1012.5,81.0,13.0827,80.2707,16.0
AWS-CHE-01,Chennai Meenambakkam,2000-01-03 21:00:00,21.0,1010.4,91.0,13.0827,80.2707,16.0
AWS-CHE-01,Chennai Meenambakkam,2000-01-04 00:00:00,20.4,1010.6,92.0,13.0827,80.2707,16.0
AWS-CHE-01,Chennai Meenambakkam,2000-01-04 03:00:00,23.0,1013.1,86.0,13.0827,80.2707,16.0
AWS-CHE-01,Chennai Meenambakkam,2000-01-04 06:00:00,28.0,1012.8,61.0,13.0827,80.2707,16.0
AWS-CHE-01,Chennai Meenambakkam,2000-01-04 09:00:00,28.6,1009.7,54.0,13.0827,80.2707,16.0
AWS-CHE-01,Chennai Meenambakkam,2000-01-04 12:00:00,26.4,1010.4,61.0,13.0827,80.2707,16.0
AWS-CHE-01,Chennai Meenambakkam,2000-01-04 15:00:00,24.8,1012.7,70.0,13.0827,80.2707,16.0
AWS-CHE-01,Chennai Meenambakkam,2000-01-04 18:00:00,23.0,1012.9,81.0,13.0827,80.2707,16.0
AWS-CHE-01,Chennai Meenambakkam,2000-01-04 21:00:00,22.6,1010.8,82.0,13.0827,80.2707,16.0
AWS-CHE-01,Chennai Meenambakkam,2000-01-05 00:00:00,22.4,1010.3,87.0,13.0827,80.2707,16.0
AWS-CHE-01,Chennai Meenambakkam,2000-01-05 03:00:00,24.0,1012.8,85.0,13.0827,80.2707,16.0
AWS-CHE-01,Chennai Meenambakkam,2000-01-05 06:00:00,28.2,1012.4,66.0,13.0827,80.2707,16.0
AWS-CHE-01,Chennai Meenambakkam,2000-01-05 09:00:00,29.0,1009.4,61.0,13.0827,80.2707,16.0
AWS-CHE-01,Chennai Meenambakkam,2000-01-05 12:00:00,26.6,1009.8,68.0,13.0827,80.2707,16.0
AWS-CHE-01,Chennai Meenambakkam,2000-01-05 15:00:00,25.6,1012.2,76.0,13.0827,80.2707,16.0
AWS-CHE-01,Chennai Meenambakkam,2000-01-05 18:00:00,25.0,1012.2,80.0,13.0827,80.2707,16.0
AWS-CHE-01,Chennai Meenambakkam,2000-01-05 21:00:00,24.8,1010.4,82.0,13.0827,80.2707,16.0
AWS-CHE-01,Chennai Meenambakkam,2000-01-06 03:00:00,25.0,1013.2,82.0,13.0827,80.2707,16.0
AWS-CHE-01,Chennai Meenambakkam,2000-01-06 06:00:00,27.8,1013.1,70.0,13.0827,80.2707,16.0
AWS-CHE-01,Chennai Meenambakkam,2000-01-06 09:00:00,27.4,1010.7,67.0,13.0827,80.2707,16.0
AWS-CHE-01,Chennai Meenambakkam,2000-01-06 12:00:00,26.6,1009.5,71.0,13.0827,80.2707,16.0
AWS-CHE-01,Chennai Meenambakkam,2000-01-06 15:00:00,24.6,1012.2,77.0,13.0827,80.2707,16.0
AWS-CHE-01,Chennai Meenambakkam,2000-01-06 21:00:00,23.8,1010.3,80.0,13.0827,80.2707,16.0
AWS-CHE-01,Chennai Meenambakkam,2000-01-07 00:00:00,23.6,1010.5,81.0,13.0827,80.2707,16.0
AWS-CHE-01,Chennai Meenambakkam,2000-01-07 03:00:00,25.4,1012.9,78.0,13.0827,80.2707,16.0
AWS-CHE-01,Chennai Meenambakkam,2000-01-07 06:00:00,29.0,1012.7,54.0,13.0827,80.2707,16.0
AWS-CHE-01,Chennai Meenambakkam,2000-01-07 09:00:00,29.2,1010.3,54.0,13.0827,80.2707,16.0
AWS-CHE-01,Chennai Meenambakkam,2000-01-07 12:00:00,26.8,1010.2,67.0,13.0827,80.2707,16.0
AWS-CHE-01,Chennai Meenambakkam,2000-01-07 15:00:00,25.6,1012.7,70.0,13.0827,80.2707,16.0
AWS-CHE-01,Chennai Meenambakkam,2000-01-07 18:00:00,25.4,1013.6,70.0,13.0827,80.2707,16.0
AWS-CHE-01,Chennai Meenambakkam,2000-01-07 21:00:00,24.8,1011.2,71.0,13.0827,80.2707,16.0
AWS-CHE-01,Chennai Meenambakkam,2000-01-08 00:00:00,23.0,1011.2,83.0,13.0827,80.2707,16.0
AWS-CHE-01,Chennai Meenambakkam,2000-01-08 03:00:00,24.0,1014.0,83.0,13.0827,80.2707,16.0
AWS-CHE-01,Chennai Meenambakkam,2000-01-08 06:00:00,29.2,1013.6,56.0,13.0827,80.2707,16.0
AWS-CHE-01,Chennai Meenambakkam,2000-01-08 09:00:00,28.8,1010.3,56.0,13.0827,80.2707,16.0
AWS-CHE-01,Chennai Meenambakkam,2000-01-08 12:00:00,26.2,1009.9,66.0,13.0827,80.2707,16.0
AWS-CHE-01,Chennai Meenambakkam,2000-01-08 15:00:00,25.6,1012.4,72.0,13.0827,80.2707,16.0
AWS-CHE-01,Chennai Meenambakkam,2000-01-08 18:00:00,23.4,1012.8,84.0,13.0827,80.2707,16.0
AWS-CHE-01,Chennai Meenambakkam,2000-01-08 21:00:00,22.4,1011.4,90.0,13.0827,80.2707,16.0
AWS-CHE-01,Chennai Meenambakkam,2000-01-09 00:00:00,21.8,1011.1,91.0,13.0827,80.2707,16.0
AWS-CHE-01,Chennai Meenambakkam,2000-01-09 03:00:00,24.2,1013.8,81.0,13.0827,80.2707,16.0
AWS-CHE-01,Chennai Meenambakkam,2000-01-09 09:00:00,28.2,1009.2,66.0,13.0827,80.2707,16.0
AWS-CHE-01,Chennai Meenambakkam,2000-01-09 12:00:00,26.4,1009.2,70.0,13.0827,80.2707,16.0
AWS-CHE-01,Chennai Meenambakkam,2000-01-09 15:00:00,25.8,1012.0,75.0,13.0827,80.2707,16.0
AWS-CHE-01,Chennai Meenambakkam,2000-01-09 18:00:00,24.6,1011.7,82.0,13.0827,80.2707,16.0
AWS-CHE-01,Chennai Meenambakkam,2000-01-09 21:00:00,24.4,1010.2,83.0,13.0827,80.2707,16.0
AWS-CHE-01,Chennai Meenambakkam,2000-01-10 00:00:00,23.6,1010.3,86.0,13.0827,80.2707,16.0
AWS-CHE-01,Chennai Meenambakkam,2000-01-10 03:00:00,25.2,1012.8,82.0,13.0827,80.2707,16.0
AWS-CHE-01,Chennai Meenambakkam,2000-01-10 06:00:00,28.0,1012.6,78.0,13.0827,80.2707,16.0
AWS-CHE-01,Chennai Meenambakkam,2000-01-10 09:00:00,29.4,1009.5,68.0,13.0827,80.2707,16.0
AWS-CHE-01,Chennai Meenambakkam,2000-01-10 12:00:00,27.0,1009.5,72.0,13.0827,80.2707,16.0
AWS-CHE-01,Chennai Meenambakkam,2000-01-10 15:00:00,25.6,1011.6,79.0,13.0827,80.2707,16.0
AWS-CHE-01,Chennai Meenambakkam,2000-01-10 18:00:00,23.8,1011.4,86.0,13.0827,80.2707,16.0
AWS-CHE-01,Chennai Meenambakkam,2000-01-10 21:00:00,23.0,1010.4,91.0,13.0827,80.2707,16.0
AWS-CHE-01,Chennai Meenambakkam,2000-01-11 00:00:00,22.0,1010.8,95.0,13.0827,80.2707,16.0
AWS-CHE-01,Chennai Meenambakkam,2000-01-11 03:00:00,25.0,1013.7,80.0,13.0827,80.2707,16.0
AWS-CHE-01,Chennai Meenambakkam,2000-01-11 06:00:00,29.6,1013.6,56.0,13.0827,80.2707,16.0
AWS-CHE-01,Chennai Meenambakkam,2000-01-11 09:00:00,29.8,1010.4,55.0,13.0827,80.2707,16.0
AWS-CHE-01,Chennai Meenambakkam,2000-01-11 12:00:00,27.2,1010.3,66.0,13.0827,80.2707,16.0
AWS-CHE-01,Chennai Meenambakkam,2000-01-11 15:00:00,25.4,1013.1,76.0,13.0827,80.2707,16.0
AWS-CHE-01,Chennai Meenambakkam,2000-01-11 18:00:00,24.0,1012.7,83.0,13.0827,80.2707,16.0
AWS-CHE-01,Chennai Meenambakkam,2000-01-11 21:00:00,22.8,1010.8,93.0,13.0827,80.2707,16.0
AWS-CHE-01,Chennai Meenambakkam,2000-01-12 03:00:00,24.6,1012.9,82.0,13.0827,80.2707,16.0
AWS-CHE-01,Chennai Meenambakkam,2000-01-12 06:00:00,27.8,1012.7,64.0,13.0827,80.2707,16.0
AWS-CHE-01,Chennai Meenambakkam,2000-01-12 09:00:00,29.2,1009.6,59.0,13.0827,80.2707,16.0
AWS-CHE-01,Chennai Meenambakkam,2000-01-12 12:00:00,26.8,1010.2,68.0,13.0827,80.2707,16.0
AWS-CHE-01,Chennai Meenambakkam,2000-01-12 15:00:00,25.0,1012.6,79.0,13.0827,80.2707,16.0
AWS-CHE-01,Chennai Meenambakkam,2000-01-12 18:00:00,23.2,1012.7,90.0,13.0827,80.2707,16.0
AWS-CHE-01,Chennai Meenambakkam,2000-01-12 21:00:00,22.0,1010.8,93.0,13.0827,80.2707,16.0
AWS-CHE-01,Chennai Meenambakkam,2000-01-13 00:00:00,21.8,1010.9,91.0,13.0827,80.2707,16.0
AWS-CHE-01,Chennai Meenambakkam,2000-01-13 03:00:00,23.8,1013.4,88.0,13.0827,80.2707,16.0
AWS-CHE-01,Chennai Meenambakkam,2000-01-13 06:00:00,28.4,1012.7,64.0,13.0827,80.2707,16.0
AWS-CHE-01,Chennai Meenambakkam,2000-01-13 09:00:00,29.6,1009.2,64.0,13.0827,80.2707,16.0
AWS-CHE-01,Chennai Meenambakkam,2000-01-13 12:00:00,26.8,1009.1,71.0,13.0827,80.2707,16.0
AWS-CHE-01,Chennai Meenambakkam,2000-01-13 18:00:00,22.8,1010.6,91.0,13.0827,80.2707,16.0
AWS-CHE-01,Chennai Meenambakkam,2000-01-13 21:00:00,22.0,1008.8,95.0,13.0827,80.2707,16.0
AWS-CHE-01,Chennai Meenambakkam,2000-01-14 00:00:00,21.8,1009.7,95.0,13.0827,80.2707,16.0
AWS-CHE-01,Chennai Meenambakkam,2000-01-14 03:00:00,23.8,1012.1,86.0,13.0827,80.2707,16.0
AWS-CHE-01,Chennai Meenambakkam,2000-01-14 06:00:00,26.0,1011.2,81.0,13.0827,80.2707,16.0
AWS-CHE-01,Chennai Meenambakkam,2000-01-14 12:00:00,26.4,1008.4,74.0,13.0827,80.2707,16.0
AWS-CHE-01,Chennai Meenambakkam,2000-01-14 15:00:00,23.0,1010.0,90.0,13.0827,80.2707,16.0
AWS-CHE-01,Chennai Meenambakkam,2000-01-14 18:00:00,22.0,1010.4,93.0,13.0827,80.2707,16.0
AWS-CHE-01,Chennai Meenambakkam,2000-01-14 21:00:00,21.2,1009.2,95.0,13.0827,80.2707,16.0
AWS-CHE-01,Chennai Meenambakkam,2000-01-15 00:00:00,21.4,1010.1,96.0,13.0827,80.2707,16.0
AWS-CHE-01,Chennai Meenambakkam,2000-01-15 03:00:00,23.4,1012.3,90.0,13.0827,80.2707,16.0
AWS-CHE-01,Chennai Meenambakkam,2000-01-15 06:00:00,30.2,1012.3,60.0,13.0827,80.2707,16.0
AWS-CHE-01,Chennai Meenambakkam,2000-01-15 09:00:00,30.0,1008.9,62.0,13.0827,80.2707,16.0
AWS-CHE-01,Chennai Meenambakkam,2000-01-15 12:00:00,27.2,1008.8,71.0,13.0827,80.2707,16.0
AWS-CHE-01,Chennai Meenambakkam,2000-01-15 15:00:00,24.2,1011.5,90.0,13.0827,80.2707,16.0
AWS-CHE-01,Chennai Meenambakkam,2000-01-15 18:00:00,23.4,1011.9,93.0,13.0827,80.2707,16.0
AWS-CHE-01,Chennai Meenambakkam,2000-01-16 00:00:00,22.2,1011.0,95.0,13.0827,80.2707,16.0
AWS-CHE-01,Chennai Meenambakkam,2000-01-16 03:00:00,24.6,1013.1,90.0,13.0827,80.2707,16.0
AWS-CHE-01,Chennai Meenambakkam,2000-01-16 06:00:00,30.4,1012.5,58.0,13.0827,80.2707,16.0
AWS-CHE-01,Chennai Meenambakkam,2000-01-16 09:00:00,30.0,1009.7,59.0,13.0827,80.2707,16.0
AWS-CHE-01,Chennai Meenambakkam,2000-01-16 12:00:00,26.8,1009.5,71.0,13.0827,80.2707,16.0
AWS-CHE-01,Chennai Meenambakkam,2000-01-16 15:00:00,24.2,1012.2,83.0,13.0827,80.2707,16.0
AWS-CHE-01,Chennai Meenambakkam,2000-01-16 18:00:00,22.8,1013.0,90.0,13.0827,80.2707,16.0
AWS-CHE-01,Chennai Meenambakkam,2000-01-16 21:00:00,22.0,1011.7,95.0,13.0827,80.2707,16.0
AWS-CHE-01,Chennai Meenambakkam,2000-01-17 00:00:00,21.2,1012.2,95.0,13.0827,80.2707,16.0
AWS-CHE-01,Chennai Meenambakkam,2000-01-17 03:00:00,23.8,1015.2,88.0,13.0827,80.2707,16.0
AWS-CHE-01,Chennai Meenambakkam,2000-01-17 06:00:00,30.0,1015.4,56.0,13.0827,80.2707,16.0
AWS-CHE-01,Chennai Meenambakkam,2000-01-17 09:00:00,29.6,1012.4,56.0,13.0827,80.2707,16.0
AWS-CHE-01,Chennai Meenambakkam,2000-01-17 15:00:00,25.0,1014.6,76.0,13.0827,80.2707,16.0
AWS-CHE-01,Chennai Meenambakkam,2000-01-17 18:00:00,22.8,1015.2,88.0,13.0827,80.2707,16.0
AWS-CHE-01,Chennai Meenambakkam,2000-01-18 00:00:00,21.2,1013.6,93.0,13.0827,80.2707,16.0
AWS-CHE-01,Chennai Meenambakkam,2000-01-18 03:00:00,24.0,1016.6,85.0,13.0827,80.2707,16.0
AWS-CHE-01,Chennai Meenambakkam,2000-01-18 06:00:00,28.0,1016.2,65.0,13.0827,80.2707,16.0
AWS-CHE-01,Chennai Meenambakkam,2000-01-18 09:00:00,30.2,1013.5,40.0,13.0827,80.2707,16.0
AWS-CHE-01,Chennai Meenambakkam,2000-01-18 12:00:00,27.8,1013.1,54.0,13.0827,80.2707,16.0
AWS-CHE-01,Chennai Meenambakkam,2000-01-18 15:00:00,24.0,1015.3,81.0,13.0827,80.2707,16.0
AWS-CHE-01,Chennai Meenambakkam,2000-01-18 18:00:00,21.8,1015.3,93.0,13.0827,80.2707,16.0
AWS-CHE-01,Chennai Meenambakkam,2000-01-19 00:00:00,21.0,1013.7,95.0,13.0827,80.2707,16.0
AWS-CHE-01,Chennai Meenambakkam,2000-01-19 03:00:00,23.0,1015.8,86.0,13.0827,80.2707,16.0
AWS-CHE-01,Chennai Meenambakkam,2000-01-19 06:00:00,29.0,1015.5,66.0,13.0827,80.2707,16.0
AWS-CHE-01,Chennai Meenambakkam,2000-01-19 09:00:00,30.0,1012.5,61.0,13.0827,80.2707,16.0
AWS-CHE-01,Chennai Meenambakkam,2000-01-19 12:00:00,27.4,1011.6,71.0,13.0827,80.2707,16.0
AWS-CHE-01,Chennai Meenambakkam,2000-01-19 15:00:00,25.0,1013.4,87.0,13.0827,80.2707,16.0
AWS-CHE-01,Chennai Meenambakkam,2000-01-19 21:00:00,21.4,1011.7,96.0,13.0827,80.2707,16.0
AWS-CHE-01,Chennai Meenambakkam,2000-01-20 00:00:00,22.0,1010.9,98.0,13.0827,80.2707,16.0
AWS-CHE-01,Chennai Meenambakkam,2000-01-20 03:00:00,22.0,1013.1,98.0,13.0827,80.2707,16.0
AWS-CHE-01,Chennai Meenambakkam,2000-01-20 06:00:00,29.4,1012.4,52.0,13.0827,80.2707,16.0
AWS-CHE-01,Chennai Meenambakkam,2000-01-20 09:00:00,30.6,1009.4,48.0,13.0827,80.2707,16.0
AWS-CHE-01,Chennai Meenambakkam,2000-01-20 12:00:00,26.4,1009.5,75.0,13.0827,80.2707,16.0
AWS-CHE-01,Chennai Meenambakkam,2000-01-20 15:00:00,24.0,1012.1,80.0,13.0827,80.2707,16.0
AWS-CHE-01,Chennai Meenambakkam,2000-01-20 18:00:00,21.2,1012.8,93.0,13.0827,80.2707,16.0
AWS-CHE-01,Chennai Meenambakkam,2000-01-20 21:00:00,21.2,1011.3,95.0,13.0827,80.2707,16.0
AWS-CHE-01,Chennai Meenambakkam,2000-01-21 00:00:00,20.0,1011.6,96.0,13.0827,80.2707,16.0
AWS-CHE-01,Chennai Meenambakkam,2000-01-21 03:00:00,23.6,1014.0,85.0,13.0827,80.2707,16.0
AWS-CHE-01,Chennai Meenambakkam,2000-01-21 06:00:00,28.8,1013.9,56.0,13.0827,80.2707,16.0
AWS-CHE-01,Chennai Meenambakkam,2000-01-21 09:00:00,30.2,1010.5,54.0,13.0827,80.2707,16.0
AWS-CHE-01,Chennai Meenambakkam,2000-01-21 12:00:00,26.6,1010.6,78.0,13.0827,80.2707,16.0
AWS-CHE-01,Chennai Meenambakkam,2000-01-21 15:00:00,23.4,1013.1,78.0,13.0827,80.2707,16.0
AWS-CHE-01,Chennai Meenambakkam,2000-01-21 18:00:00,21.2,1013.5,91.0,13.0827,80.2707,16.0
AWS-CHE-01,Chennai Meenambakkam,2000-01-21 21:00:00,20.6,1012.0,92.0,13.0827,80.2707,16.0
AWS-CHE-01,Chennai Meenambakkam,2000-01-22 03:00:00,22.8,1014.4,88.0,13.0827,80.2707,16.0
AWS-CHE-01,Chennai Meenambakkam,2000-01-22 06:00:00,28.4,1014.5,62.0,13.0827,80.2707,16.0
AWS-CHE-01,Chennai Meenambakkam,2000-01-22 09:00:00,28.8,1012.2,55.0,13.0827,80.2707,16.0
AWS-CHE-01,Chennai Meenambakkam,2000-01-22 12:00:00,27.0,1011.9,60.0,13.0827,80.2707,16.0
AWS-CHE-01,Chennai Meenambakkam,2000-01-22 15:00:00,21.8,1013.7,87.0,13.0827,80.2707,16.0
AWS-CHE-01,Chennai Meenambakkam,2000-01-22 18:00:00,19.8,1013.6,96.0,13.0827,80.2707,16.0
AWS-CHE-01,Chennai Meenambakkam,2000-01-22 21:00:00,19.0,1011.9,96.0,13.0827,80.2707,16.0
AWS-CHE-01,Chennai Meenambakkam,2000-01-23 00:00:00,18.2,1012.1,96.0,13.0827,80.2707,16.0
AWS-CHE-01,Chennai Meenambakkam,2000-01-23 03:00:00,21.8,1014.3,87.0,13.0827,80.2707,16.0
AWS-CHE-01,Chennai Meenambakkam,2000-01-23 06:00:00,28.8,1013.7,58.0,13.0827,80.2707,16.0
AWS-CHE-01,Chennai Meenambakkam,2000-01-23 09:00:00,29.6,1010.7,57.0,13.0827,80.2707,16.0
AWS-CHE-01,Chennai Meenambakkam,2000-01-23 12:00:00,27.0,1010.8,67.0,13.0827,80.2707,16.0
AWS-CHE-01,Chennai Meenambakkam,2000-01-23 15:00:00,23.2,1012.6,84.0,13.0827,80.2707,16.0
AWS-CHE-01,Chennai Meenambakkam,2000-01-23 18:00:00,21.4,1013.0,93.0,13.0827,80.2707,16.0
AWS-CHE-01,Chennai Meenambakkam,2000-01-23 21:00:00,20.2,1011.6,92.0,13.0827,80.2707,16.0
AWS-CHE-01,Chennai Meenambakkam,2000-01-24 00:00:00,20.4,1012.0,97.0,13.0827,80.2707,16.0
AWS-CHE-01,Chennai Meenambakkam,2000-01-24 03:00:00,22.8,1014.9,88.0,13.0827,80.2707,16.0
AWS-CHE-01,Chennai Meenambakkam,2000-01-24 06:00:00,28.4,1015.0,62.0,13.0827,80.2707,16.0
AWS-CHE-01,Chennai Meenambakkam,2000-01-24 09:00:00,29.2,1012.0,58.0,13.0827,80.2707,16.0
AWS-CHE-01,Chennai Meenambakkam,2000-01-24 12:00:00,26.8,1012.1,67.0,13.0827,80.2707,16.0
AWS-CHE-01,Chennai Meenambakkam,2000-01-24 15:00:00,24.2,1014.6,80.0,13.0827,80.2707,16.0
AWS-CHE-01,Chennai Meenambakkam,2000-01-24 18:00:00,22.8,1014.7,88.0,13.0827,80.2707,16.0
AWS-CHE-01,Chennai Meenambakkam,2000-01-25 03:00:00,23.2,1016.3,90.0,13.0827,80.2707,16.0
AWS-CHE-01,Chennai Meenambakkam,2000-01-25 06:00:00,29.0,1015.9,57.0,13.0827,80.2707,16.0
AWS-CHE-01,Chennai Meenambakkam,2000-01-25 09:00:00,29.4,1013.3,55.0,13.0827,80.2707,16.0
AWS-CHE-01,Chennai Meenambakkam,2000-01-25 12:00:00,26.8,1013.0,64.0,13.0827,80.2707,16.0
AWS-CHE-01,Chennai Meenambakkam,2000-01-25 15:00:00,25.0,1015.7,70.0,13.0827,80.2707,16.0
AWS-CHE-01,Chennai Meenambakkam,2000-01-25 18:00:00,22.6,1015.9,86.0,13.0827,80.2707,16.0
AWS-CHE-01,Chennai Meenambakkam,2000-01-25 21:00:00,22.2,1014.3,89.0,13.0827,80.2707,16.0
AWS-CHE-01,Chennai Meenambakkam,2000-01-26 03:00:00,23.0,1016.9,83.0,13.0827,80.2707,16.0
AWS-CHE-01,Chennai Meenambakkam,2000-01-26 06:00:00,28.6,1016.2,55.0,13.0827,80.2707,16.0
AWS-CHE-01,Chennai Meenambakkam,2000-01-26 09:00:00,29.6,1013.4,54.0,13.0827,80.2707,16.0
AWS-CHE-01,Chennai Meenambakkam,2000-01-26 12:00:00,26.3,1013.1,62.0,13.0827,80.2707,16.0
AWS-CHE-01,Chennai Meenambakkam,2000-01-26 15:00:00,24.4,1015.5,77.0,13.0827,80.2707,16.0
AWS-CHE-01,Chennai Meenambakkam,2000-01-26 18:00:00,22.4,1014.55,86.0,13.0827,80.2707,16.0
AWS-CHE-01,Chennai Meenambakkam,2000-01-26 21:00:00,21.6,1013.6,93.0,13.0827,80.2707,16.0
AWS-CHE-01,Chennai Meenambakkam,2000-01-27 00:00:00,20.8,1013.6,95.0,13.0827,80.2707,16.0
AWS-CHE-01,Chennai Meenambakkam,2000-01-27 03:00:00,23.8,1015.8,81.0,13.0827,80.2707,16.0
AWS-CHE-01,Chennai Meenambakkam,2000-01-27 06:00:00,28.4,1015.3,55.0,13.0827,80.2707,16.0
AWS-CHE-01,Chennai Meenambakkam,2000-01-27 12:00:00,27.2,1012.3,62.0,13.0827,80.2707,16.0
AWS-CHE-01,Chennai Meenambakkam,2000-01-27 15:00:00,25.8,1014.9,66.0,13.0827,80.2707,16.0
AWS-CHE-01,Chennai Meenambakkam,2000-01-27 18:00:00,25.0,1014.6,70.0,13.0827,80.2707,16.0
AWS-CHE-01,Chennai Meenambakkam,2000-01-27 21:00:00,24.0,1013.1,78.0,13.0827,80.2707,16.0
AWS-CHE-01,Chennai Meenambakkam,2000-01-28 00:00:00,23.0,1014.25,94.0,13.0827,80.2707,16.0
AWS-CHE-01,Chennai Meenambakkam,2000-01-28 03:00:00,24.0,1015.4,78.0,13.0827,80.2707,16.0
AWS-CHE-01,Chennai Meenambakkam,2000-01-28 06:00:00,21.4,1012.7,87.0,13.0827,80.2707,16.0
AWS-CHE-01,Chennai Meenambakkam,2000-01-28 09:00:00,29.2,1012.2,53.0,13.0827,80.2707,16.0
AWS-CHE-01,Chennai Meenambakkam,2000-01-28 12:00:00,27.4,1013.0,60.0,13.0827,80.2707,16.0
AWS-CHE-01,Chennai Meenambakkam,2000-01-28 15:00:00,25.2,1015.0,76.0,13.0827,80.2707,16.0
AWS-CHE-01,Chennai Meenambakkam,2000-01-28 18:00:00,23.4,1014.8,88.0,13.0827,80.2707,16.0
AWS-CHE-01,Chennai Meenambakkam,2000-01-29 03:00:00,24.8,1015.8,74.0,13.0827,80.2707,16.0
AWS-CHE-01,Chennai Meenambakkam,2000-01-29 06:00:00,30.0,1015.3,54.0,13.0827,80.2707,16.0
AWS-CHE-01,Chennai Meenambakkam,2000-01-29 09:00:00,30.4,1012.9,53.0,13.0827,80.2707,16.0
AWS-CHE-01,Chennai Meenambakkam,2000-01-29 12:00:00,27.4,1012.9,71.0,13.0827,80.2707,16.0
AWS-CHE-01,Chennai Meenambakkam,2000-01-29 15:00:00,25.2,1015.1,82.0,13.0827,80.2707,16.0
AWS-CHE-01,Chennai Meenambakkam,2000-01-29 18:00:00,24.0,1015.7,86.0,13.0827,80.2707,16.0
AWS-CHE-01,Chennai Meenambakkam,2000-01-29 21:00:00,22.2,1014.6,93.0,13.0827,80.2707,16.0
AWS-CHE-01,Chennai Meenambakkam,2000-01-30 00:00:00,21.0,1012.8,96.0,13.0827,80.2707,16.0
AWS-CHE-01,Chennai Meenambakkam,2000-01-30 03:00:00,22.8,1016.4,91.0,13.0827,80.2707,16.0
AWS-CHE-01,Chennai Meenambakkam,2000-01-30 06:00:00,30.0,1016.1,56.0,13.0827,80.2707,16.0
AWS-CHE-01,Chennai Meenambakkam,2000-01-30 09:00:00,30.8,1013.3,35.0,13.0827,80.2707,16.0
AWS-CHE-01,Chennai Meenambakkam,2000-01-30 12:00:00,27.8,1013.6,53.0,13.0827,80.2707,16.0
AWS-CHE-01,Chennai Meenambakkam,2000-01-30 15:00:00,25.0,1015.9,79.0,13.0827,80.2707,16.0
AWS-CHE-01,Chennai Meenambakkam,2000-01-30 18:00:00,21.8,1016.2,89.0,13.0827,80.2707,16.0
AWS-CHE-01,Chennai Meenambakkam,2000-01-30 21:00:00,20.6,1014.7,95.0,13.0827,80.2707,16.0
AWS-CHE-01,Chennai Meenambakkam,2000-01-31 00:00:00,19.8,1014.7,96.0,13.0827,80.2707,16.0
AWS-CHE-01,Chennai Meenambakkam,2000-01-31 03:00:00,22.0,1017.2,89.0,13.0827,80.2707,16.0
AWS-CHE-01,Chennai Meenambakkam,2000-01-31 06:00:00,29.6,1016.8,51.0,13.0827,80.2707,16.0
AWS-CHE-01,Chennai Meenambakkam,2000-01-31 09:00:00,30.0,1013.1,42.0,13.0827,80.2707,16.0
AWS-CHE-01,Chennai Meenambakkam,2000-01-31 12:00:00,27.6,1013.0,49.0,13.0827,80.2707,16.0
AWS-CHE-01,Chennai Meenambakkam,2000-01-31 18:00:00,20.8,1015.2,85.0,13.0827,80.2707,16.0
AWS-CHE-01,Chennai Meenambakkam,2000-01-31 21:00:00,20.0,1013.4,89.0,13.0827,80.2707,16.0
AWS-CHE-01,Chennai Meenambakkam,2000-02-01 00:00:00,20.0,1013.2,89.0,13.0827,80.2707,16.0
AWS-CHE-01,Chennai Meenambakkam,2000-02-01 03:00:00,22.2,1015.1,79.0,13.0827,80.2707,16.0
AWS-CHE-01,Chennai Meenambakkam,2000-02-01 06:00:00,28.8,1015.0,52.0,13.0827,80.2707,16.0
AWS-CHE-01,Chennai Meenambakkam,2000-02-01 09:00:00,29.0,1011.8,46.0,13.0827,80.2707,16.0
AWS-CHE-01,Chennai Meenambakkam,2000-02-01 12:00:00,27.0,1010.9,51.0,13.0827,80.2707,16.0
AWS-CHE-01,Chennai Meenambakkam,2000-02-01 15:00:00,22.0,1013.2,74.0,13.0827,80.2707,16.0
AWS-CHE-01,Chennai Meenambakkam,2000-02-01 18:00:00,20.0,1013.4,85.0,13.0827,80.2707,16.0
AWS-CHE-01,Chennai Meenambakkam,2000-02-01 21:00:00,19.2,1012.1,88.0,13.0827,80.2707,16.0
AWS-CHE-01,Chennai Meenambakkam,2000-02-02 00:00:00,18.6,1011.9,92.0,13.0827,80.2707,16.0
AWS-CHE-01,Chennai Meenambakkam,2000-02-02 03:00:00,21.8,1014.9,79.0,13.0827,80.2707,16.0
AWS-CHE-01,Chennai Meenambakkam,2000-02-02 06:00:00,29.6,1014.1,54.0,13.0827,80.2707,16.0
AWS-CHE-01,Chennai Meenambakkam,2000-02-02 09:00:00,30.0,1011.4,54.0,13.0827,80.2707,16.0
AWS-CHE-01,Chennai Meenambakkam,2000-02-02 12:00:00,27.0,1011.5,68.0,13.0827,80.2707,16.0
AWS-CHE-01,Chennai Meenambakkam,2000-02-02 15:00:00,25.6,1014.0,79.0,13.0827,80.2707,16.0
AWS-CHE-01,Chennai Meenambakkam,2000-02-02 18:00:00,26.0,1014.7,79.0,13.0827,80.2707,16.0
AWS-CHE-01,Chennai Meenambakkam,2000-02-02 21:00:00,24.2,1015.4,88.0,13.0827,80.2707,16.0
AWS-CHE-01,Chennai Meenambakkam,2000-02-03 00:00:00,23.4,1012.9,91.0,13.0827,80.2707,16.0
AWS-CHE-01,Chennai Meenambakkam,2000-02-03 03:00:00,26.0,1015.1,84.0,13.0827,80.2707,16.0
AWS-CHE-01,Chennai Meenambakkam,2000-02-03 06:00:00,28.6,1015.2,75.0,13.0827,80.2707,16.0
AWS-CHE-01,Chennai Meenambakkam,2000-02-03 09:00:00,29.8,1012.4,66.0,13.0827,80.2707,16.0
AWS-CHE-01,Chennai Meenambakkam,2000-02-03 12:00:00,28.8,1012.2,75.0,13.0827,80.2707,16.0
AWS-CHE-01,Chennai Meenambakkam,2000-02-03 15:00:00,26.4,1014.5,84.0,13.0827,80.2707,16.0
AWS-CHE-01,Chennai Meenambakkam,2000-02-03 18:00:00,25.8,1015.0,89.0,13.0827,80.2707,16.0
AWS-CHE-01,Chennai Meenambakkam,2000-02-03 21:00:00,24.8,1012.4,91.0,13.0827,80.2707,16.0
AWS-CHE-01,Chennai Meenambakkam,2000-02-04 00:00:00,24.0,1012.0,95.0,13.0827,80.2707,16.0
AWS-CHE-01,Chennai Meenambakkam,2000-02-04 03:00:00,25.8,1014.1,89.0,13.0827,80.2707,16.0
AWS-CHE-01,Chennai Meenambakkam,2000-02-04 09:00:00,30.0,1010.8,65.0,13.0827,80.2707,16.0
AWS-CHE-01,Chennai Meenambakkam,2000-02-04 12:00:00,28.4,1010.6,75.0,13.0827,80.2707,16.0
AWS-CHE-01,Chennai Meenambakkam,2000-02-04 15:00:00,26.6,1012.9,84.0,13.0827,80.2707,16.0
AWS-CHE-01,Chennai Meenambakkam,2000-02-04 18:00:00,25.4,1013.2,88.0,13.0827,80.2707,16.0
AWS-CHE-01,Chennai Meenambakkam,2000-02-04 21:00:00,24.2,1011.5,93.0,13.0827,80.2707,16.0
AWS-CHE-01,Chennai Meenambakkam,2000-02-05 00:00:00,23.8,1011.4,93.0,13.0827,80.2707,16.0
AWS-CHE-01,Chennai Meenambakkam,2000-02-05 03:00:00,27.0,1013.4,80.0,13.0827,80.2707,16.0
AWS-CHE-01,Chennai Meenambakkam,2000-02-05 06:00:00,30.6,1012.7,64.0,13.0827,80.2707,16.0
AWS-CHE-01,Chennai Meenambakkam,2000-02-05 09:00:00,30.2,1009.3,66.0,13.0827,80.2707,16.0
AWS-CHE-01,Chennai Meenambakkam,2000-02-05 12:00:00,28.0,1008.7,73.0,13.0827,80.2707,16.0
AWS-CHE-01,Chennai Meenambakkam,2000-02-05 15:00:00,26.2,1010.5,83.0,13.0827,80.2707,16.0
AWS-CHE-01,Chennai Meenambakkam,2000-02-05 18:00:00,25.2,1011.0,88.0,13.0827,80.2707,16.0
AWS-CHE-01,Chennai Meenambakkam,2000-02-05 21:00:00,24.4,1010.0,91.0,13.0827,80.2707,16.0
AWS-CHE-01,Chennai Meenambakkam,2000-02-06 00:00:00,23.4,1010.2,93.0,13.0827,80.2707,16.0
AWS-CHE-01,Chennai Meenambakkam,2000-02-06 03:00:00,26.6,1013.1,83.0,13.0827,80.2707,16.0
AWS-CHE-01,Chennai Meenambakkam,2000-02-06 06:00:00,30.6,1011.9,60.0,13.0827,80.2707,16.0
AWS-CHE-01,Chennai Meenambakkam,2000-02-06 09:00:00,30.8,1008.6,63.0,13.0827,80.2707,16.0
AWS-CHE-01,Chennai Meenambakkam,2000-02-06 12:00:00,28.4,1008.1,73.0,13.0827,80.2707,16.0
AWS-CHE-01,Chennai Meenambakkam,2000-02-06 15:00:00,26.6,1010.1,83.0,13.0827,80.2707,16.0
AWS-CHE-01,Chennai Meenambakkam,2000-02-06 18:00:00,26.2,1010.9,91.0,13.0827,80.2707,16.0
AWS-CHE-01,Chennai Meenambakkam,2000-02-06 21:00:00,25.8,1009.4,89.0,13.0827,80.2707,16.0
AWS-CHE-01,Chennai Meenambakkam,2000-02-07 00:00:00,25.6,1009.5,90.0,13.0827,80.2707,16.0
AWS-CHE-01,Chennai Meenambakkam,2000-02-07 03:00:00,27.2,1011.9,83.0,13.0827,80.2707,16.0
AWS-CHE-01,Chennai Meenambakkam,2000-02-07 06:00:00,30.4,1011.9,63.0,13.0827,80.2707,16.0
AWS-CHE-01,Chennai Meenambakkam,2000-02-07 09:00:00,31.2,1008.2,63.0,13.0827,80.2707,16.0
AWS-CHE-01,Chennai Meenambakkam,2000-02-07 12:00:00,39.0,1007.4,42.0,13.0827,80.2707,16.0
AWS-CHE-01,Chennai Meenambakkam,2000-02-07 15:00:00,26.6,1009.6,86.0,13.0827,80.2707,16.0
AWS-CHE-01,Chennai Meenambakkam,2000-02-07 18:00:00,26.6,1010.2,86.0,13.0827,80.2707,16.0
AWS-CHE-01,Chennai Meenambakkam,2000-02-07 21:00:00,26.4,1008.5,86.0,13.0827,80.2707,16.0
AWS-CHE-01,Chennai Meenambakkam,2000-02-08 00:00:00,25.8,1008.4,87.0,13.0827,80.2707,16.0
AWS-CHE-01,Chennai Meenambakkam,2000-02-08 03:00:00,27.6,1010.8,80.0,13.0827,80.2707,16.0
AWS-CHE-01,Chennai Meenambakkam,2000-02-08 06:00:00,30.2,1010.9,70.0,13.0827,80.2707,16.0
AWS-CHE-01,Chennai Meenambakkam,2000-02-08 09:00:00,30.2,1008.1,66.0,13.0827,80.2707,16.0
AWS-CHE-01,Chennai Meenambakkam,2000-02-08 12:00:00,27.8,1008.0,74.0,13.0827,80.2707,16.0
AWS-CHE-01,Chennai Meenambakkam,2000-02-08 15:00:00,26.6,1010.2,78.0,13.0827,80.2707,16.0
AWS-CHE-01,Chennai Meenambakkam,2000-02-08 18:00:00,25.6,1011.0,82.0,13.0827,80.2707,16.0
AWS-CHE-01,Chennai Meenambakkam,2000-02-08 21:00:00,25.0,1009.2,85.0,13.0827,80.2707,16.0
AWS-CHE-01,Chennai Meenambakkam,2000-02-09 00:00:00,23.4,1009.3,91.0,13.0827,80.2707,16.0
AWS-CHE-01,Chennai Meenambakkam,2000-02-09 03:00:00,26.0,1011.9,81.0,13.0827,80.2707,16.0
AWS-CHE-01,Chennai Meenambakkam,2000-02-09 06:00:00,29.0,1012.5,62.0,13.0827,80.2707,16.0
AWS-CHE-01,Chennai Meenambakkam,2000-02-09 09:00:00,30.0,1009.4,59.0,13.0827,80.2707,16.0
AWS-CHE-01,Chennai Meenambakkam,2000-02-09 12:00:00,27.6,1009.2,66.0,13.0827,80.2707,16.0
AWS-CHE-01,Chennai Meenambakkam,2000-02-09 15:00:00,26.0,1011.2,78.0,13.0827,80.2707,16.0
AWS-CHE-01,Chennai Meenambakkam,2000-02-09 18:00:00,25.4,1011.6,80.0,13.0827,80.2707,16.0
AWS-CHE-01,Chennai Meenambakkam,2000-02-09 21:00:00,24.2,1010.5,90.0,13.0827,80.2707,16.0
AWS-CHE-01,Chennai Meenambakkam,2000-02-10 00:00:00,24.0,1010.5,90.0,13.0827,80.2707,16.0
AWS-CHE-01,Chennai Meenambakkam,2000-02-10 03:00:00,26.8,1012.8,78.0,13.0827,80.2707,16.0
AWS-CHE-01,Chennai Meenambakkam,2000-02-10 06:00:00,31.4,1013.0,53.0,13.0827,80.2707,16.0
AWS-CHE-01,Chennai Meenambakkam,2000-02-10 12:00:00,28.2,1009.3,70.0,13.0827,80.2707,16.0
AWS-CHE-01,Chennai Meenambakkam,2000-02-10 15:00:00,26.0,1010.8,78.0,13.0827,80.2707,16.0
AWS-CHE-01,Chennai Meenambakkam,2000-02-10 18:00:00,25.2,1011.2,85.0,13.0827,80.2707,16.0
AWS-CHE-01,Chennai Meenambakkam,2000-02-10 21:00:00,24.0,1009.6,91.0,13.0827,80.2707,16.0
AWS-CHE-01,Chennai Meenambakkam,2000-02-11 00:00:00,23.2,1010.1,93.0,13.0827,80.2707,16.0
AWS-CHE-01,Chennai Meenambakkam,2000-02-11 03:00:00,27.0,1012.2,77.0,13.0827,80.2707,16.0
AWS-CHE-01,Chennai Meenambakkam,2000-02-11 06:00:00,30.4,1012.4,58.0,13.0827,80.2707,16.0
AWS-CHE-01,Chennai Meenambakkam,2000-02-11 09:00:00,30.2,1009.5,60.0,13.0827,80.2707,16.0
AWS-CHE-01,Chennai Meenambakkam,2000-02-11 12:00:00,28.0,1009.7,66.0,13.0827,80.2707,16.0
AWS-CHE-01,Chennai Meenambakkam,2000-02-11 15:00:00,26.0,1011.3,78.0,13.0827,80.2707,16.0
AWS-CHE-01,Chennai Meenambakkam,2000-02-11 18:00:00,25.4,1011.6,84.0,13.0827,80.2707,16.0
AWS-CHE-01,Chennai Meenambakkam,2000-02-11 21:00:00,24.2,1010.1,91.0,13.0827,80.2707,16.0
AWS-CHE-01,Chennai Meenambakkam,2000-02-12 00:00:00,23.4,1010.1,91.0,13.0827,80.2707,16.0
AWS-CHE-01,Chennai Meenambakkam,2000-02-12 03:00:00,25.4,1012.3,84.0,13.0827,80.2707,16.0
AWS-CHE-01,Chennai Meenambakkam,2000-02-12 06:00:00,29.0,1010.35,63.0,13.0827,80.2707,16.0
AWS-CHE-01,Chennai Meenambakkam,2000-02-12 09:00:00,31.2,1008.4,56.0,13.0827,80.2707,16.0
AWS-CHE-01,Chennai Meenambakkam,2000-02-12 12:00:00,28.2,1008.2,69.0,13.0827,80.2707,16.0
AWS-CHE-01,Chennai Meenambakkam,2000-02-12 15:00:00,26.0,1010.3,79.0,13.0827,80.2707,16.0
AWS-CHE-01,Chennai Meenambakkam,2000-02-12 18:00:00,25.0,1011.0,85.0,13.0827,80.2707,16.0
AWS-CHE-01,Chennai Meenambakkam,2000-02-12 21:00:00,24.0,1009.3,91.0,13.0827,80.2707,16.0
AWS-CHE-01,Chennai Meenambakkam,2000-02-13 00:00:00,22.6,1009.1,95.0,13.0827,80.2707,16.0
AWS-CHE-01,Chennai Meenambakkam,2000-02-13 03:00:00,26.6,1010.8,81.0,13.0827,80.2707,16.0
AWS-CHE-01,Chennai Meenambakkam,2000-02-13 06:00:00,31.0,1010.9,52.0,13.0827,80.2707,16.0
AWS-CHE-01,Chennai Meenambakkam,2000-02-13 09:00:00,30.6,1008.2,49.0,13.0827,80.2707,16.0
AWS-CHE-01,Chennai Meenambakkam,2000-02-13 12:00:00,27.4,1008.5,68.0,13.0827,80.2707,16.0
AWS-CHE-01,Chennai Meenambakkam,2000-02-13 15:00:00,25.8,1010.5,75.0,13.0827,80.2707,16.0
AWS-CHE-01,Chennai Meenambakkam,2000-02-13 18:00:00,24.6,1011.1,82.0,13.0827,80.2707,16.0
AWS-CHE-01,Chennai Meenambakkam,2000-02-13 21:00:00,22.4,1009.8,91.0,13.0827,80.2707,16.0
AWS-CHE-01,Chennai Meenambakkam,2000-02-14 00:00:00,21.6,1009.5,95.0,13.0827,80.2707,16.0
AWS-CHE-01,Chennai Meenambakkam,2000-02-14 03:00:00,24.8,1012.2,83.0,13.0827,80.2707,16.0
AWS-CHE-01,Chennai Meenambakkam,2000-02-14 06:00:00,29.6,1012.6,57.0,13.0827,80.2707,16.0
AWS-CHE-01,Chennai Meenambakkam,2000-02-14 09:00:00,30.8,1009.5,51.0,13.0827,80.2707,16.0
AWS-CHE-01,Chennai Meenambakkam,2000-02-14 12:00:00,28.0,1009.4,63.0,13.0827,80.2707,16.0
AWS-CHE-01,Chennai Meenambakkam,2000-02-14 15:00:00,26.0,1011.6,75.0,13.0827,80.2707,16.0
AWS-CHE-01,Chennai Meenambakkam,2000-02-14 18:00:00,25.8,1012.1,75.0,13.0827,80.2707,16.0
AWS-CHE-01,Chennai Meenambakkam,2000-02-14 21:00:00,24.0,1010.9,81.0,13.0827,80.2707,16.0
AWS-CHE-01,Chennai Meenambakkam,2000-02-15 00:00:00,22.8,1011.1,90.0,13.0827,80.2707,16.0
AWS-CHE-01,Chennai Meenambakkam,2000-02-15 03:00:00,25.2,1013.1,78.0,13.0827,80.2707,16.0
AWS-CHE-01,Chennai Meenambakkam,2000-02-15 06:00:00,30.2,1013.5,52.0,13.0827,80.2707,16.0
AWS-CHE-01,Chennai Meenambakkam,2000-02-15 09:00:00,29.3,1011.1,55.5,13.0827,80.2707,16.0
AWS-CHE-01,Chennai Meenambakkam,2000-02-15 12:00:00,28.4,1010.2,59.0,13.0827,80.2707,16.0
AWS-CHE-01,Chennai Meenambakkam,2000-02-16 03:00:00,25.8,1013.2,81.0,13.0827,80.2707,16.0
AWS-CHE-01,Chennai Meenambakkam,2000-02-16 06:00:00,30.6,1013.7,51.0,13.0827,80.2707,16.0
AWS-CHE-01,Chennai Meenambakkam,2000-02-16 09:00:00,31.4,1010.9,46.0,13.0827,80.2707,16.0
AWS-CHE-01,Chennai Meenambakkam,2000-02-16 12:00:00,28.2,1010.1,62.0,13.0827,80.2707,16.0
AWS-CHE-01,Chennai Meenambakkam,2000-02-16 15:00:00,26.2,1012.0,75.0,13.0827,80.2707,16.0
AWS-CHE-01,Chennai Meenambakkam,2000-02-16 18:00:00,24.6,1012.2,88.0,13.0827,80.2707,16.0
AWS-CHE-01,Chennai Meenambakkam,2000-02-16 21:00:00,23.6,1009.7,91.0,13.0827,80.2707,16.0
AWS-CHE-01,Chennai Meenambakkam,2000-02-17 00:00:00,23.0,1009.7,91.0,13.0827,80.2707,16.0
AWS-CHE-01,Chennai Meenambakkam,2000-02-17 03:00:00,24.6,1011.7,83.0,13.0827,80.2707,16.0
AWS-CHE-01,Chennai Meenambakkam,2000-02-17 06:00:00,30.4,1010.7,53.0,13.0827,80.2707,16.0
AWS-CHE-01,Chennai Meenambakkam,2000-02-17 09:00:00,30.4,1009.2,54.0,13.0827,80.2707,16.0
AWS-CHE-01,Chennai Meenambakkam,2000-02-17 12:00:00,28.0,1007.4,62.0,13.0827,80.2707,16.0
AWS-CHE-01,Chennai Meenambakkam,2000-02-17 15:00:00,25.6,1009.7,80.0,13.0827,80.2707,16.0
AWS-CHE-01,Chennai Meenambakkam,2000-02-17 18:00:00,23.8,1010.4,91.0,13.0827,80.2707,16.0
AWS-CHE-01,Chennai Meenambakkam,2000-02-17 21:00:00,23.6,1008.8,90.0,13.0827,80.2707,16.0
AWS-CHE-01,Chennai Meenambakkam,2000-02-18 00:00:00,23.0,1007.6,93.0,13.0827,80.2707,16.0
AWS-CHE-01,Chennai Meenambakkam,2000-02-18 03:00:00,25.2,1011.0,84.0,13.0827,80.2707,16.0
AWS-CHE-01,Chennai Meenambakkam,2000-02-18 04:00:00,30.8,1010.5,50.0,13.0827,80.2707,16.0
AWS-CHE-01,Chennai Meenambakkam,2000-02-18 06:00:00,30.8,1010.5,50.0,13.0827,80.2707,16.0
AWS-CHE-01,Chennai Meenambakkam,2000-02-18 09:00:00,32.4,1006.6,45.0,13.0827,80.2707,16.0
AWS-CHE-01,Chennai Meenambakkam,2000-02-18 12:00:00,28.8,1006.2,60.0,13.0827,80.2707,16.0
AWS-CHE-01,Chennai Meenambakkam,2000-02-18 15:00:00,25.8,1008.5,84.0,13.0827,80.2707,16.0
AWS-CHE-01,Chennai Meenambakkam,2000-02-18 18:00:00,25.6,1009.4,85.0,13.0827,80.2707,16.0
AWS-CHE-01,Chennai Meenambakkam,2000-02-18 21:00:00,23.8,1007.8,91.0,13.0827,80.2707,16.0
AWS-CHE-01,Chennai Meenambakkam,2000-02-19 03:00:00,25.4,1010.3,85.0,13.0827,80.2707,16.0
AWS-CHE-01,Chennai Meenambakkam,2000-02-19 06:00:00,27.8,1010.5,71.5,13.0827,80.2707,16.0
AWS-CHE-01,Chennai Meenambakkam,2000-02-19 09:00:00,30.2,1007.6,58.0,13.0827,80.2707,16.0
AWS-CHE-01,Chennai Meenambakkam,2000-02-19 12:00:00,28.0,1007.2,69.0,13.0827,80.2707,16.0
AWS-CHE-01,Chennai Meenambakkam,2000-02-19 15:00:00,26.8,1009.4,74.0,13.0827,80.2707,16.0
AWS-CHE-01,Chennai Meenambakkam,2000-02-19 18:00:00,26.2,1009.6,81.0,13.0827,80.2707,16.0
AWS-CHE-01,Chennai Meenambakkam,2000-02-19 21:00:00,24.4,1007.5,89.0,13.0827,80.2707,16.0
AWS-CHE-01,Chennai Meenambakkam,2000-02-20 00:00:00,24.0,1007.5,91.0,13.0827,80.2707,16.0
AWS-CHE-01,Chennai Meenambakkam,2000-02-20 03:00:00,26.6,1009.7,81.0,13.0827,80.2707,16.0
AWS-CHE-01,Chennai Meenambakkam,2000-02-20 06:00:00,31.2,1010.2,55.0,13.0827,80.2707,16.0
AWS-CHE-01,Chennai Meenambakkam,2000-02-20 09:00:00,31.6,1007.0,59.0,13.0827,80.2707,16.0
AWS-CHE-01,Chennai Meenambakkam,2000-02-20 12:00:00,28.6,1006.5,72.0,13.0827,80.2707,16.0
AWS-CHE-01,Chennai Meenambakkam,2000-02-20 15:00:00,27.0,1008.5,81.0,13.0827,80.2707,16.0
AWS-CHE-01,Chennai Meenambakkam,2000-02-20 18:00:00,27.0,1009.7,83.0,13.0827,80.2707,16.0
AWS-CHE-01,Chennai Meenambakkam,2000-02-20 21:00:00,25.8,1007.4,88.0,13.0827,80.2707,16.0
AWS-CHE-01,Chennai Meenambakkam,2000-02-21 00:00:00,24.8,1007.5,91.0,13.0827,80.2707,16.0
AWS-CHE-01,Chennai Meenambakkam,2000-02-21 03:00:00,27.4,1010.0,80.0,13.0827,80.2707,16.0
AWS-CHE-01,Chennai Meenambakkam,2000-02-21 06:00:00,31.0,1010.3,62.0,13.0827,80.2707,16.0
AWS-CHE-01,Chennai Meenambakkam,2000-02-21 09:00:00,30.6,1007.4,64.0,13.0827,80.2707,16.0
AWS-CHE-01,Chennai Meenambakkam,2000-02-21 12:00:00,28.4,1006.6,73.0,13.0827,80.2707,16.0
AWS-CHE-01,Chennai Meenambakkam,2000-02-21 15:00:00,27.2,1009.3,80.0,13.0827,80.2707,16.0
AWS-CHE-01,Chennai Meenambakkam,2000-02-21 18:00:00,27.0,1010.4,81.0,13.0827,80.2707,16.0
AWS-CHE-01,Chennai Meenambakkam,2000-02-21 21:00:00,26.0,1009.1,84.0,13.0827,80.2707,16.0
AWS-CHE-01,Chennai Meenambakkam,2000-02-22 00:00:00,24.4,1009.0,91.0,13.0827,80.2707,16.0
AWS-CHE-01,Chennai Meenambakkam,2000-02-22 03:00:00,28.4,1011.1,73.0,13.0827,80.2707,16.0
AWS-CHE-01,Chennai Meenambakkam,2000-02-22 06:00:00,30.4,1011.5,59.0,13.0827,80.2707,16.0
AWS-CHE-01,Chennai Meenambakkam,2000-02-22 09:00:00,31.2,1008.5,57.0,13.0827,80.2707,16.0
AWS-CHE-01,Chennai Meenambakkam,2000-02-22 12:00:00,28.2,1008.3,74.0,13.0827,80.2707,16.0
AWS-CHE-01,Chennai Meenambakkam,2000-02-22 15:00:00,27.0,1010.0,78.0,13.0827,80.2707,16.0
AWS-CHE-01,Chennai Meenambakkam,2000-02-22 18:00:00,27.0,1011.2,78.0,13.0827,80.2707,16.0
AWS-CHE-01,Chennai Meenambakkam,2000-02-22 21:00:00,26.6,1009.2,83.0,13.0827,80.2707,16.0
AWS-CHE-01,Chennai Meenambakkam,2000-02-23 00:00:00,26.0,1009.0,87.0,13.0827,80.2707,16.0
AWS-CHE-01,Chennai Meenambakkam,2000-02-23 03:00:00,25.6,1011.3,90.0,13.0827,80.2707,16.0
AWS-CHE-01,Chennai Meenambakkam,2000-02-23 06:00:00,28.0,1011.0,78.0,13.0827,80.2707,16.0
AWS-CHE-01,Chennai Meenambakkam,2000-02-23 09:00:00,29.0,1009.1,70.0,13.0827,80.2707,16.0
AWS-CHE-01,Chennai Meenambakkam,2000-02-23 12:00:00,27.4,1008.8,78.0,13.0827,80.2707,16.0
AWS-CHE-01,Chennai Meenambakkam,2000-02-23 15:00:00,27.0,1011.2,83.0,13.0827,80.2707,16.0
AWS-CHE-01,Chennai Meenambakkam,2000-02-23 18:00:00,25.2,1011.8,93.0,13.0827,80.2707,16.0
AWS-CHE-01,Chennai Meenambakkam,2000-02-24 00:00:00,24.0,1010.1,98.0,13.0827,80.2707,16.0
AWS-CHE-01,Chennai Meenambakkam,2000-02-24 03:00:00,23.6,1013.1,96.0,13.0827,80.2707,16.0
AWS-CHE-01,Chennai Meenambakkam,2000-02-24 06:00:00,24.0,1013.3,96.0,13.0827,80.2707,16.0
AWS-CHE-01,Chennai Meenambakkam,2000-02-24 09:00:00,24.0,1011.1,96.0,13.0827,80.2707,16.0
AWS-CHE-01,Chennai Meenambakkam,2000-02-24 12:00:00,23.4,1010.6,96.0,13.0827,80.2707,16.0
AWS-CHE-01,Chennai Meenambakkam,2000-02-24 15:00:00,23.4,1010.6,96.0,13.0827,80.2707,16.0
AWS-CHE-01,Chennai Meenambakkam,2000-02-24 18:00:00,23.0,1012.6,91.0,13.0827,80.2707,16.0
AWS-CHE-01,Chennai Meenambakkam,2000-02-25 00:00:00,23.0,1009.7,96.0,13.0827,80.2707,16.0
AWS-CHE-01,Chennai Meenambakkam,2000-02-25 03:00:00,24.8,1012.0,93.0,13.0827,80.2707,16.0
AWS-CHE-01,Chennai Meenambakkam,2000-02-25 06:00:00,27.8,1012.1,78.0,13.0827,80.2707,16.0
AWS-CHE-01,Chennai Meenambakkam,2000-02-25 09:00:00,30.2,1008.2,70.0,13.0827,80.2707,16.0
AWS-CHE-01,Chennai Meenambakkam,2000-02-25 12:00:00,27.8,1007.4,74.0,13.0827,80.2707,16.0
AWS-CHE-01,Chennai Meenambakkam,2000-02-25 15:00:00,26.2,1008.8,90.0,13.0827,80.2707,16.0
AWS-CHE-01,Chennai Meenambakkam,2000-02-25 18:00:00,25.4,1009.2,91.0,13.0827,80.2707,16.0
AWS-CHE-01,Chennai Meenambakkam,2000-02-25 21:00:00,25.0,1007.5,90.0,13.0827,80.2707,16.0
AWS-CHE-01,Chennai Meenambakkam,2000-02-26 00:00:00,24.0,1007.2,96.0,13.0827,80.2707,16.0
AWS-CHE-01,Chennai Meenambakkam,2000-02-26 03:00:00,26.6,1009.7,84.0,13.0827,80.2707,16.0
AWS-CHE-01,Chennai Meenambakkam,2000-02-26 06:00:00,29.2,1009.7,75.0,13.0827,80.2707,16.0
AWS-CHE-01,Chennai Meenambakkam,2000-02-26 09:00:00,26.2,1007.4,86.0,13.0827,80.2707,16.0
AWS-CHE-01,Chennai Meenambakkam,2000-02-26 12:00:00,25.0,1007.6,91.0,13.0827,80.2707,16.0
AWS-CHE-01,Chennai Meenambakkam,2000-02-26 15:00:00,24.4,1009.4,95.0,13.0827,80.2707,16.0
AWS-CHE-01,Chennai Meenambakkam,2000-02-26 18:00:00,23.8,1009.9,96.0,13.0827,80.2707,16.0
AWS-CHE-01,Chennai Meenambakkam,2000-02-26 21:00:00,23.8,1008.1,96.0,13.0827,80.2707,16.0
AWS-CHE-01,Chennai Meenambakkam,2000-02-27 00:00:00,22.8,1008.4,93.0,13.0827,80.2707,16.0
AWS-CHE-01,Chennai Meenambakkam,2000-02-27 03:00:00,24.0,1010.6,93.0,13.0827,80.2707,16.0
AWS-CHE-01,Chennai Meenambakkam,2000-02-27 06:00:00,24.6,1011.1,95.0,13.0827,80.2707,16.0
AWS-CHE-01,Chennai Meenambakkam,2000-02-27 09:00:00,24.6,1009.85,95.0,13.0827,80.2707,16.0
AWS-CHE-01,Chennai Meenambakkam,2000-02-27 12:00:00,26.8,1008.6,81.0,13.0827,80.2707,16.0
AWS-CHE-01,Chennai Meenambakkam,2000-02-27 15:00:00,24.6,1011.0,95.0,13.0827,80.2707,16.0
AWS-CHE-01,Chennai Meenambakkam,2000-02-27 18:00:00,24.0,1011.7,95.0,13.0827,80.2707,16.0
AWS-CHE-01,Chennai Meenambakkam,2000-02-27 21:00:00,23.8,1010.1,95.0,13.0827,80.2707,16.0
AWS-CHE-01,Chennai Meenambakkam,2000-02-28 00:00:00,24.8,1007.4,92.0,13.0827,80.2707,16.0
AWS-CHE-01,Chennai Meenambakkam,2000-02-28 03:00:00,25.8,1012.8,89.0,13.0827,80.2707,16.0
AWS-CHE-01,Chennai Meenambakkam,2000-02-28 06:00:00,29.6,1013.0,64.0,13.0827,80.2707,16.0
AWS-CHE-01,Chennai Meenambakkam,2000-02-28 09:00:00,29.6,1010.3,63.0,13.0827,80.2707,16.0
AWS-CHE-01,Chennai Meenambakkam,2000-02-28 12:00:00,28.0,1010.6,66.0,13.0827,80.2707,16.0
AWS-CHE-01,Chennai Meenambakkam,2000-02-28 15:00:00,26.6,1012.4,76.0,13.0827,80.2707,16.0
AWS-CHE-01,Chennai Meenambakkam,2000-02-28 18:00:00,25.8,1013.8,81.0,13.0827,80.2707,16.0
AWS-CHE-01,Chennai Meenambakkam,2000-02-28 21:00:00,25.0,1011.6,90.0,13.0827,80.2707,16.0
AWS-CHE-01,Chennai Meenambakkam,2000-02-29 00:00:00,23.2,1011.8,94.0,13.0827,80.2707,16.0
AWS-CHE-01,Chennai Meenambakkam,2000-02-29 03:00:00,26.6,1013.7,80.0,13.0827,80.2707,16.0
AWS-CHE-01,Chennai Meenambakkam,2000-02-29 06:00:00,29.8,1013.8,63.0,13.0827,80.2707,16.0
AWS-CHE-01,Chennai Meenambakkam,2000-02-29 09:00:00,30.2,1010.9,46.0,13.0827,80.2707,16.0
AWS-CHE-01,Chennai Meenambakkam,2000-02-29 12:00:00,28.4,1010.6,51.0,13.0827,80.2707,16.0
AWS-CHE-01,Chennai Meenambakkam,2000-02-29 15:00:00,25.4,1012.1,70.0,13.0827,80.2707,16.0
AWS-CHE-01,Chennai Meenambakkam,2000-02-29 18:00:00,23.0,1012.3,86.0,13.0827,80.2707,16.0
AWS-CHE-01,Chennai Meenambakkam,2000-03-01 00:00:00,21.8,1010.3,95.0,13.0827,80.2707,16.0
AWS-CHE-01,Chennai Meenambakkam,2000-03-01 03:00:00,24.8,1013.1,82.0,13.0827,80.2707,16.0
AWS-CHE-01,Chennai Meenambakkam,2000-03-01 06:00:00,29.4,1012.8,48.0,13.0827,80.2707,16.0
AWS-CHE-01,Chennai Meenambakkam,2000-03-01 09:00:00,30.4,1009.5,45.0,13.0827,80.2707,16.0
AWS-CHE-01,Chennai Meenambakkam,2000-03-01 12:00:00,28.4,1009.6,48.0,13.0827,80.2707,16.0
AWS-CHE-01,Chennai Meenambakkam,2000-03-01 15:00:00,23.6,1011.6,73.0,13.0827,80.2707,16.0
AWS-CHE-01,Chennai Meenambakkam,2000-03-01 18:00:00,21.6,1012.1,89.0,13.0827,80.2707,16.0
AWS-CHE-01,Chennai Meenambakkam,2000-03-01 21:00:00,21.0,1010.1,95.0,13.0827,80.2707,16.0
AWS-CHE-01,Chennai Meenambakkam,2000-03-02 00:00:00,20.0,1010.4,92.0,13.0827,80.2707,16.0
AWS-CHE-01,Chennai Meenambakkam,2000-03-02 03:00:00,23.2,1013.0,78.0,13.0827,80.2707,16.0
AWS-CHE-01,Chennai Meenambakkam,2000-03-02 06:00:00,29.4,1012.6,43.0,13.0827,80.2707,16.0
AWS-CHE-01,Chennai Meenambakkam,2000-03-02 09:00:00,31.0,1009.7,39.0,13.0827,80.2707,16.0
AWS-CHE-01,Chennai Meenambakkam,2000-03-02 12:00:00,27.4,1009.3,56.0,13.0827,80.2707,16.0
AWS-CHE-01,Chennai Meenambakkam,2000-03-02 15:00:00,23.8,1011.6,80.0,13.0827,80.2707,16.0
AWS-CHE-01,Chennai Meenambakkam,2000-03-02 18:00:00,22.0,1011.9,91.0,13.0827,80.2707,16.0
AWS-CHE-01,Chennai Meenambakkam,2000-03-02 21:00:00,21.4,1010.7,95.0,13.0827,80.2707,16.0
AWS-CHE-01,Chennai Meenambakkam,2000-03-03 00:00:00,21.2,1010.6,93.0,13.0827,80.2707,16.0
AWS-CHE-01,Chennai Meenambakkam,2000-03-03 03:00:00,24.4,1013.1,82.0,13.0827,80.2707,16.0
AWS-CHE-01,Chennai Meenambakkam,2000-03-03 06:00:00,30.0,1012.7,54.0,13.0827,80.2707,16.0
AWS-CHE-01,Chennai Meenambakkam,2000-03-03 09:00:00,31.0,1009.4,45.0,13.0827,80.2707,16.0
AWS-CHE-01,Chennai Meenambakkam,2000-03-03 12:00:00,29.0,1008.9,48.0,13.0827,80.2707,16.0
AWS-CHE-01,Chennai Meenambakkam,2000-03-03 15:00:00,23.6,1011.1,81.0,13.0827,80.2707,16.0
AWS-CHE-01,Chennai Meenambakkam,2000-03-03 18:00:00,22.2,1011.8,93.0,13.0827,80.2707,16.0
AWS-CHE-01,Chennai Meenambakkam,2000-03-04 00:00:00,21.4,1010.3,91.0,13.0827,80.2707,16.0
AWS-CHE-01,Chennai Meenambakkam,2000-03-04 03:00:00,25.8,1012.4,81.0,13.0827,80.2707,16.0
AWS-CHE-01,Chennai Meenambakkam,2000-03-04 06:00:00,30.4,1012.1,60.0,13.0827,80.2707,16.0
AWS-CHE-01,Chennai Meenambakkam,2000-03-04 09:00:00,32.8,1008.8,54.0,13.0827,80.2707,16.0
AWS-CHE-01,Chennai Meenambakkam,2000-03-04 12:00:00,29.2,1008.5,59.0,13.0827,80.2707,16.0
AWS-CHE-01,Chennai Meenambakkam,2000-03-04 15:00:00,25.0,1010.9,87.0,13.0827,80.2707,16.0
AWS-CHE-01,Chennai Meenambakkam,2000-03-04 18:00:00,23.0,1011.0,95.0,13.0827,80.2707,16.0
AWS-CHE-01,Chennai Meenambakkam,2000-03-04 21:00:00,22.0,1009.1,95.0,13.0827,80.2707,16.0
AWS-CHE-01,Chennai Meenambakkam,2000-03-05 00:00:00,20.6,1008.6,96.0,13.0827,80.2707,16.0
AWS-CHE-01,Chennai Meenambakkam,2000-03-05 03:00:00,22.6,1011.7,96.0,13.0827,80.2707,16.0
AWS-CHE-01,Chennai Meenambakkam,2000-03-05 06:00:00,29.8,1011.5,65.0,13.0827,80.2707,16.0
AWS-CHE-01,Chennai Meenambakkam,2000-03-05 09:00:00,30.2,1008.4,52.0,13.0827,80.2707,16.0
AWS-CHE-01,Chennai Meenambakkam,2000-03-05 12:00:00,27.8,1007.8,69.0,13.0827,80.2707,16.0
AWS-CHE-01,Chennai Meenambakkam,2000-03-05 15:00:00,24.4,1009.8,86.0,13.0827,80.2707,16.0
AWS-CHE-01,Chennai Meenambakkam,2000-03-05 18:00:00,23.0,1010.4,91.0,13.0827,80.2707,16.0
AWS-CHE-01,Chennai Meenambakkam,2000-03-05 21:00:00,22.0,1008.7,95.0,13.0827,80.2707,16.0
AWS-CHE-01,Chennai Meenambakkam,2000-03-06 00:00:00,21.8,1008.0,95.0,13.0827,80.2707,16.0
AWS-CHE-01,Chennai Meenambakkam,2000-03-06 03:00:00,24.4,1011.1,83.0,13.0827,80.2707,16.0
AWS-CHE-01,Chennai Meenambakkam,2000-03-06 06:00:00,30.6,1010.9,58.0,13.0827,80.2707,16.0
AWS-CHE-01,Chennai Meenambakkam,2000-03-06 09:00:00,30.8,1008.3,55.0,13.0827,80.2707,16.0
AWS-CHE-01,Chennai Meenambakkam,2000-03-06 12:00:00,28.8,1008.1,67.0,13.0827,80.2707,16.0
AWS-CHE-01,Chennai Meenambakkam,2000-03-06 15:00:00,25.6,1010.2,82.0,13.0827,80.2707,16.0
AWS-CHE-01,Chennai Meenambakkam,2000-03-06 18:00:00,24.0,1011.1,91.0,13.0827,80.2707,16.0
AWS-CHE-01,Chennai Meenambakkam,2000-03-06 21:00:00,23.0,1009.2,95.0,13.0827,80.2707,16.0
AWS-CHE-01,Chennai Meenambakkam,2000-03-07 00:00:00,23.0,1009.2,95.0,13.0827,80.2707,16.0
AWS-CHE-01,Chennai Meenambakkam,2000-03-07 03:00:00,26.2,1011.5,83.0,13.0827,80.2707,16.0
AWS-CHE-01,Chennai Meenambakkam,2000-03-07 06:00:00,30.6,1011.1,64.0,13.0827,80.2707,16.0
AWS-CHE-01,Chennai Meenambakkam,2000-03-07 09:00:00,30.8,1008.7,67.0,13.0827,80.2707,16.0
AWS-CHE-01,Chennai Meenambakkam,2000-03-07 12:00:00,28.8,1008.3,75.0,13.0827,80.2707,16.0
AWS-CHE-01,Chennai Meenambakkam,2000-03-07 15:00:00,27.0,1010.5,84.0,13.0827,80.2707,16.0
AWS-CHE-01,Chennai Meenambakkam,2000-03-07 18:00:00,26.6,1011.0,89.0,13.0827,80.2707,16.0
AWS-CHE-01,Chennai Meenambakkam,2000-03-07 21:00:00,25.6,1009.2,91.0,13.0827,80.2707,16.0
AWS-CHE-01,Chennai Meenambakkam,2000-03-08 00:00:00,25.4,1009.3,93.0,13.0827,80.2707,16.0
AWS-CHE-01,Chennai Meenambakkam,2000-03-08 03:00:00,28.0,1010.9,83.0,13.0827,80.2707,16.0
AWS-CHE-01,Chennai Meenambakkam,2000-03-08 06:00:00,31.4,1010.3,66.0,13.0827,80.2707,16.0
AWS-CHE-01,Chennai Meenambakkam,2000-03-08 09:00:00,31.2,1007.7,64.0,13.0827,80.2707,16.0
AWS-CHE-01,Chennai Meenambakkam,2000-03-08 12:00:00,29.4,1007.1,72.0,13.0827,80.2707,16.0
AWS-CHE-01,Chennai Meenambakkam,2000-03-08 15:00:00,27.6,1008.8,83.0,13.0827,80.2707,16.0
AWS-CHE-01,Chennai Meenambakkam,2000-03-08 18:00:00,26.8,1009.4,87.0,13.0827,80.2707,16.0
AWS-CHE-01,Chennai Meenambakkam,2000-03-08 21:00:00,26.2,1007.9,92.0,13.0827,80.2707,16.0
AWS-CHE-01,Chennai Meenambakkam,2000-03-09 00:00:00,25.2,1007.7,95.0,13.0827,80.2707,16.0
AWS-CHE-01,Chennai Meenambakkam,2000-03-09 03:00:00,28.0,1009.8,80.0,13.0827,80.2707,16.0
AWS-CHE-01,Chennai Meenambakkam,2000-03-09 06:00:00,32.4,1009.9,61.0,13.0827,80.2707,16.0
AWS-CHE-01,Chennai Meenambakkam,2000-03-09 09:00:00,32.8,1007.1,63.0,13.0827,80.2707,16.0
AWS-CHE-01,Chennai Meenambakkam,2000-03-09 12:00:00,30.0,1006.5,72.0,13.0827,80.2707,16.0
AWS-CHE-01,Chennai Meenambakkam,2000-03-09 15:00:00,27.6,1008.5,83.0,13.0827,80.2707,16.0
AWS-CHE-01,Chennai Meenambakkam,2000-03-09 18:00:00,27.0,1009.7,86.0,13.0827,80.2707,16.0
AWS-CHE-01,Chennai Meenambakkam,2000-03-09 21:00:00,25.8,1007.7,89.0,13.0827,80.2707,16.0
AWS-CHE-01,Chennai Meenambakkam,2000-03-10 00:00:00,25.0,1008.0,95.0,13.0827,80.2707,16.0
AWS-CHE-01,Chennai Meenambakkam,2000-03-10 03:00:00,28.0,1010.7,82.0,13.0827,80.2707,16.0
AWS-CHE-01,Chennai Meenambakkam,2000-03-10 06:00:00,31.8,1010.2,58.0,13.0827,80.2707,16.0
AWS-CHE-01,Chennai Meenambakkam,2000-03-10 09:00:00,32.4,1007.6,58.0,13.0827,80.2707,16.0
AWS-CHE-01,Chennai Meenambakkam,2000-03-10 12:00:00,30.0,1007.3,66.0,13.0827,80.2707,16.0
AWS-CHE-01,Chennai Meenambakkam,2000-03-10 15:00:00,27.4,1009.4,83.0,13.0827,80.2707,16.0
AWS-CHE-01,Chennai Meenambakkam,2000-03-10 18:00:00,26.4,1010.1,86.0,13.0827,80.2707,16.0
AWS-CHE-01,Chennai Meenambakkam,2000-03-10 21:00:00,25.0,1008.9,91.0,13.0827,80.2707,16.0
AWS-CHE-01,Chennai Meenambakkam,2000-03-11 00:00:00,25.0,1009.1,93.0,13.0827,80.2707,16.0
AWS-CHE-01,Chennai Meenambakkam,2000-03-11 03:00:00,27.4,1011.6,84.0,13.0827,80.2707,16.0
AWS-CHE-01,Chennai Meenambakkam,2000-03-11 06:00:00,32.0,1011.6,57.0,13.0827,80.2707,16.0
AWS-CHE-01,Chennai Meenambakkam,2000-03-11 09:00:00,32.8,1008.6,53.0,13.0827,80.2707,16.0
AWS-CHE-01,Chennai Meenambakkam,2000-03-11 12:00:00,30.4,1008.1,57.0,13.0827,80.2707,16.0
AWS-CHE-01,Chennai Meenambakkam,2000-03-11 15:00:00,26.8,1010.1,80.0,13.0827,80.2707,16.0
AWS-CHE-01,Chennai Meenambakkam,2000-03-11 18:00:00,25.8,1010.2,89.0,13.0827,80.2707,16.0
AWS-CHE-01,Chennai Meenambakkam,2000-03-12 00:00:00,24.6,1008.5,91.0,13.0827,80.2707,16.0
AWS-CHE-01,Chennai Meenambakkam,2000-03-12 03:00:00,27.0,1010.7,81.0,13.0827,80.2707,16.0
AWS-CHE-01,Chennai Meenambakkam,2000-03-12 06:00:00,32.0,1010.2,57.0,13.0827,80.2707,16.0
AWS-CHE-01,Chennai Meenambakkam,2000-03-12 09:00:00,32.8,1006.9,58.0,13.0827,80.2707,16.0
AWS-CHE-01,Chennai Meenambakkam,2000-03-12 12:00:00,29.4,1006.7,68.0,13.0827,80.2707,16.0
AWS-CHE-01,Chennai Meenambakkam,2000-03-12 15:00:00,27.4,1008.6,80.0,13.0827,80.2707,16.0
AWS-CHE-01,Chennai Meenambakkam,2000-03-12 18:00:00,26.4,1009.3,84.0,13.0827,80.2707,16.0
AWS-CHE-01,Chennai Meenambakkam,2000-03-12 21:00:00,25.4,1007.7,90.0,13.0827,80.2707,16.0
AWS-CHE-01,Chennai Meenambakkam,2000-03-13 00:00:00,25.0,1007.8,91.0,13.0827,80.2707,16.0
AWS-CHE-01,Chennai Meenambakkam,2000-03-13 03:00:00,28.0,1009.9,76.0,13.0827,80.2707,16.0
AWS-CHE-01,Chennai Meenambakkam,2000-03-13 06:00:00,32.2,1009.1,58.0,13.0827,80.2707,16.0
AWS-CHE-01,Chennai Meenambakkam,2000-03-13 09:00:00,32.8,1009.9,58.0,13.0827,80.2707,16.0
AWS-CHE-01,Chennai Meenambakkam,2000-03-13 15:00:00,27.2,1008.0,86.0,13.0827,80.2707,16.0
AWS-CHE-01,Chennai Meenambakkam,2000-03-13 18:00:00,26.4,1008.8,90.0,13.0827,80.2707,16.0
AWS-CHE-01,Chennai Meenambakkam,2000-03-13 21:00:00,25.0,1007.9,93.0,13.0827,80.2707,16.0
AWS-CHE-01,Chennai Meenambakkam,2000-03-14 00:00:00,24.8,1008.4,95.0,13.0827,80.2707,16.0
AWS-CHE-01,Chennai Meenambakkam,2000-03-14 03:00:00,28.0,1010.9,82.0,13.0827,80.2707,16.0
AWS-CHE-01,Chennai Meenambakkam,2000-03-14 06:00:00,32.2,1010.1,54.0,13.0827,80.2707,16.0
AWS-CHE-01,Chennai Meenambakkam,2000-03-14 09:00:00,32.2,1006.2,63.0,13.0827,80.2707,16.0
AWS-CHE-01,Chennai Meenambakkam,2000-03-14 12:00:00,30.4,1007.1,68.0,13.0827,80.2707,16.0
AWS-CHE-01,Chennai Meenambakkam,2000-03-14 15:00:00,27.2,1009.5,83.0,13.0827,80.2707,16.0
AWS-CHE-01,Chennai Meenambakkam,2000-03-14 18:00:00,26.4,1010.2,87.0,13.0827,80.2707,16.0
AWS-CHE-01,Chennai Meenambakkam,2000-03-14 21:00:00,26.0,1008.8,90.0,13.0827,80.2707,16.0
AWS-CHE-01,Chennai Meenambakkam,2000-03-15 00:00:00,24.6,1008.9,95.0,13.0827,80.2707,16.0
AWS-CHE-01,Chennai Meenambakkam,2000-03-15 03:00:00,28.4,1011.3,78.0,13.0827,80.2707,16.0
AWS-CHE-01,Chennai Meenambakkam,2000-03-15 06:00:00,32.0,1010.5,57.0,13.0827,80.2707,16.0
AWS-CHE-01,Chennai Meenambakkam,2000-03-15 09:00:00,32.0,1007.3,64.0,13.0827,80.2707,16.0
AWS-CHE-01,Chennai Meenambakkam,2000-03-15 12:00:00,29.6,1007.4,70.0,13.0827,80.2707,16.0
AWS-CHE-01,Chennai Meenambakkam,2000-03-15 15:00:00,27.6,1009.8,80.0,13.0827,80.2707,16.0
AWS-CHE-01,Chennai Meenambakkam,2000-03-15 18:00:00,26.6,1010.2,87.0,13.0827,80.2707,16.0
AWS-CHE-01,Chennai Meenambakkam,2000-03-15 21:00:00,25.4,1008.4,93.0,13.0827,80.2707,16.0
AWS-CHE-01,Chennai Meenambakkam,2000-03-16 00:00:00,24.4,1008.4,95.0,13.0827,80.2707,16.0
AWS-CHE-01,Chennai Meenambakkam,2000-03-16 03:00:00,28.0,1010.6,80.0,13.0827,80.2707,16.0
AWS-CHE-01,Chennai Meenambakkam,2000-03-16 06:00:00,32.2,1010.0,59.0,13.0827,80.2707,16.0
AWS-CHE-01,Chennai Meenambakkam,2000-03-16 09:00:00,32.2,1007.2,64.0,13.0827,80.2707,16.0
AWS-CHE-01,Chennai Meenambakkam,2000-03-16 12:00:00,29.4,1006.7,72.0,13.0827,80.2707,16.0
AWS-CHE-01,Chennai Meenambakkam,2000-03-16 15:00:00,27.0,1000.8,83.0,13.0827,80.2707,16.0
AWS-CHE-01,Chennai Meenambakkam,2000-03-16 18:00:00,25.4,1009.1,91.0,13.0827,80.2707,16.0
AWS-CHE-01,Chennai Meenambakkam,2000-03-16 21:00:00,24.4,1008.3,88.0,13.0827,80.2707,16.0
AWS-CHE-01,Chennai Meenambakkam,2000-03-17 00:00:00,24.2,1007.6,96.0,13.0827,80.2707,16.0
AWS-CHE-01,Chennai Meenambakkam,2000-03-17 03:00:00,26.8,1009.9,86.0,13.0827,80.2707,16.0
AWS-CHE-01,Chennai Meenambakkam,2000-03-17 06:00:00,32.0,1009.5,59.0,13.0827,80.2707,16.0
AWS-CHE-01,Chennai Meenambakkam,2000-03-17 09:00:00,32.8,1006.1,58.0,13.0827,80.2707,16.0
AWS-CHE-01,Chennai Meenambakkam,2000-03-17 12:00:00,29.6,1005.8,67.0,13.0827,80.2707,16.0
AWS-CHE-01,Chennai Meenambakkam,2000-03-17 15:00:00,27.0,1008.6,80.0,13.0827,80.2707,16.0
AWS-CHE-01,Chennai Meenambakkam,2000-03-17 18:00:00,26.0,1009.2,86.0,13.0827,80.2707,16.0
AWS-CHE-01,Chennai Meenambakkam,2000-03-17 21:00:00,25.0,1008.0,88.0,13.0827,80.2707,16.0
AWS-CHE-01,Chennai Meenambakkam,2000-03-18 00:00:00,24.0,1008.3,95.0,13.0827,80.2707,16.0
AWS-CHE-01,Chennai Meenambakkam,2000-03-18 03:00:00,27.4,1010.6,81.0,13.0827,80.2707,16.0
AWS-CHE-01,Chennai Meenambakkam,2000-03-18 09:00:00,32.0,1007.0,61.0,13.0827,80.2707,16.0
AWS-CHE-01,Chennai Meenambakkam,2000-03-18 12:00:00,29.8,1006.5,69.0,13.0827,80.2707,16.0
AWS-CHE-01,Chennai Meenambakkam,2000-03-18 15:00:00,27.2,1009.2,78.0,13.0827,80.2707,16.0
AWS-CHE-01,Chennai Meenambakkam,2000-03-18 18:00:00,26.2,1010.0,90.0,13.0827,80.2707,16.0
AWS-CHE-01,Chennai Meenambakkam,2000-03-18 21:00:00,24.6,1008.5,90.0,13.0827,80.2707,16.0
AWS-CHE-01,Chennai Meenambakkam,2000-03-19 00:00:00,24.2,1008.8,93.0,13.0827,80.2707,16.0
AWS-CHE-01,Chennai Meenambakkam,2000-03-19 03:00:00,27.2,1010.9,83.0,13.0827,80.2707,16.0
AWS-CHE-01,Chennai Meenambakkam,2000-03-19 06:00:00,32.0,1010.6,58.0,13.0827,80.2707,16.0
AWS-CHE-01,Chennai Meenambakkam,2000-03-19 09:00:00,34.0,1008.95,63.0,13.0827,80.2707,16.0
AWS-CHE-01,Chennai Meenambakkam,2000-03-19 12:00:00,29.6,1007.3,68.0,13.0827,80.2707,16.0
AWS-CHE-01,Chennai Meenambakkam,2000-03-19 15:00:00,27.0,1009.5,83.0,13.0827,80.2707,16.0
AWS-CHE-01,Chennai Meenambakkam,2000-03-19 18:00:00,25.6,1009.8,89.0,13.0827,80.2707,16.0
AWS-CHE-01,Chennai Meenambakkam,2000-03-20 00:00:00,23.8,1007.2,93.0,13.0827,80.2707,16.0
AWS-CHE-01,Chennai Meenambakkam,2000-03-20 03:00:00,26.8,1009.7,80.0,13.0827,80.2707,16.0
AWS-CHE-01,Chennai Meenambakkam,2000-03-20 06:00:00,32.0,1009.4,59.0,13.0827,80.2707,16.0
AWS-CHE-01,Chennai Meenambakkam,2000-03-20 09:00:00,32.4,1006.7,61.0,13.0827,80.2707,16.0
AWS-CHE-01,Chennai Meenambakkam,2000-03-20 12:00:00,29.2,1006.9,70.0,13.0827,80.2707,16.0
AWS-CHE-01,Chennai Meenambakkam,2000-03-20 15:00:00,27.0,1009.8,78.0,13.0827,80.2707,16.0
AWS-CHE-01,Chennai Meenambakkam,2000-03-20 18:00:00,25.0,1010.6,87.0,13.0827,80.2707,16.0
AWS-CHE-01,Chennai Meenambakkam,2000-03-20 21:00:00,24.2,1008.6,90.0,13.0827,80.2707,16.0
AWS-CHE-01,Chennai Meenambakkam,2000-03-21 00:00:00,23.0,1009.3,95.0,13.0827,80.2707,16.0
AWS-CHE-01,Chennai Meenambakkam,2000-03-21 03:00:00,26.6,1011.4,81.0,13.0827,80.2707,16.0
AWS-CHE-01,Chennai Meenambakkam,2000-03-21 06:00:00,31.4,1011.5,54.0,13.0827,80.2707,16.0
AWS-CHE-01,Chennai Meenambakkam,2000-03-21 09:00:00,31.2,1008.5,60.0,13.0827,80.2707,16.0
AWS-CHE-01,Chennai Meenambakkam,2000-03-21 12:00:00,29.0,1008.2,68.0,13.0827,80.2707,16.0
AWS-CHE-01,Chennai Meenambakkam,2000-03-21 15:00:00,27.2,1010.0,76.0,13.0827,80.2707,16.0
AWS-CHE-01,Chennai Meenambakkam,2000-03-21 18:00:00,25.4,1010.8,85.0,13.0827,80.2707,16.0
AWS-CHE-01,Chennai Meenambakkam,2000-03-21 21:00:00,24.0,1009.7,91.0,13.0827,80.2707,16.0
AWS-CHE-01,Chennai Meenambakkam,2000-03-22 00:00:00,24.4,1010.8,91.0,13.0827,80.2707,16.0
AWS-CHE-01,Chennai Meenambakkam,2000-03-22 03:00:00,27.2,1011.9,77.0,13.0827,80.2707,16.0
AWS-CHE-01,Chennai Meenambakkam,2000-03-22 06:00:00,31.2,1011.6,51.0,13.0827,80.2707,16.0
AWS-CHE-01,Chennai Meenambakkam,2000-03-22 09:00:00,31.4,1009.5,54.0,13.0827,80.2707,16.0
AWS-CHE-01,Chennai Meenambakkam,2000-03-22 12:00:00,29.4,1008.9,63.0,13.0827,80.2707,16.0
AWS-CHE-01,Chennai Meenambakkam,2000-03-22 15:00:00,27.0,1010.7,77.0,13.0827,80.2707,16.0
AWS-CHE-01,Chennai Meenambakkam,2000-03-22 18:00:00,25.6,1011.7,85.0,13.0827,80.2707,16.0
AWS-CHE-01,Chennai Meenambakkam,2000-03-22 21:00:00,24.8,1010.0,90.0,13.0827,80.2707,16.0
AWS-CHE-01,Chennai Meenambakkam,2000-03-23 00:00:00,24.6,1010.2,88.0,13.0827,80.2707,16.0
AWS-CHE-01,Chennai Meenambakkam,2000-03-23 03:00:00,27.0,1012.1,78.0,13.0827,80.2707,16.0
AWS-CHE-01,Chennai Meenambakkam,2000-03-23 06:00:00,32.0,1012.1,57.0,13.0827,80.2707,16.0
AWS-CHE-01,Chennai Meenambakkam,2000-03-23 09:00:00,32.2,1008.6,58.0,13.0827,80.2707,16.0
AWS-CHE-01,Chennai Meenambakkam,2000-03-23 12:00:00,29.8,1008.1,67.0,13.0827,80.2707,16.0
AWS-CHE-01,Chennai Meenambakkam,2000-03-23 15:00:00,27.4,1010.5,80.0,13.0827,80.2707,16.0
AWS-CHE-01,Chennai Meenambakkam,2000-03-23 18:00:00,27.0,1011.7,83.0,13.0827,80.2707,16.0
AWS-CHE-01,Chennai Meenambakkam,2000-03-23 21:00:00,25.8,1010.2,86.0,13.0827,80.2707,16.0
AWS-CHE-01,Chennai Meenambakkam,2000-03-24 00:00:00,24.8,1010.3,91.0,13.0827,80.2707,16.0
AWS-CHE-01,Chennai Meenambakkam,2000-03-24 03:00:00,29.8,1012.3,65.0,13.0827,80.2707,16.0
AWS-CHE-01,Chennai Meenambakkam,2000-03-24 06:00:00,31.8,1012.1,56.0,13.0827,80.2707,16.0
AWS-CHE-01,Chennai Meenambakkam,2000-03-24 09:00:00,31.8,1009.4,56.0,13.0827,80.2707,16.0
AWS-CHE-01,Chennai Meenambakkam,2000-03-24 12:00:00,29.8,1008.8,62.0,13.0827,80.2707,16.0
AWS-CHE-01,Chennai Meenambakkam,2000-03-24 13:00:00,25.8,1008.8,75.0,13.0827,80.2707,16.0
AWS-CHE-01,Chennai Meenambakkam,2000-03-24 15:00:00,28.0,1010.5,73.0,13.0827,80.2707,16.0
AWS-CHE-01,Chennai Meenambakkam,2000-03-24 18:00:00,27.4,1011.4,77.0,13.0827,80.2707,16.0
AWS-CHE-01,Chennai Meenambakkam,2000-03-24 21:00:00,26.8,1009.5,81.0,13.0827,80.2707,16.0
AWS-CHE-01,Chennai Meenambakkam,2000-03-25 00:00:00,26.0,1009.7,87.0,13.0827,80.2707,16.0
AWS-CHE-01,Chennai Meenambakkam,2000-03-25 03:00:00,27.6,1011.9,77.0,13.0827,80.2707,16.0
AWS-CHE-01,Chennai Meenambakkam,2000-03-25 06:00:00,30.4,1011.9,54.0,13.0827,80.2707,16.0
AWS-CHE-01,Chennai Meenambakkam,2000-03-25 09:00:00,31.8,1008.9,37.0,13.0827,80.2707,16.0
AWS-CHE-01,Chennai Meenambakkam,2000-03-25 12:00:00,29.6,1008.7,51.0,13.0827,80.2707,16.0
AWS-CHE-01,Chennai Meenambakkam,2000-03-25 15:00:00,27.6,1010.8,69.0,13.0827,80.2707,16.0
AWS-CHE-01,Chennai Meenambakkam,2000-03-25 18:00:00,26.2,1011.6,79.0,13.0827,80.2707,16.0
AWS-CHE-01,Chennai Meenambakkam,2000-03-25 21:00:00,26.2,1011.6,79.0,13.0827,80.2707,16.0
AWS-CHE-01,Chennai Meenambakkam,2000-03-26 00:00:00,25.0,1010.2,90.0,13.0827,80.2707,16.0
AWS-CHE-01,Chennai Meenambakkam,2000-03-26 03:00:00,25.6,1012.1,84.0,13.0827,80.2707,16.0
AWS-CHE-01,Chennai Meenambakkam,2000-03-26 06:00:00,30.8,1011.7,67.0,13.0827,80.2707,16.0
AWS-CHE-01,Chennai Meenambakkam,2000-03-26 09:00:00,32.2,1008.6,59.0,13.0827,80.2707,16.0
AWS-CHE-01,Chennai Meenambakkam,2000-03-26 12:00:00,30.6,1008.1,62.0,13.0827,80.2707,16.0
AWS-CHE-01,Chennai Meenambakkam,2000-03-26 15:00:00,28.8,1010.3,75.0,13.0827,80.2707,16.0
AWS-CHE-01,Chennai Meenambakkam,2000-03-26 18:00:00,27.4,1011.0,84.0,13.0827,80.2707,16.0
AWS-CHE-01,Chennai Meenambakkam,2000-03-26 21:00:00,26.2,1008.8,89.0,13.0827,80.2707,16.0
AWS-CHE-01,Chennai Meenambakkam,2000-03-27 00:00:00,25.2,1009.5,93.0,13.0827,80.2707,16.0
AWS-CHE-01,Chennai Meenambakkam,2000-03-27 01:00:00,31.4,1010.5,62.0,13.0827,80.2707,16.0
AWS-CHE-01,Chennai Meenambakkam,2000-03-27 03:00:00,28.4,1011.2,80.0,13.0827,80.2707,16.0
AWS-CHE-01,Chennai Meenambakkam,2000-03-27 06:00:00,31.4,1010.5,62.0,13.0827,80.2707,16.0
AWS-CHE-01,Chennai Meenambakkam,2000-03-27 09:00:00,32.0,1007.7,59.0,13.0827,80.2707,16.0
AWS-CHE-01,Chennai Meenambakkam,2000-03-27 12:00:00,30.2,1007.8,68.0,13.0827,80.2707,16.0
AWS-CHE-01,Chennai Meenambakkam,2000-03-27 15:00:00,28.0,1010.2,80.0,13.0827,80.2707,16.0
AWS-CHE-01,Chennai Meenambakkam,2000-03-27 18:00:00,27.8,1010.8,81.0,13.0827,80.2707,16.0
AWS-CHE-01,Chennai Meenambakkam,2000-03-28 00:00:00,25.4,1009.1,91.0,13.0827,80.2707,16.0
AWS-CHE-01,Chennai Meenambakkam,2000-03-28 03:00:00,28.8,1011.0,75.0,13.0827,80.2707,16.0
AWS-CHE-01,Chennai Meenambakkam,2000-03-28 06:00:00,32.0,1010.7,57.0,13.0827,80.2707,16.0
AWS-CHE-01,Chennai Meenambakkam,2000-03-28 09:00:00,32.2,1008.0,57.0,13.0827,80.2707,16.0
AWS-CHE-01,Chennai Meenambakkam,2000-03-28 12:00:00,30.4,1008.2,64.0,13.0827,80.2707,16.0
AWS-CHE-01,Chennai Meenambakkam,2000-03-28 15:00:00,29.0,1010.6,74.0,13.0827,80.2707,16.0
AWS-CHE-01,Chennai Meenambakkam,2000-03-28 18:00:00,27.8,1010.8,80.0,13.0827,80.2707,16.0
AWS-CHE-01,Chennai Meenambakkam,2000-03-29 00:00:00,25.6,1009.1,90.0,13.0827,80.2707,16.0
AWS-CHE-01,Chennai Meenambakkam,2000-03-29 03:00:00,28.4,1011.4,78.0,13.0827,80.2707,16.0
AWS-CHE-01,Chennai Meenambakkam,2000-03-29 06:00:00,32.0,1010.8,52.0,13.0827,80.2707,16.0
AWS-CHE-01,Chennai Meenambakkam,2000-03-29 09:00:00,33.4,1007.5,49.0,13.0827,80.2707,16.0
AWS-CHE-01,Chennai Meenambakkam,2000-03-29 12:00:00,30.6,1007.2,62.0,13.0827,80.2707,16.0
AWS-CHE-01,Chennai Meenambakkam,2000-03-29 15:00:00,28.4,1010.0,76.0,13.0827,80.2707,16.0
AWS-CHE-01,Chennai Meenambakkam,2000-03-29 18:00:00,26.4,1010.9,87.0,13.0827,80.2707,16.0
AWS-CHE-01,Chennai Meenambakkam,2000-03-29 21:00:00,25.4,1008.7,91.0,13.0827,80.2707,16.0
AWS-CHE-01,Chennai Meenambakkam,2000-03-30 00:00:00,24.4,1008.7,95.0,13.0827,80.2707,16.0
AWS-CHE-01,Chennai Meenambakkam,2000-03-30 03:00:00,25.0,1011.0,95.0,13.0827,80.2707,16.0
AWS-CHE-01,Chennai Meenambakkam,2000-03-30 06:00:00,32.4,1009.5,53.0,13.0827,80.2707,16.0
AWS-CHE-01,Chennai Meenambakkam,2000-03-30 09:00:00,34.8,1006.3,38.0,13.0827,80.2707,16.0
AWS-CHE-01,Chennai Meenambakkam,2000-03-30 12:00:00,32.0,1004.3,44.0,13.0827,80.2707,16.0
AWS-CHE-01,Chennai Meenambakkam,2000-03-30 15:00:00,26.2,1008.5,68.0,13.0827,80.2707,16.0
AWS-CHE-01,Chennai Meenambakkam,2000-03-30 18:00:00,24.6,1008.5,82.0,13.0827,80.2707,16.0
AWS-CHE-01,Chennai Meenambakkam,2000-03-30 21:00:00,24.4,1006.6,85.0,13.0827,80.2707,16.0
AWS-CHE-01,Chennai Meenambakkam,2000-03-31 00:00:00,22.0,1006.7,89.0,13.0827,80.2707,16.0
AWS-CHE-01,Chennai Meenambakkam,2000-03-31 03:00:00,27.6,1009.1,72.0,13.0827,80.2707,16.0
AWS-CHE-01,Chennai Meenambakkam,2000-03-31 06:00:00,32.8,1007.6,46.0,13.0827,80.2707,16.0
AWS-CHE-01,Chennai Meenambakkam,2000-03-31 09:00:00,33.8,1004.3,48.0,13.0827,80.2707,16.0
AWS-CHE-01,Chennai Meenambakkam,2000-03-31 12:00:00,30.8,1003.9,67.0,13.0827,80.2707,16.0
AWS-CHE-01,Chennai Meenambakkam,2000-03-31 15:00:00,29.6,1005.7,70.0,13.0827,80.2707,16.0
AWS-CHE-01,Chennai Meenambakkam,2000-03-31 18:00:00,28.8,1006.0,78.0,13.0827,80.2707,16.0
AWS-CHE-01,Chennai Meenambakkam,2000-04-01 00:00:00,26.0,1004.2,92.0,13.0827,80.2707,16.0
AWS-CHE-01,Chennai Meenambakkam,2000-04-01 03:00:00,26.6,1006.9,95.0,13.0827,80.2707,16.0
AWS-CHE-01,Chennai Meenambakkam,2000-04-01 06:00:00,29.8,1006.5,73.0,13.0827,80.2707,16.0
AWS-CHE-01,Chennai Meenambakkam,2000-04-01 09:00:00,30.4,1004.5,72.0,13.0827,80.2707,16.0
AWS-CHE-01,Chennai Meenambakkam,2000-04-01 12:00:00,28.8,1004.9,76.0,13.0827,80.2707,16.0
AWS-CHE-01,Chennai Meenambakkam,2000-04-01 15:00:00,27.8,1007.0,81.0,13.0827,80.2707,16.0
AWS-CHE-01,Chennai Meenambakkam,2000-04-01 18:00:00,27.6,1007.8,83.0,13.0827,80.2707,16.0
AWS-CHE-01,Chennai Meenambakkam,2000-04-01 21:00:00,27.0,1006.0,86.0,13.0827,80.2707,16.0
AWS-CHE-01,Chennai Meenambakkam,2000-04-02 00:00:00,26.8,1006.3,86.0,13.0827,80.2707,16.0
AWS-CHE-01,Chennai Meenambakkam,2000-04-02 03:00:00,30.0,1008.4,69.0,13.0827,80.2707,16.0
AWS-CHE-01,Chennai Meenambakkam,2000-04-02 06:00:00,31.8,1008.2,59.0,13.0827,80.2707,16.0
AWS-CHE-01,Chennai Meenambakkam,2000-04-02 09:00:00,31.2,1005.9,65.0,13.0827,80.2707,16.0
AWS-CHE-01,Chennai Meenambakkam,2000-04-02 12:00:00,30.0,1005.0,70.0,13.0827,80.2707,16.0
AWS-CHE-01,Chennai Meenambakkam,2000-04-02 15:00:00,28.8,1007.6,79.0,13.0827,80.2707,16.0
AWS-CHE-01,Chennai Meenambakkam,2000-04-02 18:00:00,28.2,1008.9,85.0,13.0827,80.2707,16.0
AWS-CHE-01,Chennai Meenambakkam,2000-04-02 21:00:00,26.8,1006.7,90.0,13.0827,80.2707,16.0
AWS-CHE-01,Chennai Meenambakkam,2000-04-03 00:00:00,26.8,1007.1,90.0,13.0827,80.2707,16.0
AWS-CHE-01,Chennai Meenambakkam,2000-04-03 03:00:00,28.8,1008.9,82.0,13.0827,80.2707,16.0
AWS-CHE-01,Chennai Meenambakkam,2000-04-03 06:00:00,32.2,1009.0,69.0,13.0827,80.2707,16.0
AWS-CHE-01,Chennai Meenambakkam,2000-04-03 09:00:00,32.6,1006.0,60.0,13.0827,80.2707,16.0
AWS-CHE-01,Chennai Meenambakkam,2000-04-03 12:00:00,30.6,1005.3,70.0,13.0827,80.2707,16.0
AWS-CHE-01,Chennai Meenambakkam,2000-04-03 15:00:00,28.8,1007.6,80.0,13.0827,80.2707,16.0
AWS-CHE-01,Chennai Meenambakkam,2000-04-03 18:00:00,28.2,1008.8,86.0,13.0827,80.2707,16.0
AWS-CHE-01,Chennai Meenambakkam,2000-04-03 21:00:00,27.4,1006.8,92.0,13.0827,80.2707,16.0
AWS-CHE-01,Chennai Meenambakkam,2000-04-04 00:00:00,26.4,1006.7,94.0,13.0827,80.2707,16.0
AWS-CHE-01,Chennai Meenambakkam,2000-04-04 03:00:00,29.8,1009.2,76.0,13.0827,80.2707,16.0
AWS-CHE-01,Chennai Meenambakkam,2000-04-04 06:00:00,33.6,1008.9,55.0,13.0827,80.2707,16.0
AWS-CHE-01,Chennai Meenambakkam,2000-04-04 09:00:00,34.0,1005.8,56.0,13.0827,80.2707,16.0
AWS-CHE-01,Chennai Meenambakkam,2000-04-04 12:00:00,31.2,1005.1,68.0,13.0827,80.2707,16.0
AWS-CHE-01,Chennai Meenambakkam,2000-04-04 15:00:00,28.2,1007.2,85.0,13.0827,80.2707,16.0
AWS-CHE-01,Chennai Meenambakkam,2000-04-04 21:00:00,27.8,1006.6,87.0,13.0827,80.2707,16.0
AWS-CHE-01,Chennai Meenambakkam,2000-04-05 03:00:00,29.4,1009.2,80.0,13.0827,80.2707,16.0
AWS-CHE-01,Chennai Meenambakkam,2000-04-05 06:00:00,34.0,1008.5,60.0,13.0827,80.2707,16.0
AWS-CHE-01,Chennai Meenambakkam,2000-04-05 09:00:00,33.4,1005.6,62.0,13.0827,80.2707,16.0
AWS-CHE-01,Chennai Meenambakkam,2000-04-05 12:00:00,30.8,1005.0,69.0,13.0827,80.2707,16.0
AWS-CHE-01,Chennai Meenambakkam,2000-04-05 15:00:00,28.8,1007.3,80.0,13.0827,80.2707,16.0
AWS-CHE-01,Chennai Meenambakkam,2000-04-05 18:00:00,27.4,1008.0,89.0,13.0827,80.2707,16.0
AWS-CHE-01,Chennai Meenambakkam,2000-04-06 00:00:00,26.0,1006.7,96.0,13.0827,80.2707,16.0
AWS-CHE-01,Chennai Meenambakkam,2000-04-06 03:00:00,30.0,1008.9,74.0,13.0827,80.2707,16.0
AWS-CHE-01,Chennai Meenambakkam,2000-04-06 06:00:00,33.4,1008.5,56.0,13.0827,80.2707,16.0
AWS-CHE-01,Chennai Meenambakkam,2000-04-06 09:00:00,34.0,1005.8,56.0,13.0827,80.2707,16.0
AWS-CHE-01,Chennai Meenambakkam,2000-04-06 12:00:00,31.2,1005.5,67.0,13.0827,80.2707,16.0
AWS-CHE-01,Chennai Meenambakkam,2000-04-06 15:00:00,28.8,1008.0,82.0,13.0827,80.2707,16.0
AWS-CHE-01,Chennai Meenambakkam,2000-04-06 18:00:00,28.2,1009.1,86.0,13.0827,80.2707,16.0
AWS-CHE-01,Chennai Meenambakkam,2000-04-06 21:00:00,27.4,1008.2,89.0,13.0827,80.2707,16.0
AWS-CHE-01,Chennai Meenambakkam,2000-04-07 00:00:00,26.8,1008.7,92.0,13.0827,80.2707,16.0
AWS-CHE-01,Chennai Meenambakkam,2000-04-07 03:00:00,29.8,1010.8,77.0,13.0827,80.2707,16.0
AWS-CHE-01,Chennai Meenambakkam,2000-04-07 06:00:00,33.8,1011.5,57.0,13.0827,80.2707,16.0
AWS-CHE-01,Chennai Meenambakkam,2000-04-07 09:00:00,33.8,1008.5,56.0,13.0827,80.2707,16.0
AWS-CHE-01,Chennai Meenambakkam,2000-04-07 12:00:00,31.4,1007.5,66.0,13.0827,80.2707,16.0
AWS-CHE-01,Chennai Meenambakkam,2000-04-07 15:00:00,29.0,1009.6,81.0,13.0827,80.2707,16.0
AWS-CHE-01,Chennai Meenambakkam,2000-04-07 21:00:00,27.2,1010.0,87.0,13.0827,80.2707,16.0
AWS-CHE-01,Chennai Meenambakkam,2000-04-08 00:00:00,26.6,1010.5,92.0,13.0827,80.2707,16.0
AWS-CHE-01,Chennai Meenambakkam,2000-04-08 06:00:00,34.6,1011.2,50.0,13.0827,80.2707,16.0
AWS-CHE-01,Chennai Meenambakkam,2000-04-08 09:00:00,34.4,1007.6,54.0,13.0827,80.2707,16.0
AWS-CHE-01,Chennai Meenambakkam,2000-04-08 12:00:00,31.6,1006.3,65.0,13.0827,80.2707,16.0
AWS-CHE-01,Chennai Meenambakkam,2000-04-08 15:00:00,29.0,1007.1,79.0,13.0827,80.2707,16.0
AWS-CHE-01,Chennai Meenambakkam,2000-04-08 18:00:00,28.4,1009.1,83.0,13.0827,80.2707,16.0
AWS-CHE-01,Chennai Meenambakkam,2000-04-09 00:00:00,26.6,1007.7,92.0,13.0827,80.2707,16.0
AWS-CHE-01,Chennai Meenambakkam,2000-04-09 03:00:00,29.8,1009.5,76.0,13.0827,80.2707,16.0
AWS-CHE-01,Chennai Meenambakkam,2000-04-09 06:00:00,34.0,1008.8,53.0,13.0827,80.2707,16.0
AWS-CHE-01,Chennai Meenambakkam,2000-04-09 09:00:00,34.0,1005.3,60.0,13.0827,80.2707,16.0
AWS-CHE-01,Chennai Meenambakkam,2000-04-09 12:00:00,30.8,1005.1,70.0,13.0827,80.2707,16.0
AWS-CHE-01,Chennai Meenambakkam,2000-04-09 15:00:00,28.6,1008.0,83.0,13.0827,80.2707,16.0
AWS-CHE-01,Chennai Meenambakkam,2000-04-09 18:00:00,28.2,1008.4,86.0,13.0827,80.2707,16.0
AWS-CHE-01,Chennai Meenambakkam,2000-04-09 21:00:00,27.2,1005.9,87.0,13.0827,80.2707,16.0
AWS-CHE-01,Chennai Meenambakkam,2000-04-10 00:00:00,26.2,1006.2,94.0,13.0827,80.2707,16.0
AWS-CHE-01,Chennai Meenambakkam,2000-04-10 03:00:00,29.8,1008.9,78.0,13.0827,80.2707,16.0
AWS-CHE-01,Chennai Meenambakkam,2000-04-10 06:00:00,34.0,1007.1,60.0,13.0827,80.2707,16.0
AWS-CHE-01,Chennai Meenambakkam,2000-04-10 09:00:00,34.4,1004.5,58.0,13.0827,80.2707,16.0
AWS-CHE-01,Chennai Meenambakkam,2000-04-10 12:00:00,31.2,1003.8,75.0,13.0827,80.2707,16.0
AWS-CHE-01,Chennai Meenambakkam,2000-04-10 15:00:00,29.0,1006.2,82.0,13.0827,80.2707,16.0
AWS-CHE-01,Chennai Meenambakkam,2000-04-10 18:00:00,28.4,1006.6,85.0,13.0827,80.2707,16.0
AWS-CHE-01,Chennai Meenambakkam,2000-04-10 21:00:00,27.0,1005.0,87.0,13.0827,80.2707,16.0
AWS-CHE-01,Chennai Meenambakkam,2000-04-11 00:00:00,26.0,1005.9,87.0,13.0827,80.2707,16.0
AWS-CHE-01,Chennai Meenambakkam,2000-04-11 03:00:00,30.2,1008.0,73.0,13.0827,80.2707,16.0
AWS-CHE-01,Chennai Meenambakkam,2000-04-11 09:00:00,34.0,1004.4,60.0,13.0827,80.2707,16.0
AWS-CHE-01,Chennai Meenambakkam,2000-04-11 12:00:00,31.2,1004.1,68.0,13.0827,80.2707,16.0
AWS-CHE-01,Chennai Meenambakkam,2000-04-11 15:00:00,28.8,1006.2,82.0,13.0827,80.2707,16.0
AWS-CHE-01,Chennai Meenambakkam,2000-04-11 18:00:00,28.2,1007.1,86.0,13.0827,80.2707,16.0
AWS-CHE-01,Chennai Meenambakkam,2000-04-12 00:00:00,27.2,1006.2,90.0,13.0827,80.2707,16.0
AWS-CHE-01,Chennai Meenambakkam,2000-04-12 03:00:00,30.2,1008.6,78.0,13.0827,80.2707,16.0
AWS-CHE-01,Chennai Meenambakkam,2000-04-12 09:00:00,36.2,1003.9,44.0,13.0827,80.2707,16.0
AWS-CHE-01,Chennai Meenambakkam,2000-04-12 12:00:00,33.0,1003.2,64.0,13.0827,80.2707,16.0
AWS-CHE-01,Chennai Meenambakkam,2000-04-12 15:00:00,29.4,1006.1,86.0,13.0827,80.2707,16.0
AWS-CHE-01,Chennai Meenambakkam,2000-04-12 18:00:00,29.0,1006.6,85.0,13.0827,80.2707,16.0
AWS-CHE-01,Chennai Meenambakkam,2000-04-13 00:00:00,27.6,1005.3,92.0,13.0827,80.2707,16.0
AWS-CHE-01,Chennai Meenambakkam,2000-04-13 03:00:00,30.8,1007.1,76.0,13.0827,80.2707,16.0
AWS-CHE-01,Chennai Meenambakkam,2000-04-13 06:00:00,35.4,1006.2,58.0,13.0827,80.2707,16.0
AWS-CHE-01,Chennai Meenambakkam,2000-04-13 09:00:00,34.4,1002.8,62.0,13.0827,80.2707,16.0
AWS-CHE-01,Chennai Meenambakkam,2000-04-13 12:00:00,31.8,1001.9,71.0,13.0827,80.2707,16.0
AWS-CHE-01,Chennai Meenambakkam,2000-04-13 15:00:00,29.2,1004.0,85.0,13.0827,80.2707,16.0
AWS-CHE-01,Chennai Meenambakkam,2000-04-13 18:00:00,29.0,1005.0,85.0,13.0827,80.2707,16.0
AWS-CHE-01,Chennai Meenambakkam,2000-04-13 21:00:00,27.8,1003.1,86.0,13.0827,80.2707,16.0
AWS-CHE-01,Chennai Meenambakkam,2000-04-14 00:00:00,27.8,1003.7,86.0,13.0827,80.2707,16.0
AWS-CHE-01,Chennai Meenambakkam,2000-04-14 03:00:00,30.8,1005.5,72.0,13.0827,80.2707,16.0
AWS-CHE-01,Chennai Meenambakkam,2000-04-14 06:00:00,35.8,1004.5,53.0,13.0827,80.2707,16.0
AWS-CHE-01,Chennai Meenambakkam,2000-04-14 09:00:00,36.2,1003.1,53.0,13.0827,80.2707,16.0
AWS-CHE-01,Chennai Meenambakkam,2000-04-14 15:00:00,30.0,1003.9,82.0,13.0827,80.2707,16.0
AWS-CHE-01,Chennai Meenambakkam,2000-04-14 18:00:00,29.4,1005.1,83.0,13.0827,80.2707,16.0
AWS-CHE-01,Chennai Meenambakkam,2000-04-14 21:00:00,29.0,1003.5,85.0,13.0827,80.2707,16.0
AWS-CHE-01,Chennai Meenambakkam,2000-04-15 00:00:00,28.2,1004.8,82.0,13.0827,80.2707,16.0
AWS-CHE-01,Chennai Meenambakkam,2000-04-15 03:00:00,31.0,1006.5,72.0,13.0827,80.2707,16.0
AWS-CHE-01,Chennai Meenambakkam,2000-04-15 06:00:00,35.0,1006.0,56.0,13.0827,80.2707,16.0
AWS-CHE-01,Chennai Meenambakkam,2000-04-15 09:00:00,35.2,1002.7,49.0,13.0827,80.2707,16.0
AWS-CHE-01,Chennai Meenambakkam,2000-04-15 12:00:00,31.2,1002.1,65.0,13.0827,80.2707,16.0
AWS-CHE-01,Chennai Meenambakkam,2000-04-15 15:00:00,30.0,1005.3,74.0,13.0827,80.2707,16.0
AWS-CHE-01,Chennai Meenambakkam,2000-04-15 18:00:00,29.0,1006.0,85.0,13.0827,80.2707,16.0
AWS-CHE-01,Chennai Meenambakkam,2000-04-15 21:00:00,27.8,1005.4,87.0,13.0827,80.2707,16.0
AWS-CHE-01,Chennai Meenambakkam,2000-04-16 00:00:00,27.8,1005.6,94.0,13.0827,80.2707,16.0
AWS-CHE-01,Chennai Meenambakkam,2000-04-16 03:00:00,30.4,1008.1,78.0,13.0827,80.2707,16.0
AWS-CHE-01,Chennai Meenambakkam,2000-04-16 06:00:00,35.0,1007.4,59.0,13.0827,80.2707,16.0
AWS-CHE-01,Chennai Meenambakkam,2000-04-16 09:00:00,34.2,1004.7,58.0,13.0827,80.2707,16.0
AWS-CHE-01,Chennai Meenambakkam,2000-04-16 12:00:00,31.4,1003.8,67.0,13.0827,80.2707,16.0
AWS-CHE-01,Chennai Meenambakkam,2000-04-16 15:00:00,29.4,1006.2,82.0,13.0827,80.2707,16.0
AWS-CHE-01,Chennai Meenambakkam,2000-04-16 18:00:00,29.2,1007.5,82.0,13.0827,80.2707,16.0
AWS-CHE-01,Chennai Meenambakkam,2000-04-16 21:00:00,28.4,1005.7,88.0,13.0827,80.2707,16.0
AWS-CHE-01,Chennai Meenambakkam,2000-04-17 00:00:00,28.0,1007.3,89.0,13.0827,80.2707,16.0
AWS-CHE-01,Chennai Meenambakkam,2000-04-17 03:00:00,30.6,1008.6,77.0,13.0827,80.2707,16.0
AWS-CHE-01,Chennai Meenambakkam,2000-04-17 06:00:00,34.0,1007.6,58.0,13.0827,80.2707,16.0
AWS-CHE-01,Chennai Meenambakkam,2000-04-17 09:00:00,33.8,1004.6,63.0,13.0827,80.2707,16.0
AWS-CHE-01,Chennai Meenambakkam,2000-04-17 12:00:00,30.4,1004.0,72.0,13.0827,80.2707,16.0
AWS-CHE-01,Chennai Meenambakkam,2000-04-17 15:00:00,29.2,1007.1,80.0,13.0827,80.2707,16.0
AWS-CHE-01,Chennai Meenambakkam,2000-04-17 18:00:00,28.8,1008.0,83.0,13.0827,80.2707,16.0
AWS-CHE-01,Chennai Meenambakkam,2000-04-17 21:00:00,27.8,1006.9,89.0,13.0827,80.2707,16.0
AWS-CHE-01,Chennai Meenambakkam,2000-04-18 00:00:00,27.6,1008.5,90.0,13.0827,80.2707,16.0
AWS-CHE-01,Chennai Meenambakkam,2000-04-18 03:00:00,31.0,1009.9,71.0,13.0827,80.2707,16.0
AWS-CHE-01,Chennai Meenambakkam,2000-04-18 06:00:00,33.4,1009.3,58.0,13.0827,80.2707,16.0
AWS-CHE-01,Chennai Meenambakkam,2000-04-18 09:00:00,33.2,1006.8,61.0,13.0827,80.2707,16.0
AWS-CHE-01,Chennai Meenambakkam,2000-04-18 12:00:00,30.6,1005.8,69.0,13.0827,80.2707,16.0
AWS-CHE-01,Chennai Meenambakkam,2000-04-18 15:00:00,28.4,1008.1,82.0,13.0827,80.2707,16.0
AWS-CHE-01,Chennai Meenambakkam,2000-04-18 18:00:00,27.6,1009.3,84.0,13.0827,80.2707,16.0
AWS-CHE-01,Chennai Meenambakkam,2000-04-18 21:00:00,26.4,1008.3,90.0,13.0827,80.2707,16.0
AWS-CHE-01,Chennai Meenambakkam,2000-04-19 00:00:00,25.8,1009.0,93.0,13.0827,80.2707,16.0
AWS-CHE-01,Chennai Meenambakkam,2000-04-19 03:00:00,29.0,1011.3,79.0,13.0827,80.2707,16.0
AWS-CHE-01,Chennai Meenambakkam,2000-04-19 06:00:00,33.8,1010.2,50.0,13.0827,80.2707,16.0
AWS-CHE-01,Chennai Meenambakkam,2000-04-19 09:00:00,33.6,1007.0,51.0,13.0827,80.2707,16.0
AWS-CHE-01,Chennai Meenambakkam,2000-04-19 12:00:00,31.0,1006.3,61.0,13.0827,80.2707,16.0
AWS-CHE-01,Chennai Meenambakkam,2000-04-19 15:00:00,28.4,1008.2,80.0,13.0827,80.2707,16.0
AWS-CHE-01,Chennai Meenambakkam,2000-04-19 18:00:00,27.4,1009.0,87.0,13.0827,80.2707,16.0
AWS-CHE-01,Chennai Meenambakkam,2000-04-19 21:00:00,27.0,1008.0,90.0,13.0827,80.2707,16.0
AWS-CHE-01,Chennai Meenambakkam,2000-04-20 00:00:00,26.4,1008.2,90.0,13.0827,80.2707,16.0
AWS-CHE-01,Chennai Meenambakkam,2000-04-20 03:00:00,30.0,1010.0,76.0,13.0827,80.2707,16.0
AWS-CHE-01,Chennai Meenambakkam,2000-04-20 06:00:00,34.4,1009.0,51.0,13.0827,80.2707,16.0
AWS-CHE-01,Chennai Meenambakkam,2000-04-20 09:00:00,33.8,1006.0,54.0,13.0827,80.2707,16.0
AWS-CHE-01,Chennai Meenambakkam,2000-04-20 12:00:00,30.8,1005.2,70.0,13.0827,80.2707,16.0
AWS-CHE-01,Chennai Meenambakkam,2000-04-20 15:00:00,28.8,1007.2,79.0,13.0827,80.2707,16.0
AWS-CHE-01,Chennai Meenambakkam,2000-04-20 18:00:00,27.6,1008.0,87.0,13.0827,80.2707,16.0
AWS-CHE-01,Chennai Meenambakkam,2000-04-20 21:00:00,27.0,1006.7,90.0,13.0827,80.2707,16.0
AWS-CHE-01,Chennai Meenambakkam,2000-04-21 03:00:00,30.6,1008.6,70.0,13.0827,80.2707,16.0
AWS-CHE-01,Chennai Meenambakkam,2000-04-21 06:00:00,34.8,1007.1,50.0,13.0827,80.2707,16.0
AWS-CHE-01,Chennai Meenambakkam,2000-04-21 09:00:00,34.8,1005.0,50.0,13.0827,80.2707,16.0
AWS-CHE-01,Chennai Meenambakkam,2000-04-21 12:00:00,31.6,1004.1,62.0,13.0827,80.2707,16.0
AWS-CHE-01,Chennai Meenambakkam,2000-04-21 15:00:00,29.0,1006.3,79.0,13.0827,80.2707,16.0
AWS-CHE-01,Chennai Meenambakkam,2000-04-21 18:00:00,28.4,1007.7,89.0,13.0827,80.2707,16.0
AWS-CHE-01,Chennai Meenambakkam,2000-04-21 21:00:00,27.2,1006.4,94.0,13.0827,80.2707,16.0
AWS-CHE-01,Chennai Meenambakkam,2000-04-22 00:00:00,27.0,1006.6,94.0,13.0827,80.2707,16.0
AWS-CHE-01,Chennai Meenambakkam,2000-04-22 03:00:00,31.4,1008.5,72.0,13.0827,80.2707,16.0
AWS-CHE-01,Chennai Meenambakkam,2000-04-22 06:00:00,35.2,1007.8,52.0,13.0827,80.2707,16.0
AWS-CHE-01,Chennai Meenambakkam,2000-04-22 09:00:00,35.4,1004.3,58.0,13.0827,80.2707,16.0
AWS-CHE-01,Chennai Meenambakkam,2000-04-22 15:00:00,29.2,1006.7,88.0,13.0827,80.2707,16.0
AWS-CHE-01,Chennai Meenambakkam,2000-04-22 18:00:00,28.8,1007.3,91.0,13.0827,80.2707,16.0
AWS-CHE-01,Chennai Meenambakkam,2000-04-23 00:00:00,27.8,1006.3,94.0,13.0827,80.2707,16.0
AWS-CHE-01,Chennai Meenambakkam,2000-04-23 03:00:00,30.8,1007.5,77.0,13.0827,80.2707,16.0
AWS-CHE-01,Chennai Meenambakkam,2000-04-23 06:00:00,35.2,1006.4,56.0,13.0827,80.2707,16.0
AWS-CHE-01,Chennai Meenambakkam,2000-04-23 09:00:00,34.6,1004.1,56.0,13.0827,80.2707,16.0
AWS-CHE-01,Chennai Meenambakkam,2000-04-23 12:00:00,32.4,1003.8,68.0,13.0827,80.2707,16.0
AWS-CHE-01,Chennai Meenambakkam,2000-04-23 15:00:00,29.4,1005.9,86.0,13.0827,80.2707,16.0
AWS-CHE-01,Chennai Meenambakkam,2000-04-23 18:00:00,29.0,1006.5,91.0,13.0827,80.2707,16.0
AWS-CHE-01,Chennai Meenambakkam,2000-04-23 21:00:00,28.0,1005.6,90.0,13.0827,80.2707,16.0
AWS-CHE-01,Chennai Meenambakkam,2000-04-24 00:00:00,28.0,1006.0,92.0,13.0827,80.2707,16.0
AWS-CHE-01,Chennai Meenambakkam,2000-04-24 03:00:00,31.6,1007.5,75.0,13.0827,80.2707,16.0
AWS-CHE-01,Chennai Meenambakkam,2000-04-24 06:00:00,36.2,1006.6,55.0,13.0827,80.2707,16.0
AWS-CHE-01,Chennai Meenambakkam,2000-04-24 09:00:00,34.4,1003.3,56.0,13.0827,80.2707,16.0
AWS-CHE-01,Chennai Meenambakkam,2000-04-24 15:00:00,30.0,1004.7,82.0,13.0827,80.2707,16.0
AWS-CHE-01,Chennai Meenambakkam,2000-04-24 18:00:00,28.2,1006.0,64.0,13.0827,80.2707,16.0
AWS-CHE-01,Chennai Meenambakkam,2000-04-24 21:00:00,27.8,1003.9,69.0,13.0827,80.2707,16.0
AWS-CHE-01,Chennai Meenambakkam,2000-04-25 00:00:00,26.6,1004.5,72.0,13.0827,80.2707,16.0
AWS-CHE-01,Chennai Meenambakkam,2000-04-25 03:00:00,31.2,1005.5,55.0,13.0827,80.2707,16.0
AWS-CHE-01,Chennai Meenambakkam,2000-04-25 06:00:00,37.6,1003.8,37.0,13.0827,80.2707,16.0
AWS-CHE-01,Chennai Meenambakkam,2000-04-25 09:00:00,37.8,1001.2,39.0,13.0827,80.2707,16.0
AWS-CHE-01,Chennai Meenambakkam,2000-04-25 12:00:00,34.4,1000.7,53.0,13.0827,80.2707,16.0
AWS-CHE-01,Chennai Meenambakkam,2000-04-25 15:00:00,31.2,1003.5,72.0,13.0827,80.2707,16.0
AWS-CHE-01,Chennai Meenambakkam,2000-04-25 18:00:00,29.8,1004.3,82.0,13.0827,80.2707,16.0
AWS-CHE-01,Chennai Meenambakkam,2000-04-25 21:00:00,28.2,1002.3,64.0,13.0827,80.2707,16.0
AWS-CHE-01,Chennai Meenambakkam,2000-04-26 00:00:00,26.8,1003.2,69.0,13.0827,80.2707,16.0
AWS-CHE-01,Chennai Meenambakkam,2000-04-26 03:00:00,30.8,1004.8,57.0,13.0827,80.2707,16.0
AWS-CHE-01,Chennai Meenambakkam,2000-04-26 06:00:00,39.0,1003.9,31.0,13.0827,80.2707,16.0
AWS-CHE-01,Chennai Meenambakkam,2000-04-26 09:00:00,36.0,1001.6,51.0,13.0827,80.2707,16.0
AWS-CHE-01,Chennai Meenambakkam,2000-04-26 12:00:00,32.6,1001.5,68.0,13.0827,80.2707,16.0
AWS-CHE-01,Chennai Meenambakkam,2000-04-26 15:00:00,30.2,1004.0,83.0,13.0827,80.2707,16.0
AWS-CHE-01,Chennai Meenambakkam,2000-04-26 18:00:00,29.8,1004.8,84.0,13.0827,80.2707,16.0
AWS-CHE-01,Chennai Meenambakkam,2000-04-27 00:00:00,28.0,1003.6,87.0,13.0827,80.2707,16.0
AWS-CHE-01,Chennai Meenambakkam,2000-04-27 03:00:00,31.2,1005.0,71.0,13.0827,80.2707,16.0
AWS-CHE-01,Chennai Meenambakkam,2000-04-27 09:00:00,40.4,1001.0,40.0,13.0827,80.2707,16.0
AWS-CHE-01,Chennai Meenambakkam,2000-04-27 15:00:00,30.4,1003.9,84.0,13.0827,80.2707,16.0
AWS-CHE-01,Chennai Meenambakkam,2000-04-27 18:00:00,30.0,1004.3,85.0,13.0827,80.2707,16.0
AWS-CHE-01,Chennai Meenambakkam,2000-04-27 21:00:00,29.0,1002.9,85.0,13.0827,80.2707,16.0
AWS-CHE-01,Chennai Meenambakkam,2000-04-28 00:00:00,28.4,1003.3,86.0,13.0827,80.2707,16.0
AWS-CHE-01,Chennai Meenambakkam,2000-04-28 03:00:00,31.4,1005.4,71.0,13.0827,80.2707,16.0
AWS-CHE-01,Chennai Meenambakkam,2000-04-28 06:00:00,37.8,1004.3,40.0,13.0827,80.2707,16.0
AWS-CHE-01,Chennai Meenambakkam,2000-04-28 09:00:00,37.0,1001.1,51.0,13.0827,80.2707,16.0
AWS-CHE-01,Chennai Meenambakkam,2000-04-28 12:00:00,33.4,1001.0,61.0,13.0827,80.2707,16.0
AWS-CHE-01,Chennai Meenambakkam,2000-04-28 15:00:00,30.2,1004.2,83.0,13.0827,80.2707,16.0
AWS-CHE-01,Chennai Meenambakkam,2000-04-28 18:00:00,30.0,1005.8,84.0,13.0827,80.2707,16.0
AWS-CHE-01,Chennai Meenambakkam,2000-04-28 21:00:00,29.4,1003.2,92.0,13.0827,80.2707,16.0
AWS-CHE-01,Chennai Meenambakkam,2000-04-29 00:00:00,28.8,1004.7,80.0,13.0827,80.2707,16.0
AWS-CHE-01,Chennai Meenambakkam,2000-04-29 03:00:00,32.0,1006.0,66.0,13.0827,80.2707,16.0
AWS-CHE-01,Chennai Meenambakkam,2000-04-29 06:00:00,39.0,1005.3,30.0,13.0827,80.2707,16.0
AWS-CHE-01,Chennai Meenambakkam,2000-04-29 09:00:00,36.4,1002.7,54.0,13.0827,80.2707,16.0
AWS-CHE-01,Chennai Meenambakkam,2000-04-29 12:00:00,32.6,1003.1,66.0,13.0827,80.2707,16.0
AWS-CHE-01,Chennai Meenambakkam,2000-04-29 15:00:00,30.4,1006.1,86.0,13.0827,80.2707,16.0
AWS-CHE-01,Chennai Meenambakkam,2000-04-29 18:00:00,30.0,1006.2,85.0,13.0827,80.2707,16.0
AWS-CHE-01,Chennai Meenambakkam,2000-04-30 00:00:00,29.0,1005.6,80.0,13.0827,80.2707,16.0
AWS-CHE-01,Chennai Meenambakkam,2000-04-30 03:00:00,30.8,1007.3,77.0,13.0827,80.2707,16.0
AWS-CHE-01,Chennai Meenambakkam,2000-04-30 06:00:00,36.4,1006.8,52.0,13.0827,80.2707,16.0
AWS-CHE-01,Chennai Meenambakkam,2000-04-30 09:00:00,35.4,1003.6,58.0,13.0827,80.2707,16.0
AWS-CHE-01,Chennai Meenambakkam,2000-04-30 12:00:00,32.6,1003.4,72.0,13.0827,80.2707,16.0
AWS-CHE-01,Chennai Meenambakkam,2000-04-30 15:00:00,29.8,1006.2,86.0,13.0827,80.2707,16.0
AWS-CHE-01,Chennai Meenambakkam,2000-04-30 18:00:00,29.4,1007.1,86.0,13.0827,80.2707,16.0
AWS-CHE-01,Chennai Meenambakkam,2000-05-01 00:00:00,28.8,1006.0,88.0,13.0827,80.2707,16.0
AWS-CHE-01,Chennai Meenambakkam,2000-05-01 03:00:00,31.6,1007.5,75.0,13.0827,80.2707,16.0
AWS-CHE-01,Chennai Meenambakkam,2000-05-01 06:00:00,36.2,1006.1,56.0,13.0827,80.2707,16.0
AWS-CHE-01,Chennai Meenambakkam,2000-05-01 09:00:00,35.0,1003.5,61.0,13.0827,80.2707,16.0
AWS-CHE-01,Chennai Meenambakkam,2000-05-01 12:00:00,31.6,1003.0,74.0,13.0827,80.2707,16.0
AWS-CHE-01,Chennai Meenambakkam,2000-05-01 15:00:00,29.8,1006.6,86.0,13.0827,80.2707,16.0
AWS-CHE-01,Chennai Meenambakkam,2000-05-01 18:00:00,29.4,1007.1,90.0,13.0827,80.2707,16.0
AWS-CHE-01,Chennai Meenambakkam,2000-05-01 21:00:00,29.0,1005.3,85.0,13.0827,80.2707,16.0
AWS-CHE-01,Chennai Meenambakkam,2000-05-02 00:00:00,28.4,1004.8,92.0,13.0827,80.2707,16.0
AWS-CHE-01,Chennai Meenambakkam,2000-05-02 03:00:00,31.4,1007.2,74.0,13.0827,80.2707,16.0
AWS-CHE-01,Chennai Meenambakkam,2000-05-02 06:00:00,36.0,1007.0,56.0,13.0827,80.2707,16.0
AWS-CHE-01,Chennai Meenambakkam,2000-05-02 09:00:00,36.0,1004.2,60.0,13.0827,80.2707,16.0
AWS-CHE-01,Chennai Meenambakkam,2000-05-02 12:00:00,31.8,1003.9,78.0,13.0827,80.2707,16.0
AWS-CHE-01,Chennai Meenambakkam,2000-05-02 15:00:00,30.0,1006.9,88.0,13.0827,80.2707,16.0
AWS-CHE-01,Chennai Meenambakkam,2000-05-02 18:00:00,29.6,1008.0,88.0,13.0827,80.2707,16.0
AWS-CHE-01,Chennai Meenambakkam,2000-05-02 21:00:00,29.0,1006.7,85.0,13.0827,80.2707,16.0
AWS-CHE-01,Chennai Meenambakkam,2000-05-03 00:00:00,28.8,1006.5,88.0,13.0827,80.2707,16.0
AWS-CHE-01,Chennai Meenambakkam,2000-05-03 03:00:00,31.8,1008.9,72.0,13.0827,80.2707,16.0
AWS-CHE-01,Chennai Meenambakkam,2000-05-03 06:00:00,35.0,1007.6,64.0,13.0827,80.2707,16.0
AWS-CHE-01,Chennai Meenambakkam,2000-05-03 09:00:00,34.2,1005.0,64.0,13.0827,80.2707,16.0
AWS-CHE-01,Chennai Meenambakkam,2000-05-03 12:00:00,30.8,1004.4,76.0,13.0827,80.2707,16.0
AWS-CHE-01,Chennai Meenambakkam,2000-05-03 15:00:00,30.2,1006.4,80.0,13.0827,80.2707,16.0
AWS-CHE-01,Chennai Meenambakkam,2000-05-03 18:00:00,29.6,1007.6,84.0,13.0827,80.2707,16.0
AWS-CHE-01,Chennai Meenambakkam,2000-05-03 21:00:00,24.8,1008.4,86.0,13.0827,80.2707,16.0
AWS-CHE-01,Chennai Meenambakkam,2000-05-04 00:00:00,25.2,1009.0,68.0,13.0827,80.2707,16.0
AWS-CHE-01,Chennai Meenambakkam,2000-05-04 03:00:00,27.6,1007.6,63.0,13.0827,80.2707,16.0
AWS-CHE-01,Chennai Meenambakkam,2000-05-04 06:00:00,33.8,1006.9,40.0,13.0827,80.2707,16.0
AWS-CHE-01,Chennai Meenambakkam,2000-05-04 09:00:00,34.2,1005.7,47.0,13.0827,80.2707,16.0
AWS-CHE-01,Chennai Meenambakkam,2000-05-04 12:00:00,30.8,1005.8,62.0,13.0827,80.2707,16.0
AWS-CHE-01,Chennai Meenambakkam,2000-05-04 15:00:00,28.6,1007.5,75.0,13.0827,80.2707,16.0
AWS-CHE-01,Chennai Meenambakkam,2000-05-04 18:00:00,27.8,1007.9,81.0,13.0827,80.2707,16.0
AWS-CHE-01,Chennai Meenambakkam,2000-05-04 21:00:00,27.2,1006.7,86.0,13.0827,80.2707,16.0
AWS-CHE-01,Chennai Meenambakkam,2000-05-05 00:00:00,26.4,1007.1,89.0,13.0827,80.2707,16.0
AWS-CHE-01,Chennai Meenambakkam,2000-05-05 03:00:00,30.2,1008.4,78.0,13.0827,80.2707,16.0
AWS-CHE-01,Chennai Meenambakkam,2000-05-05 06:00:00,35.8,1007.5,50.0,13.0827,80.2707,16.0
AWS-CHE-01,Chennai Meenambakkam,2000-05-05 09:00:00,34.6,1005.0,52.0,13.0827,80.2707,16.0
AWS-CHE-01,Chennai Meenambakkam,2000-05-05 12:00:00,31.4,1004.8,67.0,13.0827,80.2707,16.0
AWS-CHE-01,Chennai Meenambakkam,2000-05-05 15:00:00,29.4,1006.8,83.0,13.0827,80.2707,16.0
AWS-CHE-01,Chennai Meenambakkam,2000-05-05 18:00:00,29.0,1008.5,88.0,13.0827,80.2707,16.0
AWS-CHE-01,Chennai Meenambakkam,2000-05-05 21:00:00,28.4,1007.4,90.0,13.0827,80.2707,16.0
AWS-CHE-01,Chennai Meenambakkam,2000-05-06 00:00:00,28.0,1008.2,92.0,13.0827,80.2707,16.0
AWS-CHE-01,Chennai Meenambakkam,2000-05-06 03:00:00,31.0,1008.6,75.0,13.0827,80.2707,16.0
AWS-CHE-01,Chennai Meenambakkam,2000-05-06 06:00:00,36.0,1008.7,48.0,13.0827,80.2707,16.0
AWS-CHE-01,Chennai Meenambakkam,2000-05-06 09:00:00,34.6,1006.0,61.0,13.0827,80.2707,16.0
AWS-CHE-01,Chennai Meenambakkam,2000-05-06 12:00:00,28.4,1006.0,60.0,13.0827,80.2707,16.0
AWS-CHE-01,Chennai Meenambakkam,2000-05-06 15:00:00,29.6,1007.3,68.0,13.0827,80.2707,16.0
AWS-CHE-01,Chennai Meenambakkam,2000-05-06 18:00:00,28.6,1008.4,83.0,13.0827,80.2707,16.0
AWS-CHE-01,Chennai Meenambakkam,2000-05-06 21:00:00,28.4,1007.4,82.0,13.0827,80.2707,16.0
AWS-CHE-01,Chennai Meenambakkam,2000-05-07 00:00:00,27.0,1007.9,83.0,13.0827,80.2707,16.0
AWS-CHE-01,Chennai Meenambakkam,2000-05-07 03:00:00,31.0,1009.9,66.0,13.0827,80.2707,16.0
AWS-CHE-01,Chennai Meenambakkam,2000-05-07 06:00:00,36.2,1009.2,42.0,13.0827,80.2707,16.0
AWS-CHE-01,Chennai Meenambakkam,2000-05-07 09:00:00,34.8,1006.8,51.0,13.0827,80.2707,16.0
AWS-CHE-01,Chennai Meenambakkam,2000-05-07 12:00:00,31.8,1005.7,67.0,13.0827,80.2707,16.0
AWS-CHE-01,Chennai Meenambakkam,2000-05-07 18:00:00,29.4,1009.0,85.0,13.0827,80.2707,16.0
AWS-CHE-01,Chennai Meenambakkam,2000-05-08 00:00:00,27.4,1007.5,92.0,13.0827,80.2707,16.0
AWS-CHE-01,Chennai Meenambakkam,2000-05-08 03:00:00,32.0,1009.4,65.0,13.0827,80.2707,16.0
AWS-CHE-01,Chennai Meenambakkam,2000-05-08 06:00:00,35.0,1008.6,50.0,13.0827,80.2707,16.0
AWS-CHE-01,Chennai Meenambakkam,2000-05-08 09:00:00,26.0,1006.7,94.0,13.0827,80.2707,16.0
AWS-CHE-01,Chennai Meenambakkam,2000-05-08 12:00:00,29.6,1004.9,82.0,13.0827,80.2707,16.0
AWS-CHE-01,Chennai Meenambakkam,2000-05-08 15:00:00,28.4,1007.6,90.0,13.0827,80.2707,16.0
AWS-CHE-01,Chennai Meenambakkam,2000-05-08 18:00:00,27.8,1008.1,94.0,13.0827,80.2707,16.0
AWS-CHE-01,Chennai Meenambakkam,2000-05-08 21:00:00,27.8,1006.9,92.0,13.0827,80.2707,16.0
AWS-CHE-01,Chennai Meenambakkam,2000-05-09 00:00:00,27.6,1007.3,94.0,13.0827,80.2707,16.0
AWS-CHE-01,Chennai Meenambakkam,2000-05-09 03:00:00,31.2,1009.8,74.0,13.0827,80.2707,16.0
AWS-CHE-01,Chennai Meenambakkam,2000-05-09 06:00:00,34.8,1008.6,62.0,13.0827,80.2707,16.0
AWS-CHE-01,Chennai Meenambakkam,2000-05-09 09:00:00,33.8,1006.0,60.0,13.0827,80.2707,16.0
AWS-CHE-01,Chennai Meenambakkam,2000-05-09 12:00:00,31.2,1005.1,70.0,13.0827,80.2707,16.0
AWS-CHE-01,Chennai Meenambakkam,2000-05-09 15:00:00,29.6,1007.3,82.0,13.0827,80.2707,16.0
AWS-CHE-01,Chennai Meenambakkam,2000-05-09 18:00:00,28.8,1007.4,86.0,13.0827,80.2707,16.0
AWS-CHE-01,Chennai Meenambakkam,2000-05-09 21:00:00,28.2,1006.5,90.0,13.0827,80.2707,16.0
AWS-CHE-01,Chennai Meenambakkam,2000-05-10 00:00:00,27.6,1007.4,92.0,13.0827,80.2707,16.0
AWS-CHE-01,Chennai Meenambakkam,2000-05-10 03:00:00,31.2,1008.4,75.0,13.0827,80.2707,16.0
AWS-CHE-01,Chennai Meenambakkam,2000-05-10 06:00:00,35.4,1007.3,52.0,13.0827,80.2707,16.0
AWS-CHE-01,Chennai Meenambakkam,2000-05-10 09:00:00,34.8,1004.3,60.0,13.0827,80.2707,16.0
AWS-CHE-01,Chennai Meenambakkam,2000-05-10 12:00:00,31.4,1005.1,63.0,13.0827,80.2707,16.0
AWS-CHE-01,Chennai Meenambakkam,2000-05-10 15:00:00,30.0,1006.9,82.0,13.0827,80.2707,16.0
AWS-CHE-01,Chennai Meenambakkam,2000-05-10 18:00:00,29.6,1006.6,84.0,13.0827,80.2707,16.0
AWS-CHE-01,Chennai Meenambakkam,2000-05-10 21:00:00,29.0,1005.0,85.0,13.0827,80.2707,16.0
AWS-CHE-01,Chennai Meenambakkam,2000-05-11 00:00:00,28.6,1005.8,85.0,13.0827,80.2707,16.0
AWS-CHE-01,Chennai Meenambakkam,2000-05-11 03:00:00,31.8,1007.0,72.0,13.0827,80.2707,16.0
AWS-CHE-01,Chennai Meenambakkam,2000-05-11 06:00:00,37.0,1006.0,41.0,13.0827,80.2707,16.0
AWS-CHE-01,Chennai Meenambakkam,2000-05-11 09:00:00,37.6,1002.9,50.0,13.0827,80.2707,16.0
AWS-CHE-01,Chennai Meenambakkam,2000-05-11 12:00:00,33.6,1002.4,63.0,13.0827,80.2707,16.0
AWS-CHE-01,Chennai Meenambakkam,2000-05-11 15:00:00,31.2,1005.8,76.0,13.0827,80.2707,16.0
AWS-CHE-01,Chennai Meenambakkam,2000-05-11 18:00:00,30.2,1005.7,84.0,13.0827,80.2707,16.0
AWS-CHE-01,Chennai Meenambakkam,2000-05-11 21:00:00,29.0,1004.0,71.0,13.0827,80.2707,16.0
AWS-CHE-01,Chennai Meenambakkam,2000-05-12 00:00:00,27.8,1004.8,76.0,13.0827,80.2707,16.0
AWS-CHE-01,Chennai Meenambakkam,2000-05-12 03:00:00,32.4,1006.3,58.0,13.0827,80.2707,16.0
AWS-CHE-01,Chennai Meenambakkam,2000-05-12 06:00:00,39.0,1004.8,34.0,13.0827,80.2707,16.0
AWS-CHE-01,Chennai Meenambakkam,2000-05-12 09:00:00,38.0,1002.5,46.0,13.0827,80.2707,16.0
AWS-CHE-01,Chennai Meenambakkam,2000-05-12 12:00:00,34.0,1002.5,60.0,13.0827,80.2707,16.0
AWS-CHE-01,Chennai Meenambakkam,2000-05-12 15:00:00,31.6,1005.5,72.0,13.0827,80.2707,16.0
AWS-CHE-01,Chennai Meenambakkam,2000-05-12 18:00:00,30.0,1005.7,65.0,13.0827,80.2707,16.0
AWS-CHE-01,Chennai Meenambakkam,2000-05-12 21:00:00,28.8,1004.2,64.0,13.0827,80.2707,16.0
AWS-CHE-01,Chennai Meenambakkam,2000-05-13 00:00:00,28.4,1004.5,73.0,13.0827,80.2707,16.0
AWS-CHE-01,Chennai Meenambakkam,2000-05-13 03:00:00,33.6,1005.9,50.0,13.0827,80.2707,16.0
AWS-CHE-01,Chennai Meenambakkam,2000-05-13 06:00:00,39.6,1005.4,34.0,13.0827,80.2707,16.0
AWS-CHE-01,Chennai Meenambakkam,2000-05-13 09:00:00,38.0,1002.5,42.0,13.0827,80.2707,16.0
AWS-CHE-01,Chennai Meenambakkam,2000-05-13 12:00:00,35.6,1002.8,50.0,13.0827,80.2707,16.0
AWS-CHE-01,Chennai Meenambakkam,2000-05-13 15:00:00,32.0,1004.1,69.0,13.0827,80.2707,16.0
AWS-CHE-01,Chennai Meenambakkam,2000-05-13 18:00:00,31.0,1005.1,81.0,13.0827,80.2707,16.0
AWS-CHE-01,Chennai Meenambakkam,2000-05-13 21:00:00,30.2,1003.4,85.0,13.0827,80.2707,16.0
AWS-CHE-01,Chennai Meenambakkam,2000-05-14 00:00:00,28.4,1003.9,83.0,13.0827,80.2707,16.0
AWS-CHE-01,Chennai Meenambakkam,2000-05-14 03:00:00,34.2,1005.6,42.0,13.0827,80.2707,16.0
AWS-CHE-01,Chennai Meenambakkam,2000-05-14 06:00:00,39.8,1004.9,26.0,13.0827,80.2707,16.0
AWS-CHE-01,Chennai Meenambakkam,2000-05-14 09:00:00,42.2,1002.0,26.0,13.0827,80.2707,16.0
AWS-CHE-01,Chennai Meenambakkam,2000-05-14 12:00:00,35.8,1001.7,47.0,13.0827,80.2707,16.0
AWS-CHE-01,Chennai Meenambakkam,2000-05-14 15:00:00,32.8,1004.1,62.0,13.0827,80.2707,16.0
AWS-CHE-01,Chennai Meenambakkam,2000-05-14 18:00:00,31.0,1004.8,83.0,13.0827,80.2707,16.0
AWS-CHE-01,Chennai Meenambakkam,2000-05-14 21:00:00,30.2,1003.3,85.0,13.0827,80.2707,16.0
AWS-CHE-01,Chennai Meenambakkam,2000-05-15 00:00:00,29.8,1003.6,65.0,13.0827,80.2707,16.0
AWS-CHE-01,Chennai Meenambakkam,2000-05-15 03:00:00,34.0,1005.5,47.0,13.0827,80.2707,16.0
AWS-CHE-01,Chennai Meenambakkam,2000-05-15 06:00:00,39.2,1005.0,30.0,13.0827,80.2707,16.0
AWS-CHE-01,Chennai Meenambakkam,2000-05-15 09:00:00,42.2,1002.2,24.0,13.0827,80.2707,16.0
AWS-CHE-01,Chennai Meenambakkam,2000-05-15 12:00:00,34.2,1002.2,62.0,13.0827,80.2707,16.0
AWS-CHE-01,Chennai Meenambakkam,2000-05-15 15:00:00,31.6,1004.7,76.0,13.0827,80.2707,16.0
AWS-CHE-01,Chennai Meenambakkam,2000-05-15 18:00:00,30.6,1005.5,68.0,13.0827,80.2707,16.0
AWS-CHE-01,Chennai Meenambakkam,2000-05-15 21:00:00,30.0,1003.9,82.0,13.0827,80.2707,16.0
AWS-CHE-01,Chennai Meenambakkam,2000-05-16 00:00:00,29.4,1004.9,78.0,13.0827,80.2707,16.0
AWS-CHE-01,Chennai Meenambakkam,2000-05-16 03:00:00,34.8,1006.7,46.0,13.0827,80.2707,16.0
AWS-CHE-01,Chennai Meenambakkam,2000-05-16 06:00:00,39.4,1005.9,33.0,13.0827,80.2707,16.0
AWS-CHE-01,Chennai Meenambakkam,2000-05-16 09:00:00,36.8,1003.2,46.0,13.0827,80.2707,16.0
AWS-CHE-01,Chennai Meenambakkam,2000-05-16 12:00:00,33.8,1002.9,55.0,13.0827,80.2707,16.0
AWS-CHE-01,Chennai Meenambakkam,2000-05-16 15:00:00,31.0,1005.6,80.0,13.0827,80.2707,16.0
AWS-CHE-01,Chennai Meenambakkam,2000-05-16 18:00:00,27.8,1007.2,70.0,13.0827,80.2707,16.0
AWS-CHE-01,Chennai Meenambakkam,2000-05-16 21:00:00,25.4,1005.5,91.0,13.0827,80.2707,16.0
AWS-CHE-01,Chennai Meenambakkam,2000-05-17 00:00:00,25.8,1005.9,90.0,13.0827,80.2707,16.0
AWS-CHE-01,Chennai Meenambakkam,2000-05-17 03:00:00,30.4,1006.7,73.0,13.0827,80.2707,16.0
AWS-CHE-01,Chennai Meenambakkam,2000-05-17 06:00:00,35.2,1005.8,51.0,13.0827,80.2707,16.0
AWS-CHE-01,Chennai Meenambakkam,2000-05-17 09:00:00,37.8,1003.3,36.0,13.0827,80.2707,16.0
AWS-CHE-01,Chennai Meenambakkam,2000-05-17 12:00:00,33.8,1002.8,62.0,13.0827,80.2707,16.0
AWS-CHE-01,Chennai Meenambakkam,2000-05-17 15:00:00,30.4,1005.5,74.0,13.0827,80.2707,16.0
AWS-CHE-01,Chennai Meenambakkam,2000-05-17 18:00:00,28.6,1006.3,68.0,13.0827,80.2707,16.0
AWS-CHE-01,Chennai Meenambakkam,2000-05-17 21:00:00,28.6,1005.3,75.0,13.0827,80.2707,16.0
AWS-CHE-01,Chennai Meenambakkam,2000-05-18 00:00:00,29.4,1004.4,58.0,13.0827,80.2707,16.0
AWS-CHE-01,Chennai Meenambakkam,2000-05-18 03:00:00,31.2,1006.3,53.0,13.0827,80.2707,16.0
AWS-CHE-01,Chennai Meenambakkam,2000-05-18 06:00:00,35.6,1005.6,37.0,13.0827,80.2707,16.0
AWS-CHE-01,Chennai Meenambakkam,2000-05-18 09:00:00,39.0,1002.1,31.0,13.0827,80.2707,16.0
AWS-CHE-01,Chennai Meenambakkam,2000-05-18 12:00:00,33.2,1001.5,51.0,13.0827,80.2707,16.0
AWS-CHE-01,Chennai Meenambakkam,2000-05-18 18:00:00,30.0,1005.8,80.0,13.0827,80.2707,16.0
AWS-CHE-01,Chennai Meenambakkam,2000-05-18 21:00:00,29.2,1003.5,82.0,13.0827,80.2707,16.0
AWS-CHE-01,Chennai Meenambakkam,2000-05-19 03:00:00,32.8,1005.8,42.0,13.0827,80.2707,16.0
AWS-CHE-01,Chennai Meenambakkam,2000-05-19 06:00:00,36.4,1004.8,34.0,13.0827,80.2707,16.0
AWS-CHE-01,Chennai Meenambakkam,2000-05-19 09:00:00,38.6,1002.1,31.0,13.0827,80.2707,16.0
AWS-CHE-01,Chennai Meenambakkam,2000-05-19 12:00:00,30.2,1002.3,73.0,13.0827,80.2707,16.0
AWS-CHE-01,Chennai Meenambakkam,2000-05-19 15:00:00,29.4,1005.1,61.0,13.0827,80.2707,16.0
AWS-CHE-01,Chennai Meenambakkam,2000-05-19 18:00:00,29.0,1004.8,64.0,13.0827,80.2707,16.0
AWS-CHE-01,Chennai Meenambakkam,2000-05-19 21:00:00,28.8,1004.1,67.0,13.0827,80.2707,16.0
AWS-CHE-01,Chennai Meenambakkam,2000-05-20 00:00:00,28.4,1004.3,62.0,13.0827,80.2707,16.0
AWS-CHE-01,Chennai Meenambakkam,2000-05-20 03:00:00,32.6,1005.9,48.0,13.0827,80.2707,16.0
AWS-CHE-01,Chennai Meenambakkam,2000-05-20 06:00:00,36.4,1005.1,37.0,13.0827,80.2707,16.0
AWS-CHE-01,Chennai Meenambakkam,2000-05-20 09:00:00,39.0,1002.6,31.0,13.0827,80.2707,16.0
AWS-CHE-01,Chennai Meenambakkam,2000-05-20 12:00:00,32.2,1002.5,63.0,13.0827,80.2707,16.0
AWS-CHE-01,Chennai Meenambakkam,2000-05-20 15:00:00,30.8,1004.6,70.0,13.0827,80.2707,16.0
AWS-CHE-01,Chennai Meenambakkam,2000-05-20 18:00:00,30.0,1005.2,77.0,13.0827,80.2707,16.0
AWS-CHE-01,Chennai Meenambakkam,2000-05-20 21:00:00,29.6,1003.7,77.0,13.0827,80.2707,16.0
AWS-CHE-01,Chennai Meenambakkam,2000-05-21 00:00:00,28.4,1004.0,78.0,13.0827,80.2707,16.0
AWS-CHE-01,Chennai Meenambakkam,2000-05-21 03:00:00,33.0,1005.0,45.0,13.0827,80.2707,16.0
AWS-CHE-01,Chennai Meenambakkam,2000-05-21 06:00:00,37.4,1004.3,32.0,13.0827,80.2707,16.0
AWS-CHE-01,Chennai Meenambakkam,2000-05-21 09:00:00,37.6,1001.8,39.0,13.0827,80.2707,16.0
AWS-CHE-01,Chennai Meenambakkam,2000-05-21 12:00:00,33.0,1001.5,62.0,13.0827,80.2707,16.0
AWS-CHE-01,Chennai Meenambakkam,2000-05-21 15:00:00,30.8,1003.4,70.0,13.0827,80.2707,16.0
AWS-CHE-01,Chennai Meenambakkam,2000-05-21 18:00:00,30.2,1004.5,72.0,13.0827,80.2707,16.0
AWS-CHE-01,Chennai Meenambakkam,2000-05-21 21:00:00,29.6,1002.7,81.0,13.0827,80.2707,16.0
AWS-CHE-01,Chennai Meenambakkam,2000-05-22 00:00:00,30.2,1003.3,63.0,13.0827,80.2707,16.0
AWS-CHE-01,Chennai Meenambakkam,2000-05-22 03:00:00,33.6,1005.1,44.0,13.0827,80.2707,16.0
AWS-CHE-01,Chennai Meenambakkam,2000-05-22 06:00:00,37.6,1004.9,32.0,13.0827,80.2707,16.0
AWS-CHE-01,Chennai Meenambakkam,2000-05-22 09:00:00,40.6,1002.2,25.0,13.0827,80.2707,16.0
AWS-CHE-01,Chennai Meenambakkam,2000-05-22 12:00:00,33.0,1002.1,61.0,13.0827,80.2707,16.0
AWS-CHE-01,Chennai Meenambakkam,2000-05-22 15:00:00,31.0,1004.1,74.0,13.0827,80.2707,16.0
AWS-CHE-01,Chennai Meenambakkam,2000-05-22 18:00:00,30.0,1005.4,82.0,13.0827,80.2707,16.0
AWS-CHE-01,Chennai Meenambakkam,2000-05-22 21:00:00,29.6,1003.1,81.0,13.0827,80.2707,16.0
AWS-CHE-01,Chennai Meenambakkam,2000-05-23 00:00:00,29.2,1003.8,75.0,13.0827,80.2707,16.0
AWS-CHE-01,Chennai Meenambakkam,2000-05-23 03:00:00,32.6,1005.5,60.0,13.0827,80.2707,16.0
AWS-CHE-01,Chennai Meenambakkam,2000-05-23 06:00:00,37.0,1005.1,38.0,13.0827,80.2707,16.0
AWS-CHE-01,Chennai Meenambakkam,2000-05-23 09:00:00,35.4,1003.1,53.0,13.0827,80.2707,16.0
AWS-CHE-01,Chennai Meenambakkam,2000-05-23 12:00:00,32.2,1002.3,69.0,13.0827,80.2707,16.0
AWS-CHE-01,Chennai Meenambakkam,2000-05-23 15:00:00,30.6,1004.9,78.0,13.0827,80.2707,16.0
AWS-CHE-01,Chennai Meenambakkam,2000-05-23 18:00:00,30.0,1005.7,84.0,13.0827,80.2707,16.0
AWS-CHE-01,Chennai Meenambakkam,2000-05-23 21:00:00,29.8,1004.5,84.0,13.0827,80.2707,16.0
AWS-CHE-01,Chennai Meenambakkam,2000-05-24 00:00:00,29.4,1004.6,79.0,13.0827,80.2707,16.0
AWS-CHE-01,Chennai Meenambakkam,2000-05-24 03:00:00,31.6,1005.6,78.0,13.0827,80.2707,16.0
AWS-CHE-01,Chennai Meenambakkam,2000-05-24 06:00:00,36.8,1004.9,42.0,13.0827,80.2707,16.0
AWS-CHE-01,Chennai Meenambakkam,2000-05-24 09:00:00,34.2,1003.2,60.0,13.0827,80.2707,16.0
AWS-CHE-01,Chennai Meenambakkam,2000-05-24 12:00:00,32.0,1002.2,66.0,13.0827,80.2707,16.0
AWS-CHE-01,Chennai Meenambakkam,2000-05-24 15:00:00,30.8,1004.9,72.0,13.0827,80.2707,16.0
AWS-CHE-01,Chennai Meenambakkam,2000-05-24 18:00:00,30.2,1005.6,83.0,13.0827,80.2707,16.0
AWS-CHE-01,Chennai Meenambakkam,2000-05-24 21:00:00,28.0,1005.3,70.0,13.0827,80.2707,16.0
AWS-CHE-01,Chennai Meenambakkam,2000-05-25 00:00:00,26.4,1005.1,76.0,13.0827,80.2707,16.0
AWS-CHE-01,Chennai Meenambakkam,2000-05-25 03:00:00,30.0,1006.1,67.0,13.0827,80.2707,16.0
AWS-CHE-01,Chennai Meenambakkam,2000-05-25 06:00:00,33.2,1005.3,52.0,13.0827,80.2707,16.0
AWS-CHE-01,Chennai Meenambakkam,2000-05-25 09:00:00,36.6,1003.1,39.0,13.0827,80.2707,16.0
AWS-CHE-01,Chennai Meenambakkam,2000-05-25 12:00:00,32.6,1002.8,63.0,13.0827,80.2707,16.0
AWS-CHE-01,Chennai Meenambakkam,2000-05-25 15:00:00,30.2,1004.4,77.0,13.0827,80.2707,16.0
AWS-CHE-01,Chennai Meenambakkam,2000-05-25 21:00:00,29.6,1003.3,85.0,13.0827,80.2707,16.0
AWS-CHE-01,Chennai Meenambakkam,2000-05-26 00:00:00,28.8,1003.8,82.0,13.0827,80.2707,16.0
AWS-CHE-01,Chennai Meenambakkam,2000-05-26 03:00:00,31.6,1004.8,66.0,13.0827,80.2707,16.0
AWS-CHE-01,Chennai Meenambakkam,2000-05-26 06:00:00,35.8,1004.3,49.0,13.0827,80.2707,16.0
AWS-CHE-01,Chennai Meenambakkam,2000-05-26 09:00:00,38.6,1001.3,38.0,13.0827,80.2707,16.0
AWS-CHE-01,Chennai Meenambakkam,2000-05-26 12:00:00,33.6,1002.0,58.0,13.0827,80.2707,16.0
AWS-CHE-01,Chennai Meenambakkam,2000-05-26 15:00:00,30.6,1004.1,77.0,13.0827,80.2707,16.0
AWS-CHE-01,Chennai Meenambakkam,2000-05-26 18:00:00,30.0,1006.0,84.0,13.0827,80.2707,16.0
AWS-CHE-01,Chennai Meenambakkam,2000-05-26 21:00:00,29.6,1003.4,81.0,13.0827,80.2707,16.0
AWS-CHE-01,Chennai Meenambakkam,2000-05-27 00:00:00,27.8,1003.5,78.0,13.0827,80.2707,16.0
AWS-CHE-01,Chennai Meenambakkam,2000-05-27 03:00:00,31.8,1005.6,59.0,13.0827,80.2707,16.0
AWS-CHE-01,Chennai Meenambakkam,2000-05-27 06:00:00,36.0,1005.0,44.0,13.0827,80.2707,16.0
AWS-CHE-01,Chennai Meenambakkam,2000-05-27 09:00:00,34.8,1002.6,54.0,13.0827,80.2707,16.0
AWS-CHE-01,Chennai Meenambakkam,2000-05-27 12:00:00,33.0,1002.3,58.0,13.0827,80.2707,16.0
AWS-CHE-01,Chennai Meenambakkam,2000-05-27 15:00:00,30.6,1004.6,72.0,13.0827,80.2707,16.0
AWS-CHE-01,Chennai Meenambakkam,2000-05-27 18:00:00,30.2,1005.7,81.0,13.0827,80.2707,16.0
AWS-CHE-01,Chennai Meenambakkam,2000-05-27 21:00:00,29.4,1004.2,79.0,13.0827,80.2707,16.0
AWS-CHE-01,Chennai Meenambakkam,2000-05-28 00:00:00,28.4,1004.3,83.0,13.0827,80.2707,16.0
AWS-CHE-01,Chennai Meenambakkam,2000-05-28 03:00:00,32.4,1006.0,50.0,13.0827,80.2707,16.0
AWS-CHE-01,Chennai Meenambakkam,2000-05-28 06:00:00,36.4,1005.7,39.0,13.0827,80.2707,16.0
AWS-CHE-01,Chennai Meenambakkam,2000-05-28 09:00:00,35.6,1003.3,53.0,13.0827,80.2707,16.0
AWS-CHE-01,Chennai Meenambakkam,2000-05-28 12:00:00,33.0,1002.5,58.0,13.0827,80.2707,16.0
AWS-CHE-01,Chennai Meenambakkam,2000-05-28 15:00:00,30.0,1005.6,76.0,13.0827,80.2707,16.0
AWS-CHE-01,Chennai Meenambakkam,2000-05-28 18:00:00,30.0,1006.6,77.0,13.0827,80.2707,16.0
AWS-CHE-01,Chennai Meenambakkam,2000-05-28 21:00:00,26.6,1005.5,84.0,13.0827,80.2707,16.0
AWS-CHE-01,Chennai Meenambakkam,2000-05-29 00:00:00,27.4,1005.3,90.0,13.0827,80.2707,16.0
AWS-CHE-01,Chennai Meenambakkam,2000-05-29 06:00:00,36.8,1006.7,38.0,13.0827,80.2707,16.0
AWS-CHE-01,Chennai Meenambakkam,2000-05-29 12:00:00,33.4,1003.6,57.0,13.0827,80.2707,16.0
AWS-CHE-01,Chennai Meenambakkam,2000-05-29 15:00:00,31.0,1005.6,69.0,13.0827,80.2707,16.0
AWS-CHE-01,Chennai Meenambakkam,2000-05-29 18:00:00,30.2,1006.7,80.0,13.0827,80.2707,16.0
AWS-CHE-01,Chennai Meenambakkam,2000-05-29 21:00:00,29.8,1005.4,78.0,13.0827,80.2707,16.0
AWS-CHE-01,Chennai Meenambakkam,2000-05-30 00:00:00,29.4,1005.5,80.0,13.0827,80.2707,16.0
AWS-CHE-01,Chennai Meenambakkam,2000-05-30 03:00:00,33.8,1006.7,48.0,13.0827,80.2707,16.0
AWS-CHE-01,Chennai Meenambakkam,2000-05-30 06:00:00,37.4,1005.7,35.0,13.0827,80.2707,16.0
AWS-CHE-01,Chennai Meenambakkam,2000-05-30 09:00:00,35.4,1004.1,47.0,13.0827,80.2707,16.0
AWS-CHE-01,Chennai Meenambakkam,2000-05-30 12:00:00,32.8,1003.2,58.0,13.0827,80.2707,16.0
AWS-CHE-01,Chennai Meenambakkam,2000-05-30 15:00:00,31.2,1005.9,64.0,13.0827,80.2707,16.0
AWS-CHE-01,Chennai Meenambakkam,2000-05-30 18:00:00,29.6,1005.9,64.0,13.0827,80.2707,16.0
AWS-CHE-01,Chennai Meenambakkam,2000-05-30 21:00:00,29.0,1004.5,67.0,13.0827,80.2707,16.0
AWS-CHE-01,Chennai Meenambakkam,2000-05-31 00:00:00,28.4,1004.5,66.0,13.0827,80.2707,16.0
AWS-CHE-01,Chennai Meenambakkam,2000-05-31 03:00:00,32.0,1005.6,55.0,13.0827,80.2707,16.0
AWS-CHE-01,Chennai Meenambakkam,2000-05-31 06:00:00,34.2,1006.2,45.0,13.0827,80.2707,16.0
AWS-CHE-01,Chennai Meenambakkam,2000-05-31 09:00:00,32.2,1003.6,59.0,13.0827,80.2707,16.0
AWS-CHE-01,Chennai Meenambakkam,2000-05-31 12:00:00,33.4,1001.4,54.0,13.0827,80.2707,16.0
AWS-CHE-01,Chennai Meenambakkam,2000-05-31 15:00:00,31.0,1003.6,66.0,13.0827,80.2707,16.0
AWS-CHE-01,Chennai Meenambakkam,2000-05-31 18:00:00,29.0,1004.2,76.0,13.0827,80.2707,16.0
AWS-CHE-01,Chennai Meenambakkam,2000-05-31 21:00:00,28.8,1002.8,69.0,13.0827,80.2707,16.0
AWS-CHE-01,Chennai Meenambakkam,2000-06-01 00:00:00,28.0,1002.9,72.0,13.0827,80.2707,16.0
AWS-CHE-01,Chennai Meenambakkam,2000-06-01 03:00:00,31.0,1004.3,57.0,13.0827,80.2707,16.0
AWS-CHE-01,Chennai Meenambakkam,2000-06-01 06:00:00,35.2,1003.3,46.0,13.0827,80.2707,16.0
AWS-CHE-01,Chennai Meenambakkam,2000-06-01 09:00:00,33.6,1002.1,58.0,13.0827,80.2707,16.0
AWS-CHE-01,Chennai Meenambakkam,2000-06-01 12:00:00,32.8,1000.9,58.0,13.0827,80.2707,16.0
AWS-CHE-01,Chennai Meenambakkam,2000-06-01 15:00:00,30.2,1002.9,59.0,13.0827,80.2707,16.0
AWS-CHE-01,Chennai Meenambakkam,2000-06-01 18:00:00,27.8,1003.8,83.0,13.0827,80.2707,16.0
AWS-CHE-01,Chennai Meenambakkam,2000-06-01 21:00:00,27.8,1001.7,77.0,13.0827,80.2707,16.0
AWS-CHE-01,Chennai Meenambakkam,2000-06-02 00:00:00,28.0,1001.3,67.0,13.0827,80.2707,16.0
AWS-CHE-01,Chennai Meenambakkam,2000-06-02 03:00:00,30.0,1003.3,61.0,13.0827,80.2707,16.0
AWS-CHE-01,Chennai Meenambakkam,2000-06-02 09:00:00,32.4,1000.4,58.0,13.0827,80.2707,16.0
AWS-CHE-01,Chennai Meenambakkam,2000-06-02 12:00:00,31.6,999.9,62.0,13.0827,80.2707,16.0
AWS-CHE-01,Chennai Meenambakkam,2000-06-02 15:00:00,29.0,1001.9,64.0,13.0827,80.2707,16.0
AWS-CHE-01,Chennai Meenambakkam,2000-06-02 18:00:00,28.8,1003.7,75.0,13.0827,80.2707,16.0
AWS-CHE-01,Chennai Meenambakkam,2000-06-02 21:00:00,26.8,1001.7,78.0,13.0827,80.2707,16.0
AWS-CHE-01,Chennai Meenambakkam,2000-06-03 00:00:00,27.6,1001.0,76.0,13.0827,80.2707,16.0
AWS-CHE-01,Chennai Meenambakkam,2000-06-03 03:00:00,29.8,1002.0,66.0,13.0827,80.2707,16.0
AWS-CHE-01,Chennai Meenambakkam,2000-06-03 06:00:00,33.4,1001.5,48.0,13.0827,80.2707,16.0
AWS-CHE-01,Chennai Meenambakkam,2000-06-03 09:00:00,34.4,1000.1,47.0,13.0827,80.2707,16.0
AWS-CHE-01,Chennai Meenambakkam,2000-06-03 12:00:00,33.8,998.8,56.0,13.0827,80.2707,16.0
AWS-CHE-01,Chennai Meenambakkam,2000-06-03 15:00:00,29.0,1000.9,68.0,13.0827,80.2707,16.0
AWS-CHE-01,Chennai Meenambakkam,2000-06-03 18:00:00,28.4,1001.7,73.0,13.0827,80.2707,16.0
AWS-CHE-01,Chennai Meenambakkam,2000-06-04 00:00:00,28.0,999.0,67.0,13.0827,80.2707,16.0
AWS-CHE-01,Chennai Meenambakkam,2000-06-04 03:00:00,28.8,1001.0,63.0,13.0827,80.2707,16.0
AWS-CHE-01,Chennai Meenambakkam,2000-06-04 06:00:00,31.4,1001.1,55.0,13.0827,80.2707,16.0
AWS-CHE-01,Chennai Meenambakkam,2000-06-04 09:00:00,32.0,999.5,55.0,13.0827,80.2707,16.0
AWS-CHE-01,Chennai Meenambakkam,2000-06-04 12:00:00,29.8,998.8,72.0,13.0827,80.2707,16.0
AWS-CHE-01,Chennai Meenambakkam,2000-06-04 15:00:00,27.8,1000.4,83.0,13.0827,80.2707,16.0
AWS-CHE-01,Chennai Meenambakkam,2000-06-04 18:00:00,29.0,1000.3,68.0,13.0827,80.2707,16.0
AWS-CHE-01,Chennai Meenambakkam,2000-06-04 21:00:00,28.2,998.3,74.0,13.0827,80.2707,16.0
AWS-CHE-01,Chennai Meenambakkam,2000-06-05 00:00:00,28.0,997.9,70.0,13.0827,80.2707,16.0
AWS-CHE-01,Chennai Meenambakkam,2000-06-05 03:00:00,29.2,1000.3,63.0,13.0827,80.2707,16.0
AWS-CHE-01,Chennai Meenambakkam,2000-06-05 06:00:00,32.0,998.9,50.0,13.0827,80.2707,16.0
AWS-CHE-01,Chennai Meenambakkam,2000-06-05 09:00:00,33.2,997.4,47.0,13.0827,80.2707,16.0
AWS-CHE-01,Chennai Meenambakkam,2000-06-05 12:00:00,32.0,997.0,55.0,13.0827,80.2707,16.0
AWS-CHE-01,Chennai Meenambakkam,2000-06-05 15:00:00,28.0,998.4,78.0,13.0827,80.2707,16.0
AWS-CHE-01,Chennai Meenambakkam,2000-06-05 18:00:00,30.4,998.9,53.0,13.0827,80.2707,16.0
AWS-CHE-01,Chennai Meenambakkam,2000-06-05 21:00:00,30.0,997.7,53.0,13.0827,80.2707,16.0
AWS-CHE-01,Chennai Meenambakkam,2000-06-06 00:00:00,28.2,998.3,66.0,13.0827,80.2707,16.0
AWS-CHE-01,Chennai Meenambakkam,2000-06-06 03:00:00,29.8,1000.1,60.0,13.0827,80.2707,16.0
AWS-CHE-01,Chennai Meenambakkam,2000-06-06 06:00:00,31.6,999.9,56.0,13.0827,80.2707,16.0
AWS-CHE-01,Chennai Meenambakkam,2000-06-06 09:00:00,33.6,998.5,80.0,13.0827,80.2707,16.0
AWS-CHE-01,Chennai Meenambakkam,2000-06-06 12:00:00,33.4,998.2,46.0,13.0827,80.2707,16.0
AWS-CHE-01,Chennai Meenambakkam,2000-06-06 18:00:00,29.6,1002.1,61.0,13.0827,80.2707,16.0
AWS-CHE-01,Chennai Meenambakkam,2000-06-06 21:00:00,28.8,1001.0,60.0,13.0827,80.2707,16.0
AWS-CHE-01,Chennai Meenambakkam,2000-06-07 00:00:00,28.4,1002.1,61.0,13.0827,80.2707,16.0
AWS-CHE-01,Chennai Meenambakkam,2000-06-07 03:00:00,29.6,1003.8,60.0,13.0827,80.2707,16.0
AWS-CHE-01,Chennai Meenambakkam,2000-06-07 06:00:00,32.0,1004.0,55.0,13.0827,80.2707,16.0
AWS-CHE-01,Chennai Meenambakkam,2000-06-07 09:00:00,33.6,1001.6,47.0,13.0827,80.2707,16.0
AWS-CHE-01,Chennai Meenambakkam,2000-06-07 12:00:00,33.2,1001.1,48.0,13.0827,80.2707,16.0
AWS-CHE-01,Chennai Meenambakkam,2000-06-07 18:00:00,30.6,1004.6,57.0,13.0827,80.2707,16.0
AWS-CHE-01,Chennai Meenambakkam,2000-06-08 03:00:00,30.0,1006.8,64.0,13.0827,80.2707,16.0
AWS-CHE-01,Chennai Meenambakkam,2000-06-08 06:00:00,35.0,1005.8,44.0,13.0827,80.2707,16.0
AWS-CHE-01,Chennai Meenambakkam,2000-06-08 09:00:00,35.8,1004.0,42.0,13.0827,80.2707,16.0
AWS-CHE-01,Chennai Meenambakkam,2000-06-08 12:00:00,33.8,1002.8,57.0,13.0827,80.2707,16.0
AWS-CHE-01,Chennai Meenambakkam,2000-06-08 15:00:00,30.0,1005.0,76.0,13.0827,80.2707,16.0
AWS-CHE-01,Chennai Meenambakkam,2000-06-08 18:00:00,29.8,1006.1,69.0,13.0827,80.2707,16.0
AWS-CHE-01,Chennai Meenambakkam,2000-06-08 21:00:00,29.0,1005.0,68.0,13.0827,80.2707,16.0
AWS-CHE-01,Chennai Meenambakkam,2000-06-09 03:00:00,32.2,1007.2,51.0,13.0827,80.2707,16.0
AWS-CHE-01,Chennai Meenambakkam,2000-06-09 06:00:00,35.6,1006.7,39.0,13.0827,80.2707,16.0
AWS-CHE-01,Chennai Meenambakkam,2000-06-09 09:00:00,37.2,1002.8,38.0,13.0827,80.2707,16.0
AWS-CHE-01,Chennai Meenambakkam,2000-06-09 12:00:00,31.2,1002.8,67.0,13.0827,80.2707,16.0
AWS-CHE-01,Chennai Meenambakkam,2000-06-09 15:00:00,30.0,1005.0,76.0,13.0827,80.2707,16.0
AWS-CHE-01,Chennai Meenambakkam,2000-06-09 18:00:00,29.8,1005.6,78.0,13.0827,80.2707,16.0
AWS-CHE-01,Chennai Meenambakkam,2000-06-09 21:00:00,29.6,1004.6,68.0,13.0827,80.2707,16.0
AWS-CHE-01,Chennai Meenambakkam,2000-06-10 00:00:00,28.8,1005.3,67.0,13.0827,80.2707,16.0
AWS-CHE-01,Chennai Meenambakkam,2000-06-10 03:00:00,32.0,1007.0,49.0,13.0827,80.2707,16.0
AWS-CHE-01,Chennai Meenambakkam,2000-06-10 06:00:00,36.2,1005.7,41.0,13.0827,80.2707,16.0
AWS-CHE-01,Chennai Meenambakkam,2000-06-10 09:00:00,36.4,1003.0,46.0,13.0827,80.2707,16.0
AWS-CHE-01,Chennai Meenambakkam,2000-06-10 12:00:00,33.0,1002.4,56.0,13.0827,80.2707,16.0
AWS-CHE-01,Chennai Meenambakkam,2000-06-10 15:00:00,30.2,1004.9,80.0,13.0827,80.2707,16.0
AWS-CHE-01,Chennai Meenambakkam,2000-06-10 18:00:00,29.6,1005.2,84.0,13.0827,80.2707,16.0
AWS-CHE-01,Chennai Meenambakkam,2000-06-10 21:00:00,29.0,1004.3,71.0,13.0827,80.2707,16.0
AWS-CHE-01,Chennai Meenambakkam,2000-06-11 00:00:00,28.6,1004.9,68.0,13.0827,80.2707,16.0
AWS-CHE-01,Chennai Meenambakkam,2000-06-11 03:00:00,33.6,1006.4,44.0,13.0827,80.2707,16.0
AWS-CHE-01,Chennai Meenambakkam,2000-06-11 06:00:00,35.6,1005.4,39.0,13.0827,80.2707,16.0
AWS-CHE-01,Chennai Meenambakkam,2000-06-11 09:00:00,37.4,1003.1,37.0,13.0827,80.2707,16.0
AWS-CHE-01,Chennai Meenambakkam,2000-06-11 12:00:00,36.8,1002.7,37.0,13.0827,80.2707,16.0
AWS-CHE-01,Chennai Meenambakkam,2000-06-11 18:00:00,30.0,1005.1,82.0,13.0827,80.2707,16.0
AWS-CHE-01,Chennai Meenambakkam,2000-06-11 21:00:00,29.4,1005.2,82.0,13.0827,80.2707,16.0
AWS-CHE-01,Chennai Meenambakkam,2000-06-12 00:00:00,29.4,1005.4,68.0,13.0827,80.2707,16.0
AWS-CHE-01,Chennai Meenambakkam,2000-06-12 03:00:00,32.0,1006.9,48.0,13.0827,80.2707,16.0
AWS-CHE-01,Chennai Meenambakkam,2000-06-12 06:00:00,34.6,1006.7,40.0,13.0827,80.2707,16.0
AWS-CHE-01,Chennai Meenambakkam,2000-06-12 09:00:00,36.0,1004.6,38.0,13.0827,80.2707,16.0
AWS-CHE-01,Chennai Meenambakkam,2000-06-12 12:00:00,28.0,1004.9,82.0,13.0827,80.2707,16.0
AWS-CHE-01,Chennai Meenambakkam,2000-06-12 15:00:00,26.2,1007.9,92.0,13.0827,80.2707,16.0
AWS-CHE-01,Chennai Meenambakkam,2000-06-12 18:00:00,26.2,1007.5,87.0,13.0827,80.2707,16.0
AWS-CHE-01,Chennai Meenambakkam,2000-06-12 21:00:00,25.6,1005.9,87.0,13.0827,80.2707,16.0
AWS-CHE-01,Chennai Meenambakkam,2000-06-13 00:00:00,27.2,1006.1,68.0,13.0827,80.2707,16.0
AWS-CHE-01,Chennai Meenambakkam,2000-06-13 03:00:00,30.4,1007.4,54.0,13.0827,80.2707,16.0
AWS-CHE-01,Chennai Meenambakkam,2000-06-13 06:00:00,35.0,1006.6,40.0,13.0827,80.2707,16.0
AWS-CHE-01,Chennai Meenambakkam,2000-06-13 09:00:00,36.6,1004.5,32.0,13.0827,80.2707,16.0
AWS-CHE-01,Chennai Meenambakkam,2000-06-13 12:00:00,31.6,1004.7,60.0,13.0827,80.2707,16.0
AWS-CHE-01,Chennai Meenambakkam,2000-06-13 15:00:00,30.2,1006.7,68.0,13.0827,80.2707,16.0
AWS-CHE-01,Chennai Meenambakkam,2000-06-13 18:00:00,29.4,1008.3,71.0,13.0827,80.2707,16.0
AWS-CHE-01,Chennai Meenambakkam,2000-06-13 21:00:00,28.0,1005.9,78.0,13.0827,80.2707,16.0
AWS-CHE-01,Chennai Meenambakkam,2000-06-14 00:00:00,28.0,1006.9,65.0,13.0827,80.2707,16.0
AWS-CHE-01,Chennai Meenambakkam,2000-06-14 03:00:00,31.6,1008.5,48.0,13.0827,80.2707,16.0
AWS-CHE-01,Chennai Meenambakkam,2000-06-14 06:00:00,36.0,1007.4,38.0,13.0827,80.2707,16.0
AWS-CHE-01,Chennai Meenambakkam,2000-06-14 09:00:00,38.4,1004.7,27.0,13.0827,80.2707,16.0
AWS-CHE-01,Chennai Meenambakkam,2000-06-14 12:00:00,31.2,1004.4,64.0,13.0827,80.2707,16.0
AWS-CHE-01,Chennai Meenambakkam,2000-06-14 15:00:00,29.8,1006.2,69.0,13.0827,80.2707,16.0
AWS-CHE-01,Chennai Meenambakkam,2000-06-14 18:00:00,29.6,1006.7,78.0,13.0827,80.2707,16.0
AWS-CHE-01,Chennai Meenambakkam,2000-06-14 21:00:00,29.8,1005.2,63.0,13.0827,80.2707,16.0
AWS-CHE-01,Chennai Meenambakkam,2000-06-15 00:00:00,29.0,1005.4,56.0,13.0827,80.2707,16.0
AWS-CHE-01,Chennai Meenambakkam,2000-06-15 03:00:00,31.8,1007.3,48.0,13.0827,80.2707,16.0
AWS-CHE-01,Chennai Meenambakkam,2000-06-15 06:00:00,35.8,1006.9,38.0,13.0827,80.2707,16.0
AWS-CHE-01,Chennai Meenambakkam,2000-06-15 09:00:00,37.8,1004.2,34.0,13.0827,80.2707,16.0
AWS-CHE-01,Chennai Meenambakkam,2000-06-15 12:00:00,32.0,1003.4,58.0,13.0827,80.2707,16.0
AWS-CHE-01,Chennai Meenambakkam,2000-06-15 15:00:00,29.6,1005.0,71.0,13.0827,80.2707,16.0
AWS-CHE-01,Chennai Meenambakkam,2000-06-15 18:00:00,29.2,1005.7,78.0,13.0827,80.2707,16.0
AWS-CHE-01,Chennai Meenambakkam,2000-06-15 21:00:00,29.0,1004.1,74.0,13.0827,80.2707,16.0
AWS-CHE-01,Chennai Meenambakkam,2000-06-16 00:00:00,28.4,1004.6,72.0,13.0827,80.2707,16.0
AWS-CHE-01,Chennai Meenambakkam,2000-06-16 03:00:00,32.0,1005.9,49.0,13.0827,80.2707,16.0
AWS-CHE-01,Chennai Meenambakkam,2000-06-16 06:00:00,35.8,1005.1,37.0,13.0827,80.2707,16.0
AWS-CHE-01,Chennai Meenambakkam,2000-06-16 09:00:00,37.2,1003.7,33.0,13.0827,80.2707,16.0
AWS-CHE-01,Chennai Meenambakkam,2000-06-16 12:00:00,31.8,1002.4,59.0,13.0827,80.2707,16.0
AWS-CHE-01,Chennai Meenambakkam,2000-06-16 15:00:00,30.4,1004.4,67.0,13.0827,80.2707,16.0
AWS-CHE-01,Chennai Meenambakkam,2000-06-16 18:00:00,30.2,1005.9,65.0,13.0827,80.2707,16.0
AWS-CHE-01,Chennai Meenambakkam,2000-06-16 21:00:00,28.4,1004.0,69.0,13.0827,80.2707,16.0
AWS-CHE-01,Chennai Meenambakkam,2000-06-17 00:00:00,28.0,1004.3,74.0,13.0827,80.2707,16.0
AWS-CHE-01,Chennai Meenambakkam,2000-06-17 03:00:00,30.8,1005.9,51.0,13.0827,80.2707,16.0
AWS-CHE-01,Chennai Meenambakkam,2000-06-17 06:00:00,35.4,1004.7,36.0,13.0827,80.2707,16.0
AWS-CHE-01,Chennai Meenambakkam,2000-06-17 09:00:00,38.2,1002.1,30.0,13.0827,80.2707,16.0
AWS-CHE-01,Chennai Meenambakkam,2000-06-17 12:00:00,32.0,1001.5,58.0,13.0827,80.2707,16.0
AWS-CHE-01,Chennai Meenambakkam,2000-06-17 15:00:00,30.2,1002.9,73.0,13.0827,80.2707,16.0
AWS-CHE-01,Chennai Meenambakkam,2000-06-17 18:00:00,29.8,1003.6,80.0,13.0827,80.2707,16.0
AWS-CHE-01,Chennai Meenambakkam,2000-06-17 21:00:00,30.0,1003.0,54.0,13.0827,80.2707,16.0
AWS-CHE-01,Chennai Meenambakkam,2000-06-18 00:00:00,29.6,1003.2,50.0,13.0827,80.2707,16.0
AWS-CHE-01,Chennai Meenambakkam,2000-06-18 03:00:00,30.6,1004.4,50.0,13.0827,80.2707,16.0
AWS-CHE-01,Chennai Meenambakkam,2000-06-18 06:00:00,34.8,1004.1,43.0,13.0827,80.2707,16.0
AWS-CHE-01,Chennai Meenambakkam,2000-06-18 09:00:00,36.4,1001.1,36.0,13.0827,80.2707,16.0
AWS-CHE-01,Chennai Meenambakkam,2000-06-18 12:00:00,36.0,1000.1,36.0,13.0827,80.2707,16.0
AWS-CHE-01,Chennai Meenambakkam,2000-06-18 15:00:00,30.8,1002.1,63.0,13.0827,80.2707,16.0
AWS-CHE-01,Chennai Meenambakkam,2000-06-18 18:00:00,29.4,1002.7,76.0,13.0827,80.2707,16.0
AWS-CHE-01,Chennai Meenambakkam,2000-06-18 21:00:00,28.4,1001.7,79.0,13.0827,80.2707,16.0
AWS-CHE-01,Chennai Meenambakkam,2000-06-19 00:00:00,28.4,1002.3,65.0,13.0827,80.2707,16.0
AWS-CHE-01,Chennai Meenambakkam,2000-06-19 03:00:00,32.0,1003.5,49.0,13.0827,80.2707,16.0
AWS-CHE-01,Chennai Meenambakkam,2000-06-19 06:00:00,36.0,1002.8,42.0,13.0827,80.2707,16.0
AWS-CHE-01,Chennai Meenambakkam,2000-06-19 09:00:00,27.8,1000.9,84.0,13.0827,80.2707,16.0
AWS-CHE-01,Chennai Meenambakkam,2000-06-19 12:00:00,25.4,1001.3,91.0,13.0827,80.2707,16.0
AWS-CHE-01,Chennai Meenambakkam,2000-06-19 15:00:00,26.0,1002.4,95.0,13.0827,80.2707,16.0
AWS-CHE-01,Chennai Meenambakkam,2000-06-19 18:00:00,26.8,1003.5,90.0,13.0827,80.2707,16.0
AWS-CHE-01,Chennai Meenambakkam,2000-06-19 21:00:00,27.2,1002.4,89.0,13.0827,80.2707,16.0
AWS-CHE-01,Chennai Meenambakkam,2000-06-20 00:00:00,26.0,1002.0,84.0,13.0827,80.2707,16.0
AWS-CHE-01,Chennai Meenambakkam,2000-06-20 03:00:00,30.4,1003.8,59.0,13.0827,80.2707,16.0
AWS-CHE-01,Chennai Meenambakkam,2000-06-20 06:00:00,33.8,1003.3,50.0,13.0827,80.2707,16.0
AWS-CHE-01,Chennai Meenambakkam,2000-06-20 09:00:00,35.8,1000.7,44.0,13.0827,80.2707,16.0
AWS-CHE-01,Chennai Meenambakkam,2000-06-20 12:00:00,31.8,1000.6,56.0,13.0827,80.2707,16.0
AWS-CHE-01,Chennai Meenambakkam,2000-06-20 15:00:00,29.8,1003.6,76.0,13.0827,80.2707,16.0
AWS-CHE-01,Chennai Meenambakkam,2000-06-20 18:00:00,28.4,1003.5,85.0,13.0827,80.2707,16.0
AWS-CHE-01,Chennai Meenambakkam,2000-06-20 21:00:00,27.8,1002.0,86.0,13.0827,80.2707,16.0
AWS-CHE-01,Chennai Meenambakkam,2000-06-21 00:00:00,27.4,1003.0,89.0,13.0827,80.2707,16.0
AWS-CHE-01,Chennai Meenambakkam,2000-06-21 03:00:00,29.0,1004.2,80.0,13.0827,80.2707,16.0
AWS-CHE-01,Chennai Meenambakkam,2000-06-21 06:00:00,30.0,1004.8,74.0,13.0827,80.2707,16.0
AWS-CHE-01,Chennai Meenambakkam,2000-06-21 09:00:00,33.0,1003.2,58.0,13.0827,80.2707,16.0
AWS-CHE-01,Chennai Meenambakkam,2000-06-21 12:00:00,30.0,1003.2,74.0,13.0827,80.2707,16.0
AWS-CHE-01,Chennai Meenambakkam,2000-06-21 15:00:00,26.6,1004.5,81.0,13.0827,80.2707,16.0
AWS-CHE-01,Chennai Meenambakkam,2000-06-21 18:00:00,26.8,1006.4,84.0,13.0827,80.2707,16.0
AWS-CHE-01,Chennai Meenambakkam,2000-06-21 21:00:00,26.0,1005.3,89.0,13.0827,80.2707,16.0
AWS-CHE-01,Chennai Meenambakkam,2000-06-22 00:00:00,25.6,1005.3,91.0,13.0827,80.2707,16.0
AWS-CHE-01,Chennai Meenambakkam,2000-06-22 03:00:00,28.4,1006.0,79.0,13.0827,80.2707,16.0
AWS-CHE-01,Chennai Meenambakkam,2000-06-22 06:00:00,32.8,1005.8,63.0,13.0827,80.2707,16.0
AWS-CHE-01,Chennai Meenambakkam,2000-06-22 09:00:00,34.8,1004.0,50.0,13.0827,80.2707,16.0
AWS-CHE-01,Chennai Meenambakkam,2000-06-22 12:00:00,30.0,1004.4,78.0,13.0827,80.2707,16.0
AWS-CHE-01,Chennai Meenambakkam,2000-06-22 15:00:00,28.8,1005.7,82.0,13.0827,80.2707,16.0
AWS-CHE-01,Chennai Meenambakkam,2000-06-22 18:00:00,28.8,1005.9,83.0,13.0827,80.2707,16.0
AWS-CHE-01,Chennai Meenambakkam,2000-06-22 21:00:00,23.8,1006.4,95.0,13.0827,80.2707,16.0
AWS-CHE-01,Chennai Meenambakkam,2000-06-23 00:00:00,24.0,1007.4,96.0,13.0827,80.2707,16.0
AWS-CHE-01,Chennai Meenambakkam,2000-06-23 03:00:00,25.0,1007.9,96.0,13.0827,80.2707,16.0
AWS-CHE-01,Chennai Meenambakkam,2000-06-23 06:00:00,28.0,1007.7,86.0,13.0827,80.2707,16.0
AWS-CHE-01,Chennai Meenambakkam,2000-06-23 15:00:00,27.4,1005.7,84.0,13.0827,80.2707,16.0
AWS-CHE-01,Chennai Meenambakkam,2000-06-23 18:00:00,27.4,1006.2,89.0,13.0827,80.2707,16.0
AWS-CHE-01,Chennai Meenambakkam,2000-06-23 21:00:00,26.6,1005.2,89.0,13.0827,80.2707,16.0
AWS-CHE-01,Chennai Meenambakkam,2000-06-24 00:00:00,27.2,1005.2,81.0,13.0827,80.2707,16.0
AWS-CHE-01,Chennai Meenambakkam,2000-06-24 03:00:00,30.4,1006.4,60.0,13.0827,80.2707,16.0
AWS-CHE-01,Chennai Meenambakkam,2000-06-24 06:00:00,33.8,1005.6,50.0,13.0827,80.2707,16.0
AWS-CHE-01,Chennai Meenambakkam,2000-06-24 09:00:00,36.0,1003.0,41.0,13.0827,80.2707,16.0
AWS-CHE-01,Chennai Meenambakkam,2000-06-24 15:00:00,29.6,1004.6,80.0,13.0827,80.2707,16.0
AWS-CHE-01,Chennai Meenambakkam,2000-06-24 18:00:00,28.6,1004.9,78.0,13.0827,80.2707,16.0
AWS-CHE-01,Chennai Meenambakkam,2000-06-25 00:00:00,27.6,1004.2,86.0,13.0827,80.2707,16.0
AWS-CHE-01,Chennai Meenambakkam,2000-06-25 03:00:00,31.2,1005.6,57.0,13.0827,80.2707,16.0
AWS-CHE-01,Chennai Meenambakkam,2000-06-25 06:00:00,34.0,1004.8,44.0,13.0827,80.2707,16.0
AWS-CHE-01,Chennai Meenambakkam,2000-06-25 09:00:00,36.0,1003.8,38.0,13.0827,80.2707,16.0
AWS-CHE-01,Chennai Meenambakkam,2000-06-25 12:00:00,32.6,1002.6,52.0,13.0827,80.2707,16.0
AWS-CHE-01,Chennai Meenambakkam,2000-06-25 15:00:00,29.8,1004.9,78.0,13.0827,80.2707,16.0
AWS-CHE-01,Chennai Meenambakkam,2000-06-25 18:00:00,28.8,1005.8,82.0,13.0827,80.2707,16.0
AWS-CHE-01,Chennai Meenambakkam,2000-06-25 21:00:00,28.6,1004.5,82.0,13.0827,80.2707,16.0
AWS-CHE-01,Chennai Meenambakkam,2000-06-26 00:00:00,28.0,1004.4,82.0,13.0827,80.2707,16.0
AWS-CHE-01,Chennai Meenambakkam,2000-06-26 03:00:00,31.0,1005.6,64.0,13.0827,80.2707,16.0
AWS-CHE-01,Chennai Meenambakkam,2000-06-26 06:00:00,34.2,1005.1,44.0,13.0827,80.2707,16.0
AWS-CHE-01,Chennai Meenambakkam,2000-06-26 09:00:00,36.6,1002.6,36.0,13.0827,80.2707,16.0
AWS-CHE-01,Chennai Meenambakkam,2000-06-26 12:00:00,36.0,1002.5,38.0,13.0827,80.2707,16.0
AWS-CHE-01,Chennai Meenambakkam,2000-06-26 15:00:00,30.4,1004.3,69.0,13.0827,80.2707,16.0
AWS-CHE-01,Chennai Meenambakkam,2000-06-26 17:00:00,30.0,1004.55,66.0,13.0827,80.2707,16.0
AWS-CHE-01,Chennai Meenambakkam,2000-06-26 18:00:00,29.6,1004.8,70.0,13.0827,80.2707,16.0
AWS-CHE-01,Chennai Meenambakkam,2000-06-26 21:00:00,29.0,1003.6,80.0,13.0827,80.2707,16.0
AWS-CHE-01,Chennai Meenambakkam,2000-06-27 00:00:00,28.4,1003.6,82.0,13.0827,80.2707,16.0
AWS-CHE-01,Chennai Meenambakkam,2000-06-27 03:00:00,31.4,1005.0,54.0,13.0827,80.2707,16.0
AWS-CHE-01,Chennai Meenambakkam,2000-06-27 06:00:00,34.2,1004.9,49.0,13.0827,80.2707,16.0
AWS-CHE-01,Chennai Meenambakkam,2000-06-27 09:00:00,34.8,1002.5,42.0,13.0827,80.2707,16.0
AWS-CHE-01,Chennai Meenambakkam,2000-06-27 12:00:00,32.8,1002.4,48.0,13.0827,80.2707,16.0
AWS-CHE-01,Chennai Meenambakkam,2000-06-27 15:00:00,30.0,1004.4,61.0,13.0827,80.2707,16.0
AWS-CHE-01,Chennai Meenambakkam,2000-06-27 18:00:00,29.8,1005.3,76.0,13.0827,80.2707,16.0
AWS-CHE-01,Chennai Meenambakkam,2000-06-27 21:00:00,28.4,1003.2,82.0,13.0827,80.2707,16.0
AWS-CHE-01,Chennai Meenambakkam,2000-06-28 00:00:00,27.0,1003.6,74.0,13.0827,80.2707,16.0
AWS-CHE-01,Chennai Meenambakkam,2000-06-28 03:00:00,26.8,1006.3,75.0,13.0827,80.2707,16.0
AWS-CHE-01,Chennai Meenambakkam,2000-06-28 06:00:00,30.6,1005.8,58.0,13.0827,80.2707,16.0
AWS-CHE-01,Chennai Meenambakkam,2000-06-28 09:00:00,31.4,1003.4,53.0,13.0827,80.2707,16.0
AWS-CHE-01,Chennai Meenambakkam,2000-06-28 12:00:00,30.6,1002.7,59.0,13.0827,80.2707,16.0
AWS-CHE-01,Chennai Meenambakkam,2000-06-28 15:00:00,29.0,1004.0,67.0,13.0827,80.2707,16.0
AWS-CHE-01,Chennai Meenambakkam,2000-06-28 18:00:00,24.4,1005.4,89.0,13.0827,80.2707,16.0
AWS-CHE-01,Chennai Meenambakkam,2000-06-28 21:00:00,25.0,1003.4,91.0,13.0827,80.2707,16.0
AWS-CHE-01,Chennai Meenambakkam,2000-06-29 03:00:00,26.8,1005.1,74.0,13.0827,80.2707,16.0
AWS-CHE-01,Chennai Meenambakkam,2000-06-29 06:00:00,27.2,1003.9,72.0,13.0827,80.2707,16.0
AWS-CHE-01,Chennai Meenambakkam,2000-06-29 09:00:00,30.4,1002.2,59.0,13.0827,80.2707,16.0
AWS-CHE-01,Chennai Meenambakkam,2000-06-29 12:00:00,30.4,1000.7,58.0,13.0827,80.2707,16.0
AWS-CHE-01,Chennai Meenambakkam,2000-06-29 15:00:00,27.8,1002.4,81.0,13.0827,80.2707,16.0
AWS-CHE-01,Chennai Meenambakkam,2000-06-29 18:00:00,27.2,1002.6,83.0,13.0827,80.2707,16.0
AWS-CHE-01,Chennai Meenambakkam,2000-06-29 21:00:00,27.0,1000.8,84.0,13.0827,80.2707,16.0
AWS-CHE-01,Chennai Meenambakkam,2000-06-30 00:00:00,26.8,1001.0,78.0,13.0827,80.2707,16.0
AWS-CHE-01,Chennai Meenambakkam,2000-06-30 03:00:00,28.0,1003.1,67.0,13.0827,80.2707,16.0
AWS-CHE-01,Chennai Meenambakkam,2000-06-30 06:00:00,31.4,1002.9,54.0,13.0827,80.2707,16.0
AWS-CHE-01,Chennai Meenambakkam,2000-06-30 09:00:00,33.6,1000.8,47.0,13.0827,80.2707,16.0
AWS-CHE-01,Chennai Meenambakkam,2000-06-30 12:00:00,32.6,1000.6,46.0,13.0827,80.2707,16.0
AWS-CHE-01,Chennai Meenambakkam,2000-06-30 15:00:00,30.4,1003.0,57.0,13.0827,80.2707,16.0
AWS-CHE-01,Chennai Meenambakkam,2000-06-30 18:00:00,28.2,1003.8,65.0,13.0827,80.2707,16.0
AWS-CHE-01,Chennai Meenambakkam,2000-06-30 21:00:00,28.2,1003.0,60.0,13.0827,80.2707,16.0
AWS-CHE-01,Chennai Meenambakkam,2000-07-01 00:00:00,26.6,1003.2,68.0,13.0827,80.2707,16.0
AWS-CHE-01,Chennai Meenambakkam,2000-07-01 03:00:00,29.4,1003.8,62.0,13.0827,80.2707,16.0
AWS-CHE-01,Chennai Meenambakkam,2000-07-01 06:00:00,33.0,1003.6,48.0,13.0827,80.2707,16.0
AWS-CHE-01,Chennai Meenambakkam,2000-07-01 09:00:00,34.0,1001.8,45.0,13.0827,80.2707,16.0
AWS-CHE-01,Chennai Meenambakkam,2000-07-01 12:00:00,29.2,1001.6,79.0,13.0827,80.2707,16.0
AWS-CHE-01,Chennai Meenambakkam,2000-07-01 15:00:00,28.8,1003.6,82.0,13.0827,80.2707,16.0
AWS-CHE-01,Chennai Meenambakkam,2000-07-01 18:00:00,28.4,1004.3,85.0,13.0827,80.2707,16.0
AWS-CHE-01,Chennai Meenambakkam,2000-07-01 21:00:00,27.8,1003.0,87.0,13.0827,80.2707,16.0
AWS-CHE-01,Chennai Meenambakkam,2000-07-02 00:00:00,25.6,1003.8,89.0,13.0827,80.2707,16.0
AWS-CHE-01,Chennai Meenambakkam,2000-07-02 03:00:00,27.0,1005.2,80.0,13.0827,80.2707,16.0
AWS-CHE-01,Chennai Meenambakkam,2000-07-02 06:00:00,31.4,1004.1,50.0,13.0827,80.2707,16.0
AWS-CHE-01,Chennai Meenambakkam,2000-07-02 09:00:00,33.8,1001.9,43.0,13.0827,80.2707,16.0
AWS-CHE-01,Chennai Meenambakkam,2000-07-02 12:00:00,30.2,1000.9,72.0,13.0827,80.2707,16.0
AWS-CHE-01,Chennai Meenambakkam,2000-07-02 18:00:00,24.8,1003.5,93.0,13.0827,80.2707,16.0
AWS-CHE-01,Chennai Meenambakkam,2000-07-02 21:00:00,25.0,1002.1,93.0,13.0827,80.2707,16.0
AWS-CHE-01,Chennai Meenambakkam,2000-07-03 03:00:00,25.2,1004.2,91.0,13.0827,80.2707,16.0
AWS-CHE-01,Chennai Meenambakkam,2000-07-03 06:00:00,27.2,1004.0,81.0,13.0827,80.2707,16.0
AWS-CHE-01,Chennai Meenambakkam,2000-07-03 09:00:00,27.0,1003.2,80.0,13.0827,80.2707,16.0
AWS-CHE-01,Chennai Meenambakkam,2000-07-03 12:00:00,27.0,1002.2,84.0,13.0827,80.2707,16.0
AWS-CHE-01,Chennai Meenambakkam,2000-07-03 15:00:00,26.4,1002.0,80.0,13.0827,80.2707,16.0
AWS-CHE-01,Chennai Meenambakkam,2000-07-03 21:00:00,26.4,1001.1,78.0,13.0827,80.2707,16.0
AWS-CHE-01,Chennai Meenambakkam,2000-07-04 00:00:00,26.0,1000.8,78.0,13.0827,80.2707,16.0
AWS-CHE-01,Chennai Meenambakkam,2000-07-04 03:00:00,23.8,1004.4,93.0,13.0827,80.2707,16.0
AWS-CHE-01,Chennai Meenambakkam,2000-07-04 06:00:00,24.0,1004.2,95.0,13.0827,80.2707,16.0
AWS-CHE-01,Chennai Meenambakkam,2000-07-04 09:00:00,27.6,1000.4,77.0,13.0827,80.2707,16.0
AWS-CHE-01,Chennai Meenambakkam,2000-07-04 12:00:00,27.6,1000.1,83.0,13.0827,80.2707,16.0
AWS-CHE-01,Chennai Meenambakkam,2000-07-04 15:00:00,26.8,1002.0,80.0,13.0827,80.2707,16.0
AWS-CHE-01,Chennai Meenambakkam,2000-07-04 18:00:00,26.4,1002.8,84.0,13.0827,80.2707,16.0
AWS-CHE-01,Chennai Meenambakkam,2000-07-05 00:00:00,25.6,1001.5,85.0,13.0827,80.2707,16.0
AWS-CHE-01,Chennai Meenambakkam,2000-07-05 03:00:00,27.8,1002.7,74.0,13.0827,80.2707,16.0
AWS-CHE-01,Chennai Meenambakkam,2000-07-05 06:00:00,30.8,1002.5,61.0,13.0827,80.2707,16.0
AWS-CHE-01,Chennai Meenambakkam,2000-07-05 09:00:00,31.0,1001.0,63.0,13.0827,80.2707,16.0
AWS-CHE-01,Chennai Meenambakkam,2000-07-05 12:00:00,31.2,1000.6,62.0,13.0827,80.2707,16.0
AWS-CHE-01,Chennai Meenambakkam,2000-07-05 15:00:00,28.2,1002.3,72.0,13.0827,80.2707,16.0
AWS-CHE-01,Chennai Meenambakkam,2000-07-05 18:00:00,27.6,1003.1,77.0,13.0827,80.2707,16.0
AWS-CHE-01,Chennai Meenambakkam,2000-07-05 21:00:00,26.8,1001.7,84.0,13.0827,80.2707,16.0
AWS-CHE-01,Chennai Meenambakkam,2000-07-06 00:00:00,26.4,1002.5,78.0,13.0827,80.2707,16.0
AWS-CHE-01,Chennai Meenambakkam,2000-07-06 03:00:00,28.0,1002.7,69.0,13.0827,80.2707,16.0
AWS-CHE-01,Chennai Meenambakkam,2000-07-06 06:00:00,30.4,1002.9,59.0,13.0827,80.2707,16.0
AWS-CHE-01,Chennai Meenambakkam,2000-07-06 09:00:00,31.6,1001.1,54.0,13.0827,80.2707,16.0
AWS-CHE-01,Chennai Meenambakkam,2000-07-06 12:00:00,31.2,1000.2,61.0,13.0827,80.2707,16.0
AWS-CHE-01,Chennai Meenambakkam,2000-07-06 18:00:00,26.4,1003.5,89.0,13.0827,80.2707,16.0
AWS-CHE-01,Chennai Meenambakkam,2000-07-06 21:00:00,26.0,1001.9,94.0,13.0827,80.2707,16.0
AWS-CHE-01,Chennai Meenambakkam,2000-07-07 00:00:00,25.6,1002.0,93.0,13.0827,80.2707,16.0
AWS-CHE-01,Chennai Meenambakkam,2000-07-07 03:00:00,27.2,1002.9,83.0,13.0827,80.2707,16.0
AWS-CHE-01,Chennai Meenambakkam,2000-07-07 06:00:00,31.6,1002.4,56.0,13.0827,80.2707,16.0
AWS-CHE-01,Chennai Meenambakkam,2000-07-07 09:00:00,33.8,1001.1,54.0,13.0827,80.2707,16.0
AWS-CHE-01,Chennai Meenambakkam,2000-07-07 12:00:00,32.0,1000.6,60.0,13.0827,80.2707,16.0
AWS-CHE-01,Chennai Meenambakkam,2000-07-07 15:00:00,28.4,1002.3,83.0,13.0827,80.2707,16.0
AWS-CHE-01,Chennai Meenambakkam,2000-07-07 18:00:00,27.6,1003.4,78.0,13.0827,80.2707,16.0
AWS-CHE-01,Chennai Meenambakkam,2000-07-07 21:00:00,27.8,1001.8,69.0,13.0827,80.2707,16.0
AWS-CHE-01,Chennai Meenambakkam,2000-07-08 00:00:00,26.8,1001.9,71.0,13.0827,80.2707,16.0
AWS-CHE-01,Chennai Meenambakkam,2000-07-08 03:00:00,28.8,1003.7,62.0,13.0827,80.2707,16.0
AWS-CHE-01,Chennai Meenambakkam,2000-07-08 06:00:00,32.8,1002.4,49.0,13.0827,80.2707,16.0
AWS-CHE-01,Chennai Meenambakkam,2000-07-08 09:00:00,33.8,1000.9,48.0,13.0827,80.2707,16.0
AWS-CHE-01,Chennai Meenambakkam,2000-07-08 12:00:00,32.6,1001.3,60.0,13.0827,80.2707,16.0
AWS-CHE-01,Chennai Meenambakkam,2000-07-08 15:00:00,28.4,1003.8,64.0,13.0827,80.2707,16.0
AWS-CHE-01,Chennai Meenambakkam,2000-07-08 18:00:00,27.8,1004.0,72.0,13.0827,80.2707,16.0
AWS-CHE-01,Chennai Meenambakkam,2000-07-08 21:00:00,27.6,1002.9,64.0,13.0827,80.2707,16.0
AWS-CHE-01,Chennai Meenambakkam,2000-07-09 00:00:00,27.4,1003.0,59.0,13.0827,80.2707,16.0
AWS-CHE-01,Chennai Meenambakkam,2000-07-09 03:00:00,29.0,1004.0,58.0,13.0827,80.2707,16.0
AWS-CHE-01,Chennai Meenambakkam,2000-07-09 09:00:00,34.8,1001.0,40.0,13.0827,80.2707,16.0
AWS-CHE-01,Chennai Meenambakkam,2000-07-09 12:00:00,34.0,1001.3,43.0,13.0827,80.2707,16.0
AWS-CHE-01,Chennai Meenambakkam,2000-07-09 15:00:00,30.4,1003.5,62.0,13.0827,80.2707,16.0
AWS-CHE-01,Chennai Meenambakkam,2000-07-09 18:00:00,30.8,1004.9,47.0,13.0827,80.2707,16.0
AWS-CHE-01,Chennai Meenambakkam,2000-07-09 21:00:00,28.8,1003.2,59.0,13.0827,80.2707,16.0
AWS-CHE-01,Chennai Meenambakkam,2000-07-10 00:00:00,27.6,1003.7,63.0,13.0827,80.2707,16.0
AWS-CHE-01,Chennai Meenambakkam,2000-07-10 03:00:00,30.4,1004.7,56.0,13.0827,80.2707,16.0
AWS-CHE-01,Chennai Meenambakkam,2000-07-10 06:00:00,34.0,1003.1,43.0,13.0827,80.2707,16.0
AWS-CHE-01,Chennai Meenambakkam,2000-07-10 09:00:00,35.6,1000.6,38.0,13.0827,80.2707,16.0
AWS-CHE-01,Chennai Meenambakkam,2000-07-10 12:00:00,34.4,1000.1,41.0,13.0827,80.2707,16.0
AWS-CHE-01,Chennai Meenambakkam,2000-07-10 15:00:00,32.6,1002.1,46.0,13.0827,80.2707,16.0
AWS-CHE-01,Chennai Meenambakkam,2000-07-10 18:00:00,31.0,1003.1,51.0,13.0827,80.2707,16.0
AWS-CHE-01,Chennai Meenambakkam,2000-07-10 21:00:00,29.6,1001.5,52.0,13.0827,80.2707,16.0
AWS-CHE-01,Chennai Meenambakkam,2000-07-11 00:00:00,28.4,1001.6,61.0,13.0827,80.2707,16.0
AWS-CHE-01,Chennai Meenambakkam,2000-07-11 03:00:00,27.0,1004.1,80.0,13.0827,80.2707,16.0
AWS-CHE-01,Chennai Meenambakkam,2000-07-11 06:00:00,30.2,1003.4,60.0,13.0827,80.2707,16.0
AWS-CHE-01,Chennai Meenambakkam,2000-07-11 12:00:00,31.2,1000.6,57.0,13.0827,80.2707,16.0
AWS-CHE-01,Chennai Meenambakkam,2000-07-11 15:00:00,30.8,1003.4,52.0,13.0827,80.2707,16.0
AWS-CHE-01,Chennai Meenambakkam,2000-07-11 18:00:00,27.2,1003.3,72.0,13.0827,80.2707,16.0
AWS-CHE-01,Chennai Meenambakkam,2000-07-11 21:00:00,27.2,1002.0,71.0,13.0827,80.2707,16.0
AWS-CHE-01,Chennai Meenambakkam,2000-07-12 00:00:00,26.6,1002.3,75.0,13.0827,80.2707,16.0
AWS-CHE-01,Chennai Meenambakkam,2000-07-12 03:00:00,29.0,1003.6,67.0,13.0827,80.2707,16.0
AWS-CHE-01,Chennai Meenambakkam,2000-07-12 06:00:00,32.2,1002.8,58.0,13.0827,80.2707,16.0
AWS-CHE-01,Chennai Meenambakkam,2000-07-12 12:00:00,32.4,1000.3,54.0,13.0827,80.2707,16.0
AWS-CHE-01,Chennai Meenambakkam,2000-07-12 15:00:00,30.4,1003.3,59.0,13.0827,80.2707,16.0
AWS-CHE-01,Chennai Meenambakkam,2000-07-12 18:00:00,29.4,1003.9,56.0,13.0827,80.2707,16.0
AWS-CHE-01,Chennai Meenambakkam,2000-07-12 21:00:00,29.4,1002.1,48.0,13.0827,80.2707,16.0
AWS-CHE-01,Chennai Meenambakkam,2000-07-13 00:00:00,26.8,1002.8,67.0,13.0827,80.2707,16.0
AWS-CHE-01,Chennai Meenambakkam,2000-07-13 03:00:00,28.0,1004.4,65.0,13.0827,80.2707,16.0
AWS-CHE-01,Chennai Meenambakkam,2000-07-13 06:00:00,32.2,1004.2,50.0,13.0827,80.2707,16.0
AWS-CHE-01,Chennai Meenambakkam,2000-07-13 09:00:00,32.4,1003.1,49.0,13.0827,80.2707,16.0
AWS-CHE-01,Chennai Meenambakkam,2000-07-13 12:00:00,31.2,1001.9,56.0,13.0827,80.2707,16.0
AWS-CHE-01,Chennai Meenambakkam,2000-07-13 15:00:00,31.0,1004.0,45.0,13.0827,80.2707,16.0
AWS-CHE-01,Chennai Meenambakkam,2000-07-13 18:00:00,29.2,1005.0,51.0,13.0827,80.2707,16.0
AWS-CHE-01,Chennai Meenambakkam,2000-07-14 00:00:00,25.4,1005.0,73.0,13.0827,80.2707,16.0
AWS-CHE-01,Chennai Meenambakkam,2000-07-14 06:00:00,34.0,1005.8,44.0,13.0827,80.2707,16.0
AWS-CHE-01,Chennai Meenambakkam,2000-07-14 09:00:00,34.0,1004.0,45.0,13.0827,80.2707,16.0
AWS-CHE-01,Chennai Meenambakkam,2000-07-14 12:00:00,34.8,1002.3,43.0,13.0827,80.2707,16.0
AWS-CHE-01,Chennai Meenambakkam,2000-07-14 15:00:00,29.8,1004.8,72.0,13.0827,80.2707,16.0
AWS-CHE-01,Chennai Meenambakkam,2000-07-14 18:00:00,28.6,1005.6,75.0,13.0827,80.2707,16.0
AWS-CHE-01,Chennai Meenambakkam,2000-07-14 21:00:00,28.6,1004.7,64.0,13.0827,80.2707,16.0
AWS-CHE-01,Chennai Meenambakkam,2000-07-15 00:00:00,28.4,1005.2,59.0,13.0827,80.2707,16.0
AWS-CHE-01,Chennai Meenambakkam,2000-07-15 03:00:00,30.8,1006.5,54.0,13.0827,80.2707,16.0
AWS-CHE-01,Chennai Meenambakkam,2000-07-15 06:00:00,34.4,1004.8,43.0,13.0827,80.2707,16.0
AWS-CHE-01,Chennai Meenambakkam,2000-07-15 09:00:00,36.8,1002.3,36.0,13.0827,80.2707,16.0
AWS-CHE-01,Chennai Meenambakkam,2000-07-15 12:00:00,29.6,1002.6,77.0,13.0827,80.2707,16.0
AWS-CHE-01,Chennai Meenambakkam,2000-07-15 15:00:00,29.2,1004.0,82.0,13.0827,80.2707,16.0
AWS-CHE-01,Chennai Meenambakkam,2000-07-15 18:00:00,28.8,1004.4,83.0,13.0827,80.2707,16.0
AWS-CHE-01,Chennai Meenambakkam,2000-07-16 00:00:00,27.8,1003.7,62.0,13.0827,80.2707,16.0
AWS-CHE-01,Chennai Meenambakkam,2000-07-16 03:00:00,30.0,1005.7,55.0,13.0827,80.2707,16.0
AWS-CHE-01,Chennai Meenambakkam,2000-07-16 06:00:00,34.0,1004.4,46.0,13.0827,80.2707,16.0
AWS-CHE-01,Chennai Meenambakkam,2000-07-16 09:00:00,36.4,1002.2,37.0,13.0827,80.2707,16.0
AWS-CHE-01,Chennai Meenambakkam,2000-07-16 12:00:00,30.8,1002.0,67.0,13.0827,80.2707,16.0
AWS-CHE-01,Chennai Meenambakkam,2000-07-16 15:00:00,28.4,1004.0,88.0,13.0827,80.2707,16.0
AWS-CHE-01,Chennai Meenambakkam,2000-07-16 18:00:00,28.4,1005.4,90.0,13.0827,80.2707,16.0
AWS-CHE-01,Chennai Meenambakkam,2000-07-16 21:00:00,28.2,1003.9,94.0,13.0827,80.2707,16.0
AWS-CHE-01,Chennai Meenambakkam,2000-07-17 00:00:00,28.4,1004.4,60.0,13.0827,80.2707,16.0
AWS-CHE-01,Chennai Meenambakkam,2000-07-17 03:00:00,30.0,1005.6,56.0,13.0827,80.2707,16.0
AWS-CHE-01,Chennai Meenambakkam,2000-07-17 06:00:00,33.4,1004.7,49.0,13.0827,80.2707,16.0
AWS-CHE-01,Chennai Meenambakkam,2000-07-17 09:00:00,35.4,1002.3,38.0,13.0827,80.2707,16.0
AWS-CHE-01,Chennai Meenambakkam,2000-07-17 12:00:00,32.0,1002.1,62.0,13.0827,80.2707,16.0
AWS-CHE-01,Chennai Meenambakkam,2000-07-17 15:00:00,28.2,1004.6,85.0,13.0827,80.2707,16.0
AWS-CHE-01,Chennai Meenambakkam,2000-07-17 18:00:00,27.0,1005.1,90.0,13.0827,80.2707,16.0
AWS-CHE-01,Chennai Meenambakkam,2000-07-17 21:00:00,26.6,1005.0,92.0,13.0827,80.2707,16.0
AWS-CHE-01,Chennai Meenambakkam,2000-07-18 00:00:00,26.6,1004.1,72.0,13.0827,80.2707,16.0
AWS-CHE-01,Chennai Meenambakkam,2000-07-18 03:00:00,29.0,1005.5,63.0,13.0827,80.2707,16.0
AWS-CHE-01,Chennai Meenambakkam,2000-07-18 06:00:00,32.0,1003.83,55.0,13.0827,80.2707,16.0
AWS-CHE-01,Chennai Meenambakkam,2000-07-18 08:00:00,35.0,1002.17,47.0,13.0827,80.2707,16.0
AWS-CHE-01,Chennai Meenambakkam,2000-07-18 12:00:00,34.8,1000.5,39.0,13.0827,80.2707,16.0
AWS-CHE-01,Chennai Meenambakkam,2000-07-18 15:00:00,31.0,1002.8,68.0,13.0827,80.2707,16.0
AWS-CHE-01,Chennai Meenambakkam,2000-07-18 18:00:00,29.4,1004.1,72.0,13.0827,80.2707,16.0
AWS-CHE-01,Chennai Meenambakkam,2000-07-18 21:00:00,29.0,1003.3,57.0,13.0827,80.2707,16.0
AWS-CHE-01,Chennai Meenambakkam,2000-07-19 00:00:00,28.8,1003.5,56.0,13.0827,80.2707,16.0
AWS-CHE-01,Chennai Meenambakkam,2000-07-19 03:00:00,30.4,1004.6,49.0,13.0827,80.2707,16.0
AWS-CHE-01,Chennai Meenambakkam,2000-07-19 06:00:00,34.6,1004.0,41.0,13.0827,80.2707,16.0
AWS-CHE-01,Chennai Meenambakkam,2000-07-19 09:00:00,36.8,1001.7,35.0,13.0827,80.2707,16.0
AWS-CHE-01,Chennai Meenambakkam,2000-07-19 12:00:00,36.4,1001.0,38.0,13.0827,80.2707,16.0
AWS-CHE-01,Chennai Meenambakkam,2000-07-19 15:00:00,29.2,1003.5,80.0,13.0827,80.2707,16.0
AWS-CHE-01,Chennai Meenambakkam,2000-07-19 21:00:00,27.8,1003.4,89.0,13.0827,80.2707,16.0
AWS-CHE-01,Chennai Meenambakkam,2000-07-20 00:00:00,26.2,1004.1,89.0,13.0827,80.2707,16.0
AWS-CHE-01,Chennai Meenambakkam,2000-07-20 03:00:00,30.2,1005.5,56.0,13.0827,80.2707,16.0
AWS-CHE-01,Chennai Meenambakkam,2000-07-20 06:00:00,34.2,1005.3,45.0,13.0827,80.2707,16.0
AWS-CHE-01,Chennai Meenambakkam,2000-07-20 09:00:00,32.6,1003.0,55.0,13.0827,80.2707,16.0
AWS-CHE-01,Chennai Meenambakkam,2000-07-20 12:00:00,29.0,1003.5,74.0,13.0827,80.2707,16.0
AWS-CHE-01,Chennai Meenambakkam,2000-07-20 15:00:00,27.0,1007.0,87.0,13.0827,80.2707,16.0
AWS-CHE-01,Chennai Meenambakkam,2000-07-20 18:00:00,25.2,1007.2,91.0,13.0827,80.2707,16.0
AWS-CHE-01,Chennai Meenambakkam,2000-07-20 21:00:00,24.2,1005.6,91.0,13.0827,80.2707,16.0
AWS-CHE-01,Chennai Meenambakkam,2000-07-21 00:00:00,24.8,1006.5,96.0,13.0827,80.2707,16.0
AWS-CHE-01,Chennai Meenambakkam,2000-07-21 03:00:00,28.4,1008.1,86.0,13.0827,80.2707,16.0
AWS-CHE-01,Chennai Meenambakkam,2000-07-21 06:00:00,32.8,1007.1,60.0,13.0827,80.2707,16.0
AWS-CHE-01,Chennai Meenambakkam,2000-07-21 09:00:00,35.0,1004.4,48.0,13.0827,80.2707,16.0
AWS-CHE-01,Chennai Meenambakkam,2000-07-21 12:00:00,31.4,1004.1,66.0,13.0827,80.2707,16.0
AWS-CHE-01,Chennai Meenambakkam,2000-07-21 15:00:00,29.0,1006.5,78.0,13.0827,80.2707,16.0
AWS-CHE-01,Chennai Meenambakkam,2000-07-21 18:00:00,28.2,1006.9,83.0,13.0827,80.2707,16.0
AWS-CHE-01,Chennai Meenambakkam,2000-07-22 00:00:00,27.6,1007.2,90.0,13.0827,80.2707,16.0
AWS-CHE-01,Chennai Meenambakkam,2000-07-22 03:00:00,27.6,1009.3,80.0,13.0827,80.2707,16.0
AWS-CHE-01,Chennai Meenambakkam,2000-07-22 06:00:00,30.6,1009.0,67.0,13.0827,80.2707,16.0
AWS-CHE-01,Chennai Meenambakkam,2000-07-22 09:00:00,32.0,1006.4,55.0,13.0827,80.2707,16.0
AWS-CHE-01,Chennai Meenambakkam,2000-07-22 12:00:00,29.8,1005.6,69.0,13.0827,80.2707,16.0
AWS-CHE-01,Chennai Meenambakkam,2000-07-22 15:00:00,28.6,1007.8,79.0,13.0827,80.2707,16.0
AWS-CHE-01,Chennai Meenambakkam,2000-07-22 18:00:00,27.0,1008.5,78.0,13.0827,80.2707,16.0
AWS-CHE-01,Chennai Meenambakkam,2000-07-22 21:00:00,25.6,1006.2,78.0,13.0827,80.2707,16.0
AWS-CHE-01,Chennai Meenambakkam,2000-07-23 00:00:00,26.6,1006.9,76.0,13.0827,80.2707,16.0
AWS-CHE-01,Chennai Meenambakkam,2000-07-23 03:00:00,30.0,1008.1,65.0,13.0827,80.2707,16.0
AWS-CHE-01,Chennai Meenambakkam,2000-07-23 06:00:00,31.6,1007.2,56.0,13.0827,80.2707,16.0
AWS-CHE-01,Chennai Meenambakkam,2000-07-23 09:00:00,35.2,1004.0,47.0,13.0827,80.2707,16.0
AWS-CHE-01,Chennai Meenambakkam,2000-07-23 12:00:00,31.4,1003.7,63.0,13.0827,80.2707,16.0
AWS-CHE-01,Chennai Meenambakkam,2000-07-23 15:00:00,29.0,1005.9,79.0,13.0827,80.2707,16.0
AWS-CHE-01,Chennai Meenambakkam,2000-07-23 18:00:00,27.2,1006.7,70.0,13.0827,80.2707,16.0
AWS-CHE-01,Chennai Meenambakkam,2000-07-23 21:00:00,26.6,1005.7,72.0,13.0827,80.2707,16.0
AWS-CHE-01,Chennai Meenambakkam,2000-07-24 00:00:00,25.8,1005.6,82.0,13.0827,80.2707,16.0
AWS-CHE-01,Chennai Meenambakkam,2000-07-24 03:00:00,29.2,1007.3,72.0,13.0827,80.2707,16.0
AWS-CHE-01,Chennai Meenambakkam,2000-07-24 06:00:00,34.2,1005.7,48.0,13.0827,80.2707,16.0
AWS-CHE-01,Chennai Meenambakkam,2000-07-24 12:00:00,31.6,1003.8,64.0,13.0827,80.2707,16.0
AWS-CHE-01,Chennai Meenambakkam,2000-07-24 15:00:00,29.3,1005.7,82.0,13.0827,80.2707,16.0
AWS-CHE-01,Chennai Meenambakkam,2000-07-24 18:00:00,29.2,1006.9,83.0,13.0827,80.2707,16.0
AWS-CHE-01,Chennai Meenambakkam,2000-07-24 21:00:00,22.8,1005.7,96.0,13.0827,80.2707,16.0
AWS-CHE-01,Chennai Meenambakkam,2000-07-25 00:00:00,24.0,1006.5,91.0,13.0827,80.2707,16.0
AWS-CHE-01,Chennai Meenambakkam,2000-07-25 03:00:00,26.2,1008.2,87.0,13.0827,80.2707,16.0
AWS-CHE-01,Chennai Meenambakkam,2000-07-25 09:00:00,27.8,1006.1,81.0,13.0827,80.2707,16.0
AWS-CHE-01,Chennai Meenambakkam,2000-07-25 12:00:00,28.4,1004.6,69.0,13.0827,80.2707,16.0
AWS-CHE-01,Chennai Meenambakkam,2000-07-25 15:00:00,26.0,1006.4,79.0,13.0827,80.2707,16.0
AWS-CHE-01,Chennai Meenambakkam,2000-07-25 18:00:00,26.6,1007.2,83.0,13.0827,80.2707,16.0
AWS-CHE-01,Chennai Meenambakkam,2000-07-25 21:00:00,26.0,1005.7,84.0,13.0827,80.2707,16.0
AWS-CHE-01,Chennai Meenambakkam,2000-07-26 00:00:00,26.2,1006.5,83.0,13.0827,80.2707,16.0
AWS-CHE-01,Chennai Meenambakkam,2000-07-26 03:00:00,28.2,1007.7,76.0,13.0827,80.2707,16.0
AWS-CHE-01,Chennai Meenambakkam,2000-07-26 06:00:00,32.6,1006.8,50.0,13.0827,80.2707,16.0
AWS-CHE-01,Chennai Meenambakkam,2000-07-26 09:00:00,34.8,1004.4,42.0,13.0827,80.2707,16.0
AWS-CHE-01,Chennai Meenambakkam,2000-07-26 12:00:00,33.2,1003.8,51.0,13.0827,80.2707,16.0
AWS-CHE-01,Chennai Meenambakkam,2000-07-26 15:00:00,28.6,1005.4,82.0,13.0827,80.2707,16.0
AWS-CHE-01,Chennai Meenambakkam,2000-07-26 18:00:00,28.0,1006.3,85.0,13.0827,80.2707,16.0
AWS-CHE-01,Chennai Meenambakkam,2000-07-26 21:00:00,28.0,1004.6,86.0,13.0827,80.2707,16.0
AWS-CHE-01,Chennai Meenambakkam,2000-07-27 00:00:00,27.1,1004.9,84.0,13.0827,80.2707,16.0
AWS-CHE-01,Chennai Meenambakkam,2000-07-27 03:00:00,29.6,1006.0,74.0,13.0827,80.2707,16.0
AWS-CHE-01,Chennai Meenambakkam,2000-07-27 04:00:00,31.0,1004.25,62.0,13.0827,80.2707,16.0
AWS-CHE-01,Chennai Meenambakkam,2000-07-27 09:00:00,35.0,1002.5,42.0,13.0827,80.2707,16.0
AWS-CHE-01,Chennai Meenambakkam,2000-07-27 12:00:00,32.0,1002.0,64.0,13.0827,80.2707,16.0
AWS-CHE-01,Chennai Meenambakkam,2000-07-27 15:00:00,29.2,1003.6,79.0,13.0827,80.2707,16.0
AWS-CHE-01,Chennai Meenambakkam,2000-07-27 18:00:00,28.8,1004.5,82.0,13.0827,80.2707,16.0
AWS-CHE-01,Chennai Meenambakkam,2000-07-27 21:00:00,27.8,1003.2,84.0,13.0827,80.2707,16.0
AWS-CHE-01,Chennai Meenambakkam,2000-07-28 00:00:00,26.6,1003.3,89.0,13.0827,80.2707,16.0
AWS-CHE-01,Chennai Meenambakkam,2000-07-28 03:00:00,30.2,1004.7,69.0,13.0827,80.2707,16.0
AWS-CHE-01,Chennai Meenambakkam,2000-07-28 04:00:00,31.0,1004.65,66.0,13.0827,80.2707,16.0
AWS-CHE-01,Chennai Meenambakkam,2000-07-28 06:00:00,34.4,1004.6,44.0,13.0827,80.2707,16.0
AWS-CHE-01,Chennai Meenambakkam,2000-07-28 09:00:00,34.2,1002.4,53.0,13.0827,80.2707,16.0
AWS-CHE-01,Chennai Meenambakkam,2000-07-28 12:00:00,31.6,1001.8,64.0,13.0827,80.2707,16.0
AWS-CHE-01,Chennai Meenambakkam,2000-07-28 15:00:00,29.2,1004.5,82.0,13.0827,80.2707,16.0
AWS-CHE-01,Chennai Meenambakkam,2000-07-28 18:00:00,29.0,1004.9,82.0,13.0827,80.2707,16.0
AWS-CHE-01,Chennai Meenambakkam,2000-07-28 21:00:00,24.8,1006.0,96.0,13.0827,80.2707,16.0
AWS-CHE-01,Chennai Meenambakkam,2000-07-29 00:00:00,23.4,1004.7,96.0,13.0827,80.2707,16.0
AWS-CHE-01,Chennai Meenambakkam,2000-07-29 03:00:00,28.0,1006.0,82.0,13.0827,80.2707,16.0
AWS-CHE-01,Chennai Meenambakkam,2000-07-29 06:00:00,32.8,1005.2,63.0,13.0827,80.2707,16.0
AWS-CHE-01,Chennai Meenambakkam,2000-07-29 09:00:00,30.8,1003.6,66.0,13.0827,80.2707,16.0
AWS-CHE-01,Chennai Meenambakkam,2000-07-29 12:00:00,30.8,1003.2,74.0,13.0827,80.2707,16.0
AWS-CHE-01,Chennai Meenambakkam,2000-07-29 15:00:00,28.6,1004.5,85.0,13.0827,80.2707,16.0
AWS-CHE-01,Chennai Meenambakkam,2000-07-29 18:00:00,28.4,1006.3,89.0,13.0827,80.2707,16.0
AWS-CHE-01,Chennai Meenambakkam,2000-07-29 21:00:00,28.4,1005.3,82.0,13.0827,80.2707,16.0
AWS-CHE-01,Chennai Meenambakkam,2000-07-30 00:00:00,25.2,1005.6,88.0,13.0827,80.2707,16.0
AWS-CHE-01,Chennai Meenambakkam,2000-07-30 03:00:00,28.2,1007.3,73.0,13.0827,80.2707,16.0
AWS-CHE-01,Chennai Meenambakkam,2000-07-30 06:00:00,32.6,1006.5,64.0,13.0827,80.2707,16.0
AWS-CHE-01,Chennai Meenambakkam,2000-07-30 09:00:00,32.6,1004.6,61.0,13.0827,80.2707,16.0
AWS-CHE-01,Chennai Meenambakkam,2000-07-30 12:00:00,29.4,1003.8,78.0,13.0827,80.2707,16.0
AWS-CHE-01,Chennai Meenambakkam,2000-07-30 15:00:00,28.4,1006.4,85.0,13.0827,80.2707,16.0
AWS-CHE-01,Chennai Meenambakkam,2000-07-30 18:00:00,27.6,1006.7,90.0,13.0827,80.2707,16.0
AWS-CHE-01,Chennai Meenambakkam,2000-07-30 21:00:00,27.2,1005.5,90.0,13.0827,80.2707,16.0
AWS-CHE-01,Chennai Meenambakkam,2000-07-31 00:00:00,26.2,1005.7,84.0,13.0827,80.2707,16.0
AWS-CHE-01,Chennai Meenambakkam,2000-07-31 03:00:00,30.0,1006.8,72.0,13.0827,80.2707,16.0
AWS-CHE-01,Chennai Meenambakkam,2000-07-31 06:00:00,33.6,1006.3,58.0,13.0827,80.2707,16.0
AWS-CHE-01,Chennai Meenambakkam,2000-07-31 09:00:00,33.4,1004.0,61.0,13.0827,80.2707,16.0
AWS-CHE-01,Chennai Meenambakkam,2000-07-31 12:00:00,31.2,1003.0,66.0,13.0827,80.2707,16.0
AWS-CHE-01,Chennai Meenambakkam,2000-07-31 15:00:00,29.2,1005.9,82.0,13.0827,80.2707,16.0
AWS-CHE-01,Chennai Meenambakkam,2000-07-31 18:00:00,28.4,1006.3,86.0,13.0827,80.2707,16.0
AWS-CHE-01,Chennai Meenambakkam,2000-07-31 21:00:00,28.0,1004.7,89.0,13.0827,80.2707,16.0
AWS-CHE-01,Chennai Meenambakkam,2000-08-01 00:00:00,27.0,1005.1,89.0,13.0827,80.2707,16.0
AWS-CHE-01,Chennai Meenambakkam,2000-08-01 03:00:00,30.0,1006.0,73.0,13.0827,80.2707,16.0
AWS-CHE-01,Chennai Meenambakkam,2000-08-01 06:00:00,33.8,1005.1,54.0,13.0827,80.2707,16.0
AWS-CHE-01,Chennai Meenambakkam,2000-08-01 09:00:00,32.8,1003.3,61.0,13.0827,80.2707,16.0
AWS-CHE-01,Chennai Meenambakkam,2000-08-01 12:00:00,31.0,1002.7,69.0,13.0827,80.2707,16.0
AWS-CHE-01,Chennai Meenambakkam,2000-08-01 15:00:00,29.0,1005.3,79.0,13.0827,80.2707,16.0
AWS-CHE-01,Chennai Meenambakkam,2000-08-01 18:00:00,27.4,1007.2,74.0,13.0827,80.2707,16.0
AWS-CHE-01,Chennai Meenambakkam,2000-08-01 21:00:00,26.2,1005.2,81.0,13.0827,80.2707,16.0
AWS-CHE-01,Chennai Meenambakkam,2000-08-02 00:00:00,26.0,1005.6,84.0,13.0827,80.2707,16.0
AWS-CHE-01,Chennai Meenambakkam,2000-08-02 03:00:00,29.6,1006.9,70.0,13.0827,80.2707,16.0
AWS-CHE-01,Chennai Meenambakkam,2000-08-02 06:00:00,33.6,1007.3,55.0,13.0827,80.2707,16.0
AWS-CHE-01,Chennai Meenambakkam,2000-08-02 09:00:00,32.8,1004.1,64.0,13.0827,80.2707,16.0
AWS-CHE-01,Chennai Meenambakkam,2000-08-02 12:00:00,30.4,1003.6,73.0,13.0827,80.2707,16.0
AWS-CHE-01,Chennai Meenambakkam,2000-08-02 15:00:00,28.2,1006.1,85.0,13.0827,80.2707,16.0
AWS-CHE-01,Chennai Meenambakkam,2000-08-02 18:00:00,28.0,1006.8,85.0,13.0827,80.2707,16.0
AWS-CHE-01,Chennai Meenambakkam,2000-08-02 21:00:00,26.8,1005.5,78.0,13.0827,80.2707,16.0
AWS-CHE-01,Chennai Meenambakkam,2000-08-03 00:00:00,25.4,1005.6,90.0,13.0827,80.2707,16.0
AWS-CHE-01,Chennai Meenambakkam,2000-08-03 03:00:00,28.6,1007.2,75.0,13.0827,80.2707,16.0
AWS-CHE-01,Chennai Meenambakkam,2000-08-03 06:00:00,33.8,1006.3,58.0,13.0827,80.2707,16.0
AWS-CHE-01,Chennai Meenambakkam,2000-08-03 09:00:00,32.8,1004.95,64.0,13.0827,80.2707,16.0
AWS-CHE-01,Chennai Meenambakkam,2000-08-03 12:00:00,30.6,1003.6,72.0,13.0827,80.2707,16.0
AWS-CHE-01,Chennai Meenambakkam,2000-08-03 15:00:00,28.8,1005.8,80.0,13.0827,80.2707,16.0
AWS-CHE-01,Chennai Meenambakkam,2000-08-03 18:00:00,28.0,1006.6,83.0,13.0827,80.2707,16.0
AWS-CHE-01,Chennai Meenambakkam,2000-08-03 21:00:00,26.6,1005.2,90.0,13.0827,80.2707,16.0
AWS-CHE-01,Chennai Meenambakkam,2000-08-04 03:00:00,29.6,1007.2,76.0,13.0827,80.2707,16.0
AWS-CHE-01,Chennai Meenambakkam,2000-08-04 06:00:00,33.0,1006.7,58.0,13.0827,80.2707,16.0
AWS-CHE-01,Chennai Meenambakkam,2000-08-04 09:00:00,33.0,1004.9,58.0,13.0827,80.2707,16.0
AWS-CHE-01,Chennai Meenambakkam,2000-08-04 12:00:00,30.8,1003.9,64.0,13.0827,80.2707,16.0
AWS-CHE-01,Chennai Meenambakkam,2000-08-04 18:00:00,28.4,1007.3,82.0,13.0827,80.2707,16.0
AWS-CHE-01,Chennai Meenambakkam,2000-08-04 21:00:00,27.4,1005.0,89.0,13.0827,80.2707,16.0
AWS-CHE-01,Chennai Meenambakkam,2000-08-05 00:00:00,27.2,1005.8,89.0,13.0827,80.2707,16.0
AWS-CHE-01,Chennai Meenambakkam,2000-08-05 03:00:00,29.8,1006.4,70.0,13.0827,80.2707,16.0
AWS-CHE-01,Chennai Meenambakkam,2000-08-05 06:00:00,32.4,1006.5,61.0,13.0827,80.2707,16.0
AWS-CHE-01,Chennai Meenambakkam,2000-08-05 09:00:00,33.0,1003.9,61.0,13.0827,80.2707,16.0
AWS-CHE-01,Chennai Meenambakkam,2000-08-05 12:00:00,31.6,1003.5,62.0,13.0827,80.2707,16.0
AWS-CHE-01,Chennai Meenambakkam,2000-08-05 15:00:00,29.0,1005.6,78.0,13.0827,80.2707,16.0
AWS-CHE-01,Chennai Meenambakkam,2000-08-05 18:00:00,28.0,1006.4,85.0,13.0827,80.2707,16.0
AWS-CHE-01,Chennai Meenambakkam,2000-08-06 00:00:00,26.4,1004.7,89.0,13.0827,80.2707,16.0
AWS-CHE-01,Chennai Meenambakkam,2000-08-06 03:00:00,29.4,1005.7,75.0,13.0827,80.2707,16.0
AWS-CHE-01,Chennai Meenambakkam,2000-08-06 06:00:00,32.8,1004.7,62.0,13.0827,80.2707,16.0
AWS-CHE-01,Chennai Meenambakkam,2000-08-06 09:00:00,32.4,1002.4,68.0,13.0827,80.2707,16.0
AWS-CHE-01,Chennai Meenambakkam,2000-08-06 12:00:00,28.0,1002.4,78.0,13.0827,80.2707,16.0
AWS-CHE-01,Chennai Meenambakkam,2000-08-06 15:00:00,28.8,1004.8,82.0,13.0827,80.2707,16.0
AWS-CHE-01,Chennai Meenambakkam,2000-08-06 18:00:00,28.8,1006.1,80.0,13.0827,80.2707,16.0
AWS-CHE-01,Chennai Meenambakkam,2000-08-06 21:00:00,23.8,1006.2,93.0,13.0827,80.2707,16.0
AWS-CHE-01,Chennai Meenambakkam,2000-08-07 00:00:00,24.2,1005.2,95.0,13.0827,80.2707,16.0
AWS-CHE-01,Chennai Meenambakkam,2000-08-07 06:00:00,29.6,1005.4,72.0,13.0827,80.2707,16.0
AWS-CHE-01,Chennai Meenambakkam,2000-08-07 09:00:00,32.6,1003.2,62.0,13.0827,80.2707,16.0
AWS-CHE-01,Chennai Meenambakkam,2000-08-07 12:00:00,29.6,1003.0,67.0,13.0827,80.2707,16.0
AWS-CHE-01,Chennai Meenambakkam,2000-08-07 15:00:00,24.2,1004.5,93.0,13.0827,80.2707,16.0
AWS-CHE-01,Chennai Meenambakkam,2000-08-07 18:00:00,25.0,1007.2,96.0,13.0827,80.2707,16.0
AWS-CHE-01,Chennai Meenambakkam,2000-08-07 21:00:00,25.0,1005.7,96.0,13.0827,80.2707,16.0
AWS-CHE-01,Chennai Meenambakkam,2000-08-08 00:00:00,25.4,1006.2,95.0,13.0827,80.2707,16.0
AWS-CHE-01,Chennai Meenambakkam,2000-08-08 03:00:00,27.0,1006.4,89.0,13.0827,80.2707,16.0
AWS-CHE-01,Chennai Meenambakkam,2000-08-08 06:00:00,30.8,1006.2,64.0,13.0827,80.2707,16.0
AWS-CHE-01,Chennai Meenambakkam,2000-08-08 09:00:00,33.4,1003.8,55.0,13.0827,80.2707,16.0
AWS-CHE-01,Chennai Meenambakkam,2000-08-08 12:00:00,31.8,1002.7,59.0,13.0827,80.2707,16.0
AWS-CHE-01,Chennai Meenambakkam,2000-08-08 15:00:00,28.0,1005.1,73.0,13.0827,80.2707,16.0
AWS-CHE-01,Chennai Meenambakkam,2000-08-08 18:00:00,27.8,1005.5,74.0,13.0827,80.2707,16.0
AWS-CHE-01,Chennai Meenambakkam,2000-08-08 21:00:00,27.4,1003.2,76.0,13.0827,80.2707,16.0
AWS-CHE-01,Chennai Meenambakkam,2000-08-09 00:00:00,27.0,1002.9,77.0,13.0827,80.2707,16.0
AWS-CHE-01,Chennai Meenambakkam,2000-08-09 03:00:00,29.0,1004.2,64.0,13.0827,80.2707,16.0
AWS-CHE-01,Chennai Meenambakkam,2000-08-09 06:00:00,29.8,1003.6,61.5,13.0827,80.2707,16.0
AWS-CHE-01,Chennai Meenambakkam,2000-08-09 09:00:00,30.6,1001.9,59.0,13.0827,80.2707,16.0
AWS-CHE-01,Chennai Meenambakkam,2000-08-09 12:00:00,29.6,1001.1,63.0,13.0827,80.2707,16.0
AWS-CHE-01,Chennai Meenambakkam,2000-08-09 15:00:00,25.0,1004.4,93.0,13.0827,80.2707,16.0
AWS-CHE-01,Chennai Meenambakkam,2000-08-09 18:00:00,24.2,1003.4,92.0,13.0827,80.2707,16.0
AWS-CHE-01,Chennai Meenambakkam,2000-08-09 21:00:00,24.4,1002.4,91.0,13.0827,80.2707,16.0
AWS-CHE-01,Chennai Meenambakkam,2000-08-10 00:00:00,24.0,1002.7,90.0,13.0827,80.2707,16.0
AWS-CHE-01,Chennai Meenambakkam,2000-08-10 03:00:00,26.4,1003.9,80.0,13.0827,80.2707,16.0
AWS-CHE-01,Chennai Meenambakkam,2000-08-10 06:00:00,30.4,1003.1,58.0,13.0827,80.2707,16.0
AWS-CHE-01,Chennai Meenambakkam,2000-08-10 09:00:00,30.0,1000.8,62.0,13.0827,80.2707,16.0
AWS-CHE-01,Chennai Meenambakkam,2000-08-10 12:00:00,30.8,1000.8,60.0,13.0827,80.2707,16.0
AWS-CHE-01,Chennai Meenambakkam,2000-08-10 18:00:00,28.6,1004.0,59.0,13.0827,80.2707,16.0
AWS-CHE-01,Chennai Meenambakkam,2000-08-10 21:00:00,27.4,1002.7,63.0,13.0827,80.2707,16.0
AWS-CHE-01,Chennai Meenambakkam,2000-08-11 00:00:00,26.2,1003.8,74.0,13.0827,80.2707,16.0
AWS-CHE-01,Chennai Meenambakkam,2000-08-11 03:00:00,27.8,1004.6,69.0,13.0827,80.2707,16.0
AWS-CHE-01,Chennai Meenambakkam,2000-08-11 06:00:00,32.6,1004.1,46.0,13.0827,80.2707,16.0
AWS-CHE-01,Chennai Meenambakkam,2000-08-11 09:00:00,33.6,1002.1,45.0,13.0827,80.2707,16.0
AWS-CHE-01,Chennai Meenambakkam,2000-08-11 12:00:00,29.4,1002.4,70.0,13.0827,80.2707,16.0
AWS-CHE-01,Chennai Meenambakkam,2000-08-11 15:00:00,28.6,1004.5,79.0,13.0827,80.2707,16.0
AWS-CHE-01,Chennai Meenambakkam,2000-08-11 18:00:00,28.4,1005.3,86.0,13.0827,80.2707,16.0
AWS-CHE-01,Chennai Meenambakkam,2000-08-11 21:00:00,27.4,1004.2,87.0,13.0827,80.2707,16.0
AWS-CHE-01,Chennai Meenambakkam,2000-08-12 00:00:00,26.2,1005.6,79.0,13.0827,80.2707,16.0
AWS-CHE-01,Chennai Meenambakkam,2000-08-12 03:00:00,29.8,1007.4,60.0,13.0827,80.2707,16.0
AWS-CHE-01,Chennai Meenambakkam,2000-08-12 06:00:00,31.4,1007.0,54.0,13.0827,80.2707,16.0
AWS-CHE-01,Chennai Meenambakkam,2000-08-12 09:00:00,33.4,1005.4,50.0,13.0827,80.2707,16.0
AWS-CHE-01,Chennai Meenambakkam,2000-08-12 12:00:00,32.8,1006.6,53.0,13.0827,80.2707,16.0
AWS-CHE-01,Chennai Meenambakkam,2000-08-12 18:00:00,27.8,1007.8,83.0,13.0827,80.2707,16.0
AWS-CHE-01,Chennai Meenambakkam,2000-08-12 21:00:00,27.0,1007.5,89.0,13.0827,80.2707,16.0
AWS-CHE-01,Chennai Meenambakkam,2000-08-13 00:00:00,26.6,1008.4,90.0,13.0827,80.2707,16.0
AWS-CHE-01,Chennai Meenambakkam,2000-08-13 03:00:00,30.4,1009.7,73.0,13.0827,80.2707,16.0
AWS-CHE-01,Chennai Meenambakkam,2000-08-13 06:00:00,33.0,1009.4,58.0,13.0827,80.2707,16.0
AWS-CHE-01,Chennai Meenambakkam,2000-08-13 09:00:00,33.0,1006.8,62.0,13.0827,80.2707,16.0
AWS-CHE-01,Chennai Meenambakkam,2000-08-13 12:00:00,31.0,1006.1,64.0,13.0827,80.2707,16.0
AWS-CHE-01,Chennai Meenambakkam,2000-08-13 15:00:00,29.0,1009.0,79.0,13.0827,80.2707,16.0
AWS-CHE-01,Chennai Meenambakkam,2000-08-13 18:00:00,28.6,1009.6,85.0,13.0827,80.2707,16.0
AWS-CHE-01,Chennai Meenambakkam,2000-08-13 21:00:00,28.2,1008.6,85.0,13.0827,80.2707,16.0
AWS-CHE-01,Chennai Meenambakkam,2000-08-14 03:00:00,24.6,1011.0,93.0,13.0827,80.2707,16.0
AWS-CHE-01,Chennai Meenambakkam,2000-08-14 06:00:00,29.8,1008.7,72.0,13.0827,80.2707,16.0
AWS-CHE-01,Chennai Meenambakkam,2000-08-14 09:00:00,33.6,1006.5,56.0,13.0827,80.2707,16.0
AWS-CHE-01,Chennai Meenambakkam,2000-08-14 12:00:00,30.8,1005.9,73.0,13.0827,80.2707,16.0
AWS-CHE-01,Chennai Meenambakkam,2000-08-14 15:00:00,28.0,1008.3,85.0,13.0827,80.2707,16.0
AWS-CHE-01,Chennai Meenambakkam,2000-08-14 18:00:00,27.6,1009.1,84.0,13.0827,80.2707,16.0
AWS-CHE-01,Chennai Meenambakkam,2000-08-15 00:00:00,27.0,1007.9,86.0,13.0827,80.2707,16.0
AWS-CHE-01,Chennai Meenambakkam,2000-08-15 03:00:00,25.4,1009.6,90.0,13.0827,80.2707,16.0
AWS-CHE-01,Chennai Meenambakkam,2000-08-15 06:00:00,29.0,1009.6,74.0,13.0827,80.2707,16.0
AWS-CHE-01,Chennai Meenambakkam,2000-08-15 09:00:00,30.6,1006.8,63.0,13.0827,80.2707,16.0
AWS-CHE-01,Chennai Meenambakkam,2000-08-15 12:00:00,30.8,1005.6,67.0,13.0827,80.2707,16.0
AWS-CHE-01,Chennai Meenambakkam,2000-08-15 15:00:00,27.8,1007.9,86.0,13.0827,80.2707,16.0
AWS-CHE-01,Chennai Meenambakkam,2000-08-15 18:00:00,27.4,1008.8,89.0,13.0827,80.2707,16.0
AWS-CHE-01,Chennai Meenambakkam,2000-08-15 21:00:00,25.6,1007.8,91.0,13.0827,80.2707,16.0
AWS-CHE-01,Chennai Meenambakkam,2000-08-16 00:00:00,25.8,1007.3,90.0,13.0827,80.2707,16.0
AWS-CHE-01,Chennai Meenambakkam,2000-08-16 06:00:00,32.8,1008.5,54.0,13.0827,80.2707,16.0
AWS-CHE-01,Chennai Meenambakkam,2000-08-16 09:00:00,34.6,1005.7,48.0,13.0827,80.2707,16.0
AWS-CHE-01,Chennai Meenambakkam,2000-08-16 12:00:00,30.0,1005.1,72.0,13.0827,80.2707,16.0
AWS-CHE-01,Chennai Meenambakkam,2000-08-16 15:00:00,27.4,1007.4,73.0,13.0827,80.2707,16.0
AWS-CHE-01,Chennai Meenambakkam,2000-08-16 18:00:00,26.8,1008.1,80.0,13.0827,80.2707,16.0
AWS-CHE-01,Chennai Meenambakkam,2000-08-16 21:00:00,25.8,1007.2,84.0,13.0827,80.2707,16.0
AWS-CHE-01,Chennai Meenambakkam,2000-08-17 00:00:00,25.0,1006.5,87.0,13.0827,80.2707,16.0
AWS-CHE-01,Chennai Meenambakkam,2000-08-17 03:00:00,29.0,1006.7,71.0,13.0827,80.2707,16.0
AWS-CHE-01,Chennai Meenambakkam,2000-08-17 06:00:00,33.0,1006.8,54.0,13.0827,80.2707,16.0
AWS-CHE-01,Chennai Meenambakkam,2000-08-17 09:00:00,34.2,1003.3,51.0,13.0827,80.2707,16.0
AWS-CHE-01,Chennai Meenambakkam,2000-08-17 12:00:00,28.6,1003.4,78.0,13.0827,80.2707,16.0
AWS-CHE-01,Chennai Meenambakkam,2000-08-17 18:00:00,26.0,1006.4,89.0,13.0827,80.2707,16.0
AWS-CHE-01,Chennai Meenambakkam,2000-08-17 21:00:00,25.6,1004.3,84.0,13.0827,80.2707,16.0
AWS-CHE-01,Chennai Meenambakkam,2000-08-18 00:00:00,26.0,1003.9,79.0,13.0827,80.2707,16.0
AWS-CHE-01,Chennai Meenambakkam,2000-08-18 09:00:00,31.2,1004.2,61.0,13.0827,80.2707,16.0
AWS-CHE-01,Chennai Meenambakkam,2000-08-18 12:00:00,27.4,1004.4,77.0,13.0827,80.2707,16.0
AWS-CHE-01,Chennai Meenambakkam,2000-08-18 18:00:00,25.0,1006.6,90.0,13.0827,80.2707,16.0
AWS-CHE-01,Chennai Meenambakkam,2000-08-18 21:00:00,25.6,1005.7,85.0,13.0827,80.2707,16.0
AWS-CHE-01,Chennai Meenambakkam,2000-08-19 00:00:00,25.0,1005.1,84.0,13.0827,80.2707,16.0
AWS-CHE-01,Chennai Meenambakkam,2000-08-19 03:00:00,28.2,1006.6,69.0,13.0827,80.2707,16.0
AWS-CHE-01,Chennai Meenambakkam,2000-08-19 09:00:00,32.8,1004.3,50.0,13.0827,80.2707,16.0
AWS-CHE-01,Chennai Meenambakkam,2000-08-19 12:00:00,31.4,1003.5,58.0,13.0827,80.2707,16.0
AWS-CHE-01,Chennai Meenambakkam,2000-08-19 15:00:00,29.8,1005.7,63.0,13.0827,80.2707,16.0
AWS-CHE-01,Chennai Meenambakkam,2000-08-19 18:00:00,29.4,1006.2,61.0,13.0827,80.2707,16.0
AWS-CHE-01,Chennai Meenambakkam,2000-08-19 21:00:00,28.6,1004.8,60.0,13.0827,80.2707,16.0
AWS-CHE-01,Chennai Meenambakkam,2000-08-20 00:00:00,27.8,1005.6,62.0,13.0827,80.2707,16.0
AWS-CHE-01,Chennai Meenambakkam,2000-08-20 03:00:00,29.0,1007.4,61.0,13.0827,80.2707,16.0
AWS-CHE-01,Chennai Meenambakkam,2000-08-20 06:00:00,31.8,1006.1,51.0,13.0827,80.2707,16.0
AWS-CHE-01,Chennai Meenambakkam,2000-08-20 09:00:00,33.4,1003.8,48.0,13.0827,80.2707,16.0
AWS-CHE-01,Chennai Meenambakkam,2000-08-20 12:00:00,29.6,1002.7,82.0,13.0827,80.2707,16.0
AWS-CHE-01,Chennai Meenambakkam,2000-08-20 15:00:00,25.0,1005.4,91.0,13.0827,80.2707,16.0
AWS-CHE-01,Chennai Meenambakkam,2000-08-20 18:00:00,25.6,1005.3,85.0,13.0827,80.2707,16.0
AWS-CHE-01,Chennai Meenambakkam,2000-08-21 00:00:00,27.0,1003.6,74.0,13.0827,80.2707,16.0
AWS-CHE-01,Chennai Meenambakkam,2000-08-21 03:00:00,28.0,1005.4,70.0,13.0827,80.2707,16.0
AWS-CHE-01,Chennai Meenambakkam,2000-08-21 06:00:00,29.8,1004.2,66.0,13.0827,80.2707,16.0
AWS-CHE-01,Chennai Meenambakkam,2000-08-21 09:00:00,30.6,1001.7,60.0,13.0827,80.2707,16.0
AWS-CHE-01,Chennai Meenambakkam,2000-08-21 12:00:00,30.0,1001.1,72.0,13.0827,80.2707,16.0
AWS-CHE-01,Chennai Meenambakkam,2000-08-21 15:00:00,27.0,1002.4,92.0,13.0827,80.2707,16.0
AWS-CHE-01,Chennai Meenambakkam,2000-08-21 18:00:00,26.4,1002.5,84.0,13.0827,80.2707,16.0
AWS-CHE-01,Chennai Meenambakkam,2000-08-21 21:00:00,26.6,1001.0,78.0,13.0827,80.2707,16.0
AWS-CHE-01,Chennai Meenambakkam,2000-08-22 00:00:00,25.4,1001.4,84.0,13.0827,80.2707,16.0
AWS-CHE-01,Chennai Meenambakkam,2000-08-22 03:00:00,26.0,1002.9,84.0,13.0827,80.2707,16.0
AWS-CHE-01,Chennai Meenambakkam,2000-08-22 06:00:00,27.0,1002.2,81.0,13.0827,80.2707,16.0
AWS-CHE-01,Chennai Meenambakkam,2000-08-22 12:00:00,27.0,999.7,86.0,13.0827,80.2707,16.0
AWS-CHE-01,Chennai Meenambakkam,2000-08-22 15:00:00,26.0,1001.8,76.0,13.0827,80.2707,16.0
AWS-CHE-01,Chennai Meenambakkam,2000-08-22 18:00:00,24.0,1000.8,91.0,13.0827,80.2707,16.0
AWS-CHE-01,Chennai Meenambakkam,2000-08-23 00:00:00,24.6,1000.2,91.0,13.0827,80.2707,16.0
AWS-CHE-01,Chennai Meenambakkam,2000-08-23 03:00:00,26.4,1001.8,78.0,13.0827,80.2707,16.0
AWS-CHE-01,Chennai Meenambakkam,2000-08-23 06:00:00,31.2,1001.6,58.0,13.0827,80.2707,16.0
AWS-CHE-01,Chennai Meenambakkam,2000-08-23 09:00:00,32.2,999.5,55.0,13.0827,80.2707,16.0
AWS-CHE-01,Chennai Meenambakkam,2000-08-23 12:00:00,31.0,999.2,56.0,13.0827,80.2707,16.0
AWS-CHE-01,Chennai Meenambakkam,2000-08-23 15:00:00,29.0,1001.0,71.0,13.0827,80.2707,16.0
AWS-CHE-01,Chennai Meenambakkam,2000-08-23 18:00:00,28.0,1001.9,70.0,13.0827,80.2707,16.0
AWS-CHE-01,Chennai Meenambakkam,2000-08-23 21:00:00,27.0,1000.6,70.0,13.0827,80.2707,16.0
AWS-CHE-01,Chennai Meenambakkam,2000-08-24 00:00:00,26.4,1000.4,70.0,13.0827,80.2707,16.0
AWS-CHE-01,Chennai Meenambakkam,2000-08-24 03:00:00,29.4,1001.6,62.0,13.0827,80.2707,16.0
AWS-CHE-01,Chennai Meenambakkam,2000-08-24 09:00:00,33.8,1008.2,48.0,13.0827,80.2707,16.0
AWS-CHE-01,Chennai Meenambakkam,2000-08-24 12:00:00,32.0,997.8,55.0,13.0827,80.2707,16.0
AWS-CHE-01,Chennai Meenambakkam,2000-08-24 15:00:00,29.8,1000.2,70.0,13.0827,80.2707,16.0
AWS-CHE-01,Chennai Meenambakkam,2000-08-24 18:00:00,28.8,1001.2,72.0,13.0827,80.2707,16.0
AWS-CHE-01,Chennai Meenambakkam,2000-08-25 00:00:00,27.0,1000.5,72.0,13.0827,80.2707,16.0
AWS-CHE-01,Chennai Meenambakkam,2000-08-25 03:00:00,28.0,1002.7,73.0,13.0827,80.2707,16.0
AWS-CHE-01,Chennai Meenambakkam,2000-08-25 06:00:00,31.8,1002.2,58.0,13.0827,80.2707,16.0
AWS-CHE-01,Chennai Meenambakkam,2000-08-25 09:00:00,33.6,999.7,50.0,13.0827,80.2707,16.0
AWS-CHE-01,Chennai Meenambakkam,2000-08-25 12:00:00,32.6,999.8,57.0,13.0827,80.2707,16.0
AWS-CHE-01,Chennai Meenambakkam,2000-08-25 15:00:00,29.8,1002.2,65.0,13.0827,80.2707,16.0
AWS-CHE-01,Chennai Meenambakkam,2000-08-25 18:00:00,28.2,1003.3,70.0,13.0827,80.2707,16.0
AWS-CHE-01,Chennai Meenambakkam,2000-08-25 21:00:00,27.8,1002.5,73.0,13.0827,80.2707,16.0
AWS-CHE-01,Chennai Meenambakkam,2000-08-26 00:00:00,26.6,1002.1,76.0,13.0827,80.2707,16.0
AWS-CHE-01,Chennai Meenambakkam,2000-08-26 03:00:00,28.0,1005.3,73.0,13.0827,80.2707,16.0
AWS-CHE-01,Chennai Meenambakkam,2000-08-26 06:00:00,32.8,1005.4,52.0,13.0827,80.2707,16.0
AWS-CHE-01,Chennai Meenambakkam,2000-08-26 09:00:00,34.0,1002.8,51.0,13.0827,80.2707,16.0
AWS-CHE-01,Chennai Meenambakkam,2000-08-26 12:00:00,32.2,1002.5,59.0,13.0827,80.2707,16.0
AWS-CHE-01,Chennai Meenambakkam,2000-08-26 15:00:00,30.0,1005.1,72.0,13.0827,80.2707,16.0
AWS-CHE-01,Chennai Meenambakkam,2000-08-26 18:00:00,27.8,1006.3,100.0,13.0827,80.2707,16.0
AWS-CHE-01,Chennai Meenambakkam,2000-08-26 21:00:00,26.6,1004.3,87.0,13.0827,80.2707,16.0
AWS-CHE-01,Chennai Meenambakkam,2000-08-27 00:00:00,28.2,1001.0,86.0,13.0827,80.2707,16.0
AWS-CHE-01,Chennai Meenambakkam,2000-08-27 03:00:00,29.6,1007.1,63.0,13.0827,80.2707,16.0
AWS-CHE-01,Chennai Meenambakkam,2000-08-27 06:00:00,32.8,1006.7,49.0,13.0827,80.2707,16.0
AWS-CHE-01,Chennai Meenambakkam,2000-08-27 09:00:00,35.0,1003.3,44.0,13.0827,80.2707,16.0
AWS-CHE-01,Chennai Meenambakkam,2000-08-27 12:00:00,33.6,1002.7,50.0,13.0827,80.2707,16.0
AWS-CHE-01,Chennai Meenambakkam,2000-08-27 15:00:00,31.6,1005.2,53.0,13.0827,80.2707,16.0
AWS-CHE-01,Chennai Meenambakkam,2000-08-27 18:00:00,29.6,1006.1,64.0,13.0827,80.2707,16.0
AWS-CHE-01,Chennai Meenambakkam,2000-08-27 21:00:00,28.6,1004.7,72.0,13.0827,80.2707,16.0
AWS-CHE-01,Chennai Meenambakkam,2000-08-28 00:00:00,27.4,1005.3,70.0,13.0827,80.2707,16.0
AWS-CHE-01,Chennai Meenambakkam,2000-08-28 03:00:00,30.6,1006.7,58.0,13.0827,80.2707,16.0
AWS-CHE-01,Chennai Meenambakkam,2000-08-28 06:00:00,32.8,1005.7,51.0,13.0827,80.2707,16.0
AWS-CHE-01,Chennai Meenambakkam,2000-08-28 09:00:00,35.0,1003.5,44.0,13.0827,80.2707,16.0
AWS-CHE-01,Chennai Meenambakkam,2000-08-28 12:00:00,33.8,1002.6,46.0,13.0827,80.2707,16.0
AWS-CHE-01,Chennai Meenambakkam,2000-08-28 15:00:00,28.4,1006.0,79.0,13.0827,80.2707,16.0
AWS-CHE-01,Chennai Meenambakkam,2000-08-28 21:00:00,27.2,1005.5,81.0,13.0827,80.2707,16.0
AWS-CHE-01,Chennai Meenambakkam,2000-08-29 00:00:00,27.0,1005.5,74.0,13.0827,80.2707,16.0
AWS-CHE-01,Chennai Meenambakkam,2000-08-29 03:00:00,31.0,1006.9,57.0,13.0827,80.2707,16.0
AWS-CHE-01,Chennai Meenambakkam,2000-08-29 06:00:00,34.2,1006.2,45.0,13.0827,80.2707,16.0
AWS-CHE-01,Chennai Meenambakkam,2000-08-29 09:00:00,34.8,1002.8,43.0,13.0827,80.2707,16.0
AWS-CHE-01,Chennai Meenambakkam,2000-08-29 12:00:00,33.2,1002.6,52.0,13.0827,80.2707,16.0
AWS-CHE-01,Chennai Meenambakkam,2000-08-29 15:00:00,26.4,1005.3,92.0,13.0827,80.2707,16.0
AWS-CHE-01,Chennai Meenambakkam,2000-08-29 18:00:00,26.2,1006.3,87.0,13.0827,80.2707,16.0
AWS-CHE-01,Chennai Meenambakkam,2000-08-29 21:00:00,27.8,1004.8,76.0,13.0827,80.2707,16.0
AWS-CHE-01,Chennai Meenambakkam,2000-08-30 00:00:00,27.0,1005.2,76.0,13.0827,80.2707,16.0
AWS-CHE-01,Chennai Meenambakkam,2000-08-30 03:00:00,29.6,1007.2,64.0,13.0827,80.2707,16.0
AWS-CHE-01,Chennai Meenambakkam,2000-08-30 06:00:00,32.0,1006.8,51.0,13.0827,80.2707,16.0
AWS-CHE-01,Chennai Meenambakkam,2000-08-30 09:00:00,32.8,1004.5,49.0,13.0827,80.2707,16.0
AWS-CHE-01,Chennai Meenambakkam,2000-08-30 12:00:00,31.6,1004.5,56.0,13.0827,80.2707,16.0
AWS-CHE-01,Chennai Meenambakkam,2000-08-30 15:00:00,30.0,1006.0,66.0,13.0827,80.2707,16.0
AWS-CHE-01,Chennai Meenambakkam,2000-08-30 18:00:00,26.0,1007.8,90.0,13.0827,80.2707,16.0
AWS-CHE-01,Chennai Meenambakkam,2000-08-30 21:00:00,25.4,1005.7,90.0,13.0827,80.2707,16.0
AWS-CHE-01,Chennai Meenambakkam,2000-08-31 00:00:00,25.8,1005.8,93.0,13.0827,80.2707,16.0
AWS-CHE-01,Chennai Meenambakkam,2000-08-31 03:00:00,28.0,1007.6,76.0,13.0827,80.2707,16.0
AWS-CHE-01,Chennai Meenambakkam,2000-08-31 06:00:00,32.8,1007.0,49.0,13.0827,80.2707,16.0
AWS-CHE-01,Chennai Meenambakkam,2000-08-31 09:00:00,35.0,1004.6,47.0,13.0827,80.2707,16.0
AWS-CHE-01,Chennai Meenambakkam,2000-08-31 12:00:00,33.0,1004.7,49.0,13.0827,80.2707,16.0
AWS-CHE-01,Chennai Meenambakkam,2000-08-31 15:00:00,29.0,1006.5,75.0,13.0827,80.2707,16.0
AWS-CHE-01,Chennai Meenambakkam,2000-08-31 18:00:00,28.4,1007.0,82.0,13.0827,80.2707,16.0
AWS-CHE-01,Chennai Meenambakkam,2000-08-31 21:00:00,28.0,1005.6,78.0,13.0827,80.2707,16.0
AWS-CHE-01,Chennai Meenambakkam,2000-09-01 00:00:00,27.2,1006.2,83.0,13.0827,80.2707,16.0
AWS-CHE-01,Chennai Meenambakkam,2000-09-01 03:00:00,30.4,1007.6,56.0,13.0827,80.2707,16.0
AWS-CHE-01,Chennai Meenambakkam,2000-09-01 06:00:00,34.4,1006.5,44.0,13.0827,80.2707,16.0
AWS-CHE-01,Chennai Meenambakkam,2000-09-01 09:00:00,36.2,1004.7,40.0,13.0827,80.2707,16.0
AWS-CHE-01,Chennai Meenambakkam,2000-09-01 12:00:00,35.4,1003.4,42.0,13.0827,80.2707,16.0
AWS-CHE-01,Chennai Meenambakkam,2000-09-01 15:00:00,27.2,1006.2,90.0,13.0827,80.2707,16.0
AWS-CHE-01,Chennai Meenambakkam,2000-09-01 18:00:00,27.2,1006.9,92.0,13.0827,80.2707,16.0
AWS-CHE-01,Chennai Meenambakkam,2000-09-01 21:00:00,26.6,1005.1,83.0,13.0827,80.2707,16.0
AWS-CHE-01,Chennai Meenambakkam,2000-09-02 00:00:00,27.0,1005.4,67.0,13.0827,80.2707,16.0
AWS-CHE-01,Chennai Meenambakkam,2000-09-02 03:00:00,30.2,1006.9,52.0,13.0827,80.2707,16.0
AWS-CHE-01,Chennai Meenambakkam,2000-09-02 06:00:00,33.6,1006.1,43.0,13.0827,80.2707,16.0
AWS-CHE-01,Chennai Meenambakkam,2000-09-02 09:00:00,34.8,1002.7,40.0,13.0827,80.2707,16.0
AWS-CHE-01,Chennai Meenambakkam,2000-09-02 12:00:00,34.4,1002.6,45.0,13.0827,80.2707,16.0
AWS-CHE-01,Chennai Meenambakkam,2000-09-02 15:00:00,28.8,1005.4,78.0,13.0827,80.2707,16.0
AWS-CHE-01,Chennai Meenambakkam,2000-09-02 18:00:00,29.4,1006.2,62.0,13.0827,80.2707,16.0
AWS-CHE-01,Chennai Meenambakkam,2000-09-02 21:00:00,27.0,1004.7,72.0,13.0827,80.2707,16.0
AWS-CHE-01,Chennai Meenambakkam,2000-09-03 00:00:00,25.8,1005.0,87.0,13.0827,80.2707,16.0
AWS-CHE-01,Chennai Meenambakkam,2000-09-03 03:00:00,29.0,1006.9,70.0,13.0827,80.2707,16.0
AWS-CHE-01,Chennai Meenambakkam,2000-09-03 06:00:00,33.6,1005.9,48.0,13.0827,80.2707,16.0
AWS-CHE-01,Chennai Meenambakkam,2000-09-03 09:00:00,35.0,1003.2,42.0,13.0827,80.2707,16.0
AWS-CHE-01,Chennai Meenambakkam,2000-09-03 12:00:00,28.2,1004.5,82.0,13.0827,80.2707,16.0
AWS-CHE-01,Chennai Meenambakkam,2000-09-03 15:00:00,27.4,1006.5,84.0,13.0827,80.2707,16.0
AWS-CHE-01,Chennai Meenambakkam,2000-09-03 18:00:00,24.0,1007.6,91.0,13.0827,80.2707,16.0
AWS-CHE-01,Chennai Meenambakkam,2000-09-03 21:00:00,23.6,1006.3,95.0,13.0827,80.2707,16.0
AWS-CHE-01,Chennai Meenambakkam,2000-09-04 00:00:00,25.0,1006.7,95.0,13.0827,80.2707,16.0
AWS-CHE-01,Chennai Meenambakkam,2000-09-04 03:00:00,29.0,1008.2,72.0,13.0827,80.2707,16.0
AWS-CHE-01,Chennai Meenambakkam,2000-09-04 06:00:00,33.0,1007.6,50.0,13.0827,80.2707,16.0
AWS-CHE-01,Chennai Meenambakkam,2000-09-04 09:00:00,34.8,1005.3,44.0,13.0827,80.2707,16.0
AWS-CHE-01,Chennai Meenambakkam,2000-09-04 12:00:00,30.0,1004.8,74.0,13.0827,80.2707,16.0
AWS-CHE-01,Chennai Meenambakkam,2000-09-04 15:00:00,29.0,1007.5,83.0,13.0827,80.2707,16.0
AWS-CHE-01,Chennai Meenambakkam,2000-09-04 18:00:00,26.4,1008.4,83.0,13.0827,80.2707,16.0
AWS-CHE-01,Chennai Meenambakkam,2000-09-04 21:00:00,26.0,1007.3,86.0,13.0827,80.2707,16.0
AWS-CHE-01,Chennai Meenambakkam,2000-09-05 00:00:00,26.0,1007.3,89.0,13.0827,80.2707,16.0
AWS-CHE-01,Chennai Meenambakkam,2000-09-05 03:00:00,29.0,1008.8,78.0,13.0827,80.2707,16.0
AWS-CHE-01,Chennai Meenambakkam,2000-09-05 06:00:00,33.8,1007.1,50.0,13.0827,80.2707,16.0
AWS-CHE-01,Chennai Meenambakkam,2000-09-05 09:00:00,35.8,1004.2,39.0,13.0827,80.2707,16.0
AWS-CHE-01,Chennai Meenambakkam,2000-09-05 12:00:00,30.2,1004.0,76.0,13.0827,80.2707,16.0
AWS-CHE-01,Chennai Meenambakkam,2000-09-05 15:00:00,29.4,1007.1,79.0,13.0827,80.2707,16.0
AWS-CHE-01,Chennai Meenambakkam,2000-09-05 18:00:00,26.8,1007.4,75.0,13.0827,80.2707,16.0
AWS-CHE-01,Chennai Meenambakkam,2000-09-05 21:00:00,26.6,1006.2,83.0,13.0827,80.2707,16.0
AWS-CHE-01,Chennai Meenambakkam,2000-09-06 00:00:00,25.8,1006.4,89.0,13.0827,80.2707,16.0
AWS-CHE-01,Chennai Meenambakkam,2000-09-06 03:00:00,29.0,1007.3,74.0,13.0827,80.2707,16.0
AWS-CHE-01,Chennai Meenambakkam,2000-09-06 06:00:00,33.8,1006.3,52.0,13.0827,80.2707,16.0
AWS-CHE-01,Chennai Meenambakkam,2000-09-06 12:00:00,31.6,1002.9,68.0,13.0827,80.2707,16.0
AWS-CHE-01,Chennai Meenambakkam,2000-09-06 15:00:00,29.0,1006.2,82.0,13.0827,80.2707,16.0
AWS-CHE-01,Chennai Meenambakkam,2000-09-06 18:00:00,28.0,1006.8,73.0,13.0827,80.2707,16.0
AWS-CHE-01,Chennai Meenambakkam,2000-09-06 21:00:00,26.8,1005.5,83.0,13.0827,80.2707,16.0
AWS-CHE-01,Chennai Meenambakkam,2000-09-07 00:00:00,26.4,1006.3,84.0,13.0827,80.2707,16.0
AWS-CHE-01,Chennai Meenambakkam,2000-09-07 03:00:00,27.6,1008.2,78.0,13.0827,80.2707,16.0
AWS-CHE-01,Chennai Meenambakkam,2000-09-07 06:00:00,30.6,1007.3,66.0,13.0827,80.2707,16.0
AWS-CHE-01,Chennai Meenambakkam,2000-09-07 09:00:00,34.2,1004.6,52.0,13.0827,80.2707,16.0
AWS-CHE-01,Chennai Meenambakkam,2000-09-07 12:00:00,32.6,1004.8,67.0,13.0827,80.2707,16.0
AWS-CHE-01,Chennai Meenambakkam,2000-09-07 15:00:00,28.8,1006.9,79.0,13.0827,80.2707,16.0
AWS-CHE-01,Chennai Meenambakkam,2000-09-07 18:00:00,28.0,1008.3,86.0,13.0827,80.2707,16.0
AWS-CHE-01,Chennai Meenambakkam,2000-09-07 21:00:00,27.6,1007.5,89.0,13.0827,80.2707,16.0
AWS-CHE-01,Chennai Meenambakkam,2000-09-08 03:00:00,29.2,1009.6,71.0,13.0827,80.2707,16.0
AWS-CHE-01,Chennai Meenambakkam,2000-09-08 06:00:00,33.0,1008.2,54.0,13.0827,80.2707,16.0
AWS-CHE-01,Chennai Meenambakkam,2000-09-08 09:00:00,33.0,1005.4,63.0,13.0827,80.2707,16.0
AWS-CHE-01,Chennai Meenambakkam,2000-09-08 12:00:00,30.6,1005.8,72.0,13.0827,80.2707,16.0
AWS-CHE-01,Chennai Meenambakkam,2000-09-08 15:00:00,29.0,1008.1,85.0,13.0827,80.2707,16.0
AWS-CHE-01,Chennai Meenambakkam,2000-09-08 18:00:00,24.8,1010.0,93.0,13.0827,80.2707,16.0
AWS-CHE-01,Chennai Meenambakkam,2000-09-08 21:00:00,24.6,1008.5,91.0,13.0827,80.2707,16.0
AWS-CHE-01,Chennai Meenambakkam,2000-09-09 00:00:00,24.0,1009.1,95.0,13.0827,80.2707,16.0
AWS-CHE-01,Chennai Meenambakkam,2000-09-09 03:00:00,25.4,1010.3,95.0,13.0827,80.2707,16.0
AWS-CHE-01,Chennai Meenambakkam,2000-09-09 06:00:00,30.6,1009.4,68.0,13.0827,80.2707,16.0
AWS-CHE-01,Chennai Meenambakkam,2000-09-09 09:00:00,33.2,1006.2,56.0,13.0827,80.2707,16.0
AWS-CHE-01,Chennai Meenambakkam,2000-09-09 12:00:00,30.6,1006.2,76.0,13.0827,80.2707,16.0
AWS-CHE-01,Chennai Meenambakkam,2000-09-09 15:00:00,28.0,1008.1,89.0,13.0827,80.2707,16.0
AWS-CHE-01,Chennai Meenambakkam,2000-09-09 18:00:00,27.8,1009.0,90.0,13.0827,80.2707,16.0
AWS-CHE-01,Chennai Meenambakkam,2000-09-09 21:00:00,26.6,1007.6,87.0,13.0827,80.2707,16.0
AWS-CHE-01,Chennai Meenambakkam,2000-09-10 00:00:00,25.6,1008.1,95.0,13.0827,80.2707,16.0
AWS-CHE-01,Chennai Meenambakkam,2000-09-10 06:00:00,33.6,1008.1,50.0,13.0827,80.2707,16.0
AWS-CHE-01,Chennai Meenambakkam,2000-09-10 09:00:00,26.0,1004.9,82.0,13.0827,80.2707,16.0
AWS-CHE-01,Chennai Meenambakkam,2000-09-10 12:00:00,30.6,1005.1,67.0,13.0827,80.2707,16.0
AWS-CHE-01,Chennai Meenambakkam,2000-09-10 15:00:00,28.8,1007.1,79.0,13.0827,80.2707,16.0
AWS-CHE-01,Chennai Meenambakkam,2000-09-10 18:00:00,28.4,1007.8,85.0,13.0827,80.2707,16.0
AWS-CHE-01,Chennai Meenambakkam,2000-09-11 00:00:00,25.6,1006.5,82.0,13.0827,80.2707,16.0
AWS-CHE-01,Chennai Meenambakkam,2000-09-11 03:00:00,28.6,1007.7,79.0,13.0827,80.2707,16.0
AWS-CHE-01,Chennai Meenambakkam,2000-09-11 06:00:00,32.0,1006.4,50.0,13.0827,80.2707,16.0
AWS-CHE-01,Chennai Meenambakkam,2000-09-11 09:00:00,34.2,1003.1,49.0,13.0827,80.2707,16.0
AWS-CHE-01,Chennai Meenambakkam,2000-09-11 12:00:00,30.4,1003.4,65.0,13.0827,80.2707,16.0
AWS-CHE-01,Chennai Meenambakkam,2000-09-11 15:00:00,28.2,1006.2,80.0,13.0827,80.2707,16.0
AWS-CHE-01,Chennai Meenambakkam,2000-09-11 18:00:00,27.6,1007.0,86.0,13.0827,80.2707,16.0
AWS-CHE-01,Chennai Meenambakkam,2000-09-11 21:00:00,26.6,1005.2,89.0,13.0827,80.2707,16.0
AWS-CHE-01,Chennai Meenambakkam,2000-09-12 00:00:00,27.2,1005.5,83.0,13.0827,80.2707,16.0
AWS-CHE-01,Chennai Meenambakkam,2000-09-12 03:00:00,29.0,1007.1,78.0,13.0827,80.2707,16.0
AWS-CHE-01,Chennai Meenambakkam,2000-09-12 06:00:00,34.0,1005.9,54.0,13.0827,80.2707,16.0
AWS-CHE-01,Chennai Meenambakkam,2000-09-12 09:00:00,31.2,1003.9,66.0,13.0827,80.2707,16.0
AWS-CHE-01,Chennai Meenambakkam,2000-09-12 12:00:00,29.2,1004.3,71.0,13.0827,80.2707,16.0
AWS-CHE-01,Chennai Meenambakkam,2000-09-12 15:00:00,27.8,1006.9,77.0,13.0827,80.2707,16.0
AWS-CHE-01,Chennai Meenambakkam,2000-09-12 18:00:00,27.0,1007.7,80.0,13.0827,80.2707,16.0
AWS-CHE-01,Chennai Meenambakkam,2000-09-12 21:00:00,26.0,1006.3,86.0,13.0827,80.2707,16.0
AWS-CHE-01,Chennai Meenambakkam,2000-09-13 00:00:00,25.4,1006.2,87.0,13.0827,80.2707,16.0
AWS-CHE-01,Chennai Meenambakkam,2000-09-13 03:00:00,29.0,1007.3,68.0,13.0827,80.2707,16.0
AWS-CHE-01,Chennai Meenambakkam,2000-09-13 06:00:00,34.0,1006.6,51.0,13.0827,80.2707,16.0
AWS-CHE-01,Chennai Meenambakkam,2000-09-13 09:00:00,35.0,1003.8,49.0,13.0827,80.2707,16.0
AWS-CHE-01,Chennai Meenambakkam,2000-09-13 12:00:00,28.6,1004.2,54.0,13.0827,80.2707,16.0
AWS-CHE-01,Chennai Meenambakkam,2000-09-13 18:00:00,27.8,1007.4,84.0,13.0827,80.2707,16.0
AWS-CHE-01,Chennai Meenambakkam,2000-09-13 21:00:00,27.4,1006.2,81.0,13.0827,80.2707,16.0
AWS-CHE-01,Chennai Meenambakkam,2000-09-14 00:00:00,26.2,1006.1,84.0,13.0827,80.2707,16.0
AWS-CHE-01,Chennai Meenambakkam,2000-09-14 06:00:00,33.8,1006.7,53.0,13.0827,80.2707,16.0
AWS-CHE-01,Chennai Meenambakkam,2000-09-14 09:00:00,34.2,1003.3,52.0,13.0827,80.2707,16.0
AWS-CHE-01,Chennai Meenambakkam,2000-09-14 12:00:00,31.6,1002.6,68.0,13.0827,80.2707,16.0
AWS-CHE-01,Chennai Meenambakkam,2000-09-14 15:00:00,28.8,1005.6,83.0,13.0827,80.2707,16.0
AWS-CHE-01,Chennai Meenambakkam,2000-09-14 18:00:00,28.0,1006.2,87.0,13.0827,80.2707,16.0
AWS-CHE-01,Chennai Meenambakkam,2000-09-14 21:00:00,27.8,1005.1,87.0,13.0827,80.2707,16.0
AWS-CHE-01,Chennai Meenambakkam,2000-09-15 00:00:00,26.6,1005.0,89.0,13.0827,80.2707,16.0
AWS-CHE-01,Chennai Meenambakkam,2000-09-15 03:00:00,30.0,1006.7,74.0,13.0827,80.2707,16.0
AWS-CHE-01,Chennai Meenambakkam,2000-09-15 06:00:00,34.4,1005.5,58.0,13.0827,80.2707,16.0
AWS-CHE-01,Chennai Meenambakkam,2000-09-15 09:00:00,34.4,1002.2,63.0,13.0827,80.2707,16.0
AWS-CHE-01,Chennai Meenambakkam,2000-09-15 12:00:00,28.8,1002.6,68.0,13.0827,80.2707,16.0
AWS-CHE-01,Chennai Meenambakkam,2000-09-15 15:00:00,29.0,1005.3,85.0,13.0827,80.2707,16.0
AWS-CHE-01,Chennai Meenambakkam,2000-09-15 18:00:00,28.2,1006.2,90.0,13.0827,80.2707,16.0
AWS-CHE-01,Chennai Meenambakkam,2000-09-15 21:00:00,27.6,1005.4,89.0,13.0827,80.2707,16.0
AWS-CHE-01,Chennai Meenambakkam,2000-09-16 00:00:00,26.0,1005.4,92.0,13.0827,80.2707,16.0
AWS-CHE-01,Chennai Meenambakkam,2000-09-16 03:00:00,30.0,1006.6,73.0,13.0827,80.2707,16.0
AWS-CHE-01,Chennai Meenambakkam,2000-09-16 06:00:00,35.4,1005.7,47.0,13.0827,80.2707,16.0
AWS-CHE-01,Chennai Meenambakkam,2000-09-16 09:00:00,34.4,1002.4,60.0,13.0827,80.2707,16.0
AWS-CHE-01,Chennai Meenambakkam,2000-09-16 12:00:00,30.2,1003.7,73.0,13.0827,80.2707,16.0
AWS-CHE-01,Chennai Meenambakkam,2000-09-16 15:00:00,27.6,1006.5,77.0,13.0827,80.2707,16.0
AWS-CHE-01,Chennai Meenambakkam,2000-09-16 18:00:00,27.6,1006.6,78.0,13.0827,80.2707,16.0
AWS-CHE-01,Chennai Meenambakkam,2000-09-16 21:00:00,27.4,1006.4,81.0,13.0827,80.2707,16.0
AWS-CHE-01,Chennai Meenambakkam,2000-09-17 00:00:00,25.6,1006.5,90.0,13.0827,80.2707,16.0
AWS-CHE-01,Chennai Meenambakkam,2000-09-17 03:00:00,28.8,1008.4,71.0,13.0827,80.2707,16.0
AWS-CHE-01,Chennai Meenambakkam,2000-09-17 06:00:00,33.0,1007.0,54.0,13.0827,80.2707,16.0
AWS-CHE-01,Chennai Meenambakkam,2000-09-17 09:00:00,33.2,1004.6,60.0,13.0827,80.2707,16.0
AWS-CHE-01,Chennai Meenambakkam,2000-09-17 12:00:00,30.6,1004.5,68.0,13.0827,80.2707,16.0
AWS-CHE-01,Chennai Meenambakkam,2000-09-17 15:00:00,28.6,1007.1,83.0,13.0827,80.2707,16.0
AWS-CHE-01,Chennai Meenambakkam,2000-09-17 18:00:00,28.0,1007.8,89.0,13.0827,80.2707,16.0
AWS-CHE-01,Chennai Meenambakkam,2000-09-17 21:00:00,28.0,1006.3,90.0,13.0827,80.2707,16.0
AWS-CHE-01,Chennai Meenambakkam,2000-09-18 00:00:00,26.6,1006.1,92.0,13.0827,80.2707,16.0
AWS-CHE-01,Chennai Meenambakkam,2000-09-18 03:00:00,29.6,1007.8,82.0,13.0827,80.2707,16.0
AWS-CHE-01,Chennai Meenambakkam,2000-09-18 06:00:00,33.2,1006.1,64.0,13.0827,80.2707,16.0
AWS-CHE-01,Chennai Meenambakkam,2000-09-18 09:00:00,32.6,1003.5,63.0,13.0827,80.2707,16.0
AWS-CHE-01,Chennai Meenambakkam,2000-09-18 12:00:00,25.2,1004.1,90.0,13.0827,80.2707,16.0
AWS-CHE-01,Chennai Meenambakkam,2000-09-18 15:00:00,25.6,1006.8,90.0,13.0827,80.2707,16.0
AWS-CHE-01,Chennai Meenambakkam,2000-09-18 18:00:00,25.8,1006.7,90.0,13.0827,80.2707,16.0
AWS-CHE-01,Chennai Meenambakkam,2000-09-18 21:00:00,25.4,1005.0,95.0,13.0827,80.2707,16.0
AWS-CHE-01,Chennai Meenambakkam,2000-09-19 00:00:00,25.4,1005.9,91.0,13.0827,80.2707,16.0
AWS-CHE-01,Chennai Meenambakkam,2000-09-19 03:00:00,28.0,1007.2,78.0,13.0827,80.2707,16.0
AWS-CHE-01,Chennai Meenambakkam,2000-09-19 06:00:00,33.4,1005.7,59.0,13.0827,80.2707,16.0
AWS-CHE-01,Chennai Meenambakkam,2000-09-19 09:00:00,32.6,1003.7,61.0,13.0827,80.2707,16.0
AWS-CHE-01,Chennai Meenambakkam,2000-09-19 12:00:00,30.4,1004.0,73.0,13.0827,80.2707,16.0
AWS-CHE-01,Chennai Meenambakkam,2000-09-19 15:00:00,28.4,1006.6,86.0,13.0827,80.2707,16.0
AWS-CHE-01,Chennai Meenambakkam,2000-09-19 18:00:00,28.0,1007.4,87.0,13.0827,80.2707,16.0
AWS-CHE-01,Chennai Meenambakkam,2000-09-19 21:00:00,25.6,1005.9,87.0,13.0827,80.2707,16.0
AWS-CHE-01,Chennai Meenambakkam,2000-09-20 00:00:00,25.2,1006.1,87.0,13.0827,80.2707,16.0
AWS-CHE-01,Chennai Meenambakkam,2000-09-20 03:00:00,28.8,1007.2,69.0,13.0827,80.2707,16.0
AWS-CHE-01,Chennai Meenambakkam,2000-09-20 06:00:00,33.0,1006.4,56.0,13.0827,80.2707,16.0
AWS-CHE-01,Chennai Meenambakkam,2000-09-20 09:00:00,33.2,1003.6,56.0,13.0827,80.2707,16.0
AWS-CHE-01,Chennai Meenambakkam,2000-09-20 12:00:00,29.8,1004.2,76.0,13.0827,80.2707,16.0
AWS-CHE-01,Chennai Meenambakkam,2000-09-20 15:00:00,28.6,1007.0,78.0,13.0827,80.2707,16.0
AWS-CHE-01,Chennai Meenambakkam,2000-09-20 18:00:00,28.0,1007.5,85.0,13.0827,80.2707,16.0
AWS-CHE-01,Chennai Meenambakkam,2000-09-20 21:00:00,27.0,1006.3,95.0,13.0827,80.2707,16.0
AWS-CHE-01,Chennai Meenambakkam,2000-09-21 00:00:00,25.6,1005.9,95.0,13.0827,80.2707,16.0
AWS-CHE-01,Chennai Meenambakkam,2000-09-21 03:00:00,28.2,1008.7,86.0,13.0827,80.2707,16.0
AWS-KOL-01,Kolkata Alipore,2000-01-01 00:00:00,13.0,1014.8,97.0,22.5726,88.3639,6.0
AWS-KOL-01,Kolkata Alipore,2000-01-01 01:00:00,12.0,1015.63,88.0,22.5726,88.3639,6.0
AWS-KOL-01,Kolkata Alipore,2000-01-01 02:00:00,12.0,1016.47,88.0,22.5726,88.3639,6.0
AWS-KOL-01,Kolkata Alipore,2000-01-01 03:00:00,16.0,1017.3,85.0,22.5726,88.3639,6.0
AWS-KOL-01,Kolkata Alipore,2000-01-01 04:00:00,17.0,1016.77,77.0,22.5726,88.3639,6.0
AWS-KOL-01,Kolkata Alipore,2000-01-01 05:00:00,20.0,1016.23,49.0,22.5726,88.3639,6.0
AWS-KOL-01,Kolkata Alipore,2000-01-01 06:00:00,22.6,1015.7,50.0,22.5726,88.3639,6.0
AWS-KOL-01,Kolkata Alipore,2000-01-01 07:00:00,24.0,1014.9,41.0,22.5726,88.3639,6.0
AWS-KOL-01,Kolkata Alipore,2000-01-01 08:00:00,24.0,1014.1,36.0,22.5726,88.3639,6.0
AWS-KOL-01,Kolkata Alipore,2000-01-01 09:00:00,24.0,1013.3,38.0,22.5726,88.3639,6.0
AWS-KOL-01,Kolkata Alipore,2000-01-01 11:00:00,23.0,1013.55,38.0,22.5726,88.3639,6.0
AWS-KOL-01,Kolkata Alipore,2000-01-01 12:00:00,20.2,1013.8,62.0,22.5726,88.3639,6.0
AWS-KOL-01,Kolkata Alipore,2000-01-01 13:00:00,20.0,1014.07,49.0,22.5726,88.3639,6.0
AWS-KOL-01,Kolkata Alipore,2000-01-01 14:00:00,17.0,1014.33,63.0,22.5726,88.3639,6.0
AWS-KOL-01,Kolkata Alipore,2000-01-01 15:00:00,17.0,1014.6,59.0,22.5726,88.3639,6.0
AWS-KOL-01,Kolkata Alipore,2000-01-01 16:00:00,16.0,1014.87,68.0,22.5726,88.3639,6.0
AWS-KOL-01,Kolkata Alipore,2000-01-01 17:00:00,16.0,1015.13,68.0,22.5726,88.3639,6.0
AWS-KOL-01,Kolkata Alipore,2000-01-01 18:00:00,14.2,1015.4,84.0,22.5726,88.3639,6.0
AWS-KOL-01,Kolkata Alipore,2000-01-01 19:00:00,15.0,1015.03,72.0,22.5726,88.3639,6.0
AWS-KOL-01,Kolkata Alipore,2000-01-01 20:00:00,14.0,1014.67,77.0,22.5726,88.3639,6.0
AWS-KOL-01,Kolkata Alipore,2000-01-01 21:00:00,13.8,1014.3,84.0,22.5726,88.3639,6.0
AWS-KOL-01,Kolkata Alipore,2000-01-01 22:00:00,13.0,1014.77,82.0,22.5726,88.3639,6.0
AWS-KOL-01,Kolkata Alipore,2000-01-01 23:00:00,13.0,1015.23,82.0,22.5726,88.3639,6.0
AWS-KOL-01,Kolkata Alipore,2000-01-02 00:00:00,13.0,1015.7,82.0,22.5726,88.3639,6.0
AWS-KOL-01,Kolkata Alipore,2000-01-02 01:00:00,13.0,1016.17,82.0,22.5726,88.3639,6.0
AWS-KOL-01,Kolkata Alipore,2000-01-02 02:00:00,14.0,1016.63,88.0,22.5726,88.3639,6.0
AWS-KOL-01,Kolkata Alipore,2000-01-02 03:00:00,16.8,1017.1,78.0,22.5726,88.3639,6.0
AWS-KOL-01,Kolkata Alipore,2000-01-02 04:00:00,20.0,1016.7,78.0,22.5726,88.3639,6.0
AWS-KOL-01,Kolkata Alipore,2000-01-02 05:00:00,22.0,1016.3,50.0,22.5726,88.3639,6.0
AWS-KOL-01,Kolkata Alipore,2000-01-02 06:00:00,23.8,1015.9,50.0,22.5726,88.3639,6.0
AWS-KOL-01,Kolkata Alipore,2000-01-02 07:00:00,24.0,1015.3,41.0,22.5726,88.3639,6.0
AWS-KOL-01,Kolkata Alipore,2000-01-02 08:00:00,25.0,1014.7,36.0,22.5726,88.3639,6.0
AWS-KOL-01,Kolkata Alipore,2000-01-02 09:00:00,25.0,1014.1,36.0,22.5726,88.3639,6.0
AWS-KOL-01,Kolkata Alipore,2000-01-02 10:00:00,25.0,1013.5,34.0,22.5726,88.3639,6.0
AWS-KOL-01,Kolkata Alipore,2000-01-02 11:00:00,24.0,1012.9,38.0,22.5726,88.3639,6.0
AWS-KOL-01,Kolkata Alipore,2000-01-02 12:00:00,21.6,1012.3,62.0,22.5726,88.3639,6.0
AWS-KOL-01,Kolkata Alipore,2000-01-02 13:00:00,20.0,1012.62,56.0,22.5726,88.3639,6.0
AWS-KOL-01,Kolkata Alipore,2000-01-02 14:00:00,19.0,1012.93,56.0,22.5726,88.3639,6.0
AWS-KOL-01,Kolkata Alipore,2000-01-02 15:00:00,19.0,1013.25,60.0,22.5726,88.3639,6.0
AWS-KOL-01,Kolkata Alipore,2000-01-02 16:00:00,16.0,1013.57,77.0,22.5726,88.3639,6.0
AWS-KOL-01,Kolkata Alipore,2000-01-02 17:00:00,15.0,1013.88,77.0,22.5726,88.3639,6.0
AWS-KOL-01,Kolkata Alipore,2000-01-02 18:00:00,14.6,1014.2,89.0,22.5726,88.3639,6.0
AWS-KOL-01,Kolkata Alipore,2000-01-02 21:00:00,13.4,1012.7,91.0,22.5726,88.3639,6.0
AWS-KOL-01,Kolkata Alipore,2000-01-02 22:00:00,14.0,1012.73,82.0,22.5726,88.3639,6.0
AWS-KOL-01,Kolkata Alipore,2000-01-02 23:00:00,13.0,1012.77,77.0,22.5726,88.3639,6.0
AWS-KOL-01,Kolkata Alipore,2000-01-03 00:00:00,13.0,1012.8,88.0,22.5726,88.3639,6.0
AWS-KOL-01,Kolkata Alipore,2000-01-03 01:00:00,12.0,1013.8,88.0,22.5726,88.3639,6.0
AWS-KOL-01,Kolkata Alipore,2000-01-03 02:00:00,13.0,1014.8,88.0,22.5726,88.3639,6.0
AWS-KOL-01,Kolkata Alipore,2000-01-03 03:00:00,15.6,1015.8,79.0,22.5726,88.3639,6.0
AWS-KOL-01,Kolkata Alipore,2000-01-03 04:00:00,18.0,1015.27,60.0,22.5726,88.3639,6.0
AWS-KOL-01,Kolkata Alipore,2000-01-03 05:00:00,20.0,1014.73,49.0,22.5726,88.3639,6.0
AWS-KOL-01,Kolkata Alipore,2000-01-03 06:00:00,22.4,1014.2,48.0,22.5726,88.3639,6.0
AWS-KOL-01,Kolkata Alipore,2000-01-03 07:00:00,23.0,1013.2,44.0,22.5726,88.3639,6.0
AWS-KOL-01,Kolkata Alipore,2000-01-03 08:00:00,24.0,1012.2,38.0,22.5726,88.3639,6.0
AWS-KOL-01,Kolkata Alipore,2000-01-03 09:00:00,24.2,1011.2,41.0,22.5726,88.3639,6.0
AWS-KOL-01,Kolkata Alipore,2000-01-03 10:00:00,24.0,1011.23,36.0,22.5726,88.3639,6.0
AWS-KOL-01,Kolkata Alipore,2000-01-03 11:00:00,23.0,1011.27,38.0,22.5726,88.3639,6.0
AWS-KOL-01,Kolkata Alipore,2000-01-03 12:00:00,21.0,1011.3,57.0,22.5726,88.3639,6.0
AWS-KOL-01,Kolkata Alipore,2000-01-03 13:00:00,19.0,1011.9,60.0,22.5726,88.3639,6.0
AWS-KOL-01,Kolkata Alipore,2000-01-03 14:00:00,17.0,1012.5,68.0,22.5726,88.3639,6.0
AWS-KOL-01,Kolkata Alipore,2000-01-03 15:00:00,15.4,1013.1,81.0,22.5726,88.3639,6.0
AWS-KOL-01,Kolkata Alipore,2000-01-03 16:00:00,16.0,1013.4,77.0,22.5726,88.3639,6.0
AWS-KOL-01,Kolkata Alipore,2000-01-03 18:00:00,15.0,1013.7,87.0,22.5726,88.3639,6.0
AWS-KOL-01,Kolkata Alipore,2000-01-03 21:00:00,14.2,1013.0,89.0,22.5726,88.3639,6.0
AWS-KOL-01,Kolkata Alipore,2000-01-04 00:00:00,12.0,1013.7,88.0,22.5726,88.3639,6.0
AWS-KOL-01,Kolkata Alipore,2000-01-04 01:00:00,12.0,1014.3,88.0,22.5726,88.3639,6.0
AWS-KOL-01,Kolkata Alipore,2000-01-04 02:00:00,12.0,1014.9,76.0,22.5726,88.3639,6.0
AWS-KOL-01,Kolkata Alipore,2000-01-04 03:00:00,14.0,1015.5,84.0,22.5726,88.3639,6.0
AWS-KOL-01,Kolkata Alipore,2000-01-04 04:00:00,15.0,1015.23,72.0,22.5726,88.3639,6.0
AWS-KOL-01,Kolkata Alipore,2000-01-04 05:00:00,19.0,1014.97,56.0,22.5726,88.3639,6.0
AWS-KOL-01,Kolkata Alipore,2000-01-04 06:00:00,21.4,1014.7,50.0,22.5726,88.3639,6.0
AWS-KOL-01,Kolkata Alipore,2000-01-04 07:00:00,23.0,1013.87,38.0,22.5726,88.3639,6.0
AWS-KOL-01,Kolkata Alipore,2000-01-04 08:00:00,24.0,1013.03,34.0,22.5726,88.3639,6.0
AWS-KOL-01,Kolkata Alipore,2000-01-04 09:00:00,23.4,1012.2,36.0,22.5726,88.3639,6.0
AWS-KOL-01,Kolkata Alipore,2000-01-04 10:00:00,24.0,1012.15,31.0,22.5726,88.3639,6.0
AWS-KOL-01,Kolkata Alipore,2000-01-04 12:00:00,20.0,1012.1,57.0,22.5726,88.3639,6.0
AWS-KOL-01,Kolkata Alipore,2000-01-04 13:00:00,19.0,1013.25,52.0,22.5726,88.3639,6.0
AWS-KOL-01,Kolkata Alipore,2000-01-04 15:00:00,14.4,1014.4,84.0,22.5726,88.3639,6.0
AWS-KOL-01,Kolkata Alipore,2000-01-04 17:00:00,14.0,1014.8,77.0,22.5726,88.3639,6.0
AWS-KOL-01,Kolkata Alipore,2000-01-04 18:00:00,12.6,1015.2,91.0,22.5726,88.3639,6.0
AWS-KOL-01,Kolkata Alipore,2000-01-04 21:00:00,12.6,1014.4,97.0,22.5726,88.3639,6.0
AWS-KOL-01,Kolkata Alipore,2000-01-04 23:00:00,11.0,1014.3,88.0,22.5726,88.3639,6.0
AWS-KOL-01,Kolkata Alipore,2000-01-05 00:00:00,11.4,1014.2,95.0,22.5726,88.3639,6.0
AWS-KOL-01,Kolkata Alipore,2000-01-05 03:00:00,13.6,1016.4,82.0,22.5726,88.3639,6.0
AWS-KOL-01,Kolkata Alipore,2000-01-05 05:00:00,17.0,1015.85,48.0,22.5726,88.3639,6.0
AWS-KOL-01,Kolkata Alipore,2000-01-05 06:00:00,20.0,1015.3,48.0,22.5726,88.3639,6.0
AWS-KOL-01,Kolkata Alipore,2000-01-05 07:00:00,22.0,1014.8,41.0,22.5726,88.3639,6.0
AWS-KOL-01,Kolkata Alipore,2000-01-05 08:00:00,23.0,1014.3,39.5,22.5726,88.3639,6.0
AWS-KOL-01,Kolkata Alipore,2000-01-05 09:00:00,24.0,1013.8,38.0,22.5726,88.3639,6.0
AWS-KOL-01,Kolkata Alipore,2000-01-05 10:00:00,24.0,1013.3,34.0,22.5726,88.3639,6.0
AWS-KOL-01,Kolkata Alipore,2000-01-05 11:00:00,22.0,1012.8,33.0,22.5726,88.3639,6.0
AWS-KOL-01,Kolkata Alipore,2000-01-05 12:00:00,19.0,1012.3,59.0,22.5726,88.3639,6.0
AWS-KOL-01,Kolkata Alipore,2000-01-05 14:00:00,16.0,1013.2,59.0,22.5726,88.3639,6.0
AWS-KOL-01,Kolkata Alipore,2000-01-05 15:00:00,14.4,1014.1,74.0,22.5726,88.3639,6.0
AWS-KOL-01,Kolkata Alipore,2000-01-05 16:00:00,14.0,1013.9,67.0,22.5726,88.3639,6.0
AWS-KOL-01,Kolkata Alipore,2000-01-05 17:00:00,13.0,1013.7,72.0,22.5726,88.3639,6.0
AWS-KOL-01,Kolkata Alipore,2000-01-05 18:00:00,12.0,1013.5,90.0,22.5726,88.3639,6.0
AWS-KOL-01,Kolkata Alipore,2000-01-05 19:00:00,12.0,1013.2,82.0,22.5726,88.3639,6.0
AWS-KOL-01,Kolkata Alipore,2000-01-05 21:00:00,11.6,1012.9,92.0,22.5726,88.3639,6.0
AWS-KOL-01,Kolkata Alipore,2000-01-05 22:00:00,11.0,1014.3,76.0,22.5726,88.3639,6.0
AWS-KOL-01,Kolkata Alipore,2000-01-06 03:00:00,14.0,1015.7,82.0,22.5726,88.3639,6.0
AWS-KOL-01,Kolkata Alipore,2000-01-06 04:00:00,16.0,1015.05,52.0,22.5726,88.3639,6.0
AWS-KOL-01,Kolkata Alipore,2000-01-06 06:00:00,20.2,1014.4,48.0,22.5726,88.3639,6.0
AWS-KOL-01,Kolkata Alipore,2000-01-06 07:00:00,22.0,1013.5,38.0,22.5726,88.3639,6.0
AWS-KOL-01,Kolkata Alipore,2000-01-06 08:00:00,22.0,1012.6,46.0,22.5726,88.3639,6.0
AWS-KOL-01,Kolkata Alipore,2000-01-06 09:00:00,22.8,1011.7,36.0,22.5726,88.3639,6.0
AWS-KOL-01,Kolkata Alipore,2000-01-06 10:00:00,23.0,1011.6,38.0,22.5726,88.3639,6.0
AWS-KOL-01,Kolkata Alipore,2000-01-06 11:00:00,22.0,1011.5,38.0,22.5726,88.3639,6.0
AWS-KOL-01,Kolkata Alipore,2000-01-06 12:00:00,20.0,1011.4,48.0,22.5726,88.3639,6.0
AWS-KOL-01,Kolkata Alipore,2000-01-06 13:00:00,17.0,1012.0,63.0,22.5726,88.3639,6.0
AWS-KOL-01,Kolkata Alipore,2000-01-06 14:00:00,15.0,1012.6,63.0,22.5726,88.3639,6.0
AWS-KOL-01,Kolkata Alipore,2000-01-06 15:00:00,13.6,1013.2,75.0,22.5726,88.3639,6.0
AWS-KOL-01,Kolkata Alipore,2000-01-06 16:00:00,13.0,1013.23,77.0,22.5726,88.3639,6.0
AWS-KOL-01,Kolkata Alipore,2000-01-06 17:00:00,13.0,1013.27,77.0,22.5726,88.3639,6.0
AWS-KOL-01,Kolkata Alipore,2000-01-06 21:00:00,13.4,1013.3,77.0,22.5726,88.3639,6.0
AWS-KOL-01,Kolkata Alipore,2000-01-06 22:00:00,11.0,1013.33,94.0,22.5726,88.3639,6.0
AWS-KOL-01,Kolkata Alipore,2000-01-06 23:00:00,10.0,1013.37,94.0,22.5726,88.3639,6.0
AWS-KOL-01,Kolkata Alipore,2000-01-07 00:00:00,9.0,1013.4,92.0,22.5726,88.3639,6.0
AWS-KOL-01,Kolkata Alipore,2000-01-07 01:00:00,9.0,1014.17,94.0,22.5726,88.3639,6.0
AWS-KOL-01,Kolkata Alipore,2000-01-07 02:00:00,10.0,1014.93,87.0,22.5726,88.3639,6.0
AWS-KOL-01,Kolkata Alipore,2000-01-07 03:00:00,14.4,1015.7,68.0,22.5726,88.3639,6.0
AWS-KOL-01,Kolkata Alipore,2000-01-07 05:00:00,18.0,1015.35,49.0,22.5726,88.3639,6.0
AWS-KOL-01,Kolkata Alipore,2000-01-07 06:00:00,19.6,1015.0,42.0,22.5726,88.3639,6.0
AWS-KOL-01,Kolkata Alipore,2000-01-07 07:00:00,21.0,1013.65,43.0,22.5726,88.3639,6.0
AWS-KOL-01,Kolkata Alipore,2000-01-07 09:00:00,22.6,1012.3,29.0,22.5726,88.3639,6.0
AWS-KOL-01,Kolkata Alipore,2000-01-07 11:00:00,21.0,1012.8,49.0,22.5726,88.3639,6.0
AWS-KOL-01,Kolkata Alipore,2000-01-07 12:00:00,19.4,1013.3,55.0,22.5726,88.3639,6.0
AWS-KOL-01,Kolkata Alipore,2000-01-07 13:00:00,16.0,1013.93,72.0,22.5726,88.3639,6.0
AWS-KOL-01,Kolkata Alipore,2000-01-07 14:00:00,15.0,1014.57,82.0,22.5726,88.3639,6.0
AWS-KOL-01,Kolkata Alipore,2000-01-07 15:00:00,14.0,1015.2,78.0,22.5726,88.3639,6.0
AWS-KOL-01,Kolkata Alipore,2000-01-07 16:00:00,14.0,1015.1,88.0,22.5726,88.3639,6.0
AWS-KOL-01,Kolkata Alipore,2000-01-07 17:00:00,12.0,1015.0,94.0,22.5726,88.3639,6.0
AWS-KOL-01,Kolkata Alipore,2000-01-07 18:00:00,11.2,1014.9,88.0,22.5726,88.3639,6.0
AWS-KOL-01,Kolkata Alipore,2000-01-07 19:00:00,11.0,1014.6,94.0,22.5726,88.3639,6.0
AWS-KOL-01,Kolkata Alipore,2000-01-07 20:00:00,11.0,1014.3,94.0,22.5726,88.3639,6.0
AWS-KOL-01,Kolkata Alipore,2000-01-07 21:00:00,10.0,1014.0,90.0,22.5726,88.3639,6.0
AWS-KOL-01,Kolkata Alipore,2000-01-07 23:00:00,10.0,1014.05,100.0,22.5726,88.3639,6.0
AWS-KOL-01,Kolkata Alipore,2000-01-08 00:00:00,9.6,1014.1,89.0,22.5726,88.3639,6.0
AWS-KOL-01,Kolkata Alipore,2000-01-08 01:00:00,9.0,1014.8,100.0,22.5726,88.3639,6.0
AWS-KOL-01,Kolkata Alipore,2000-01-08 02:00:00,10.0,1015.5,100.0,22.5726,88.3639,6.0
AWS-KOL-01,Kolkata Alipore,2000-01-08 03:00:00,15.0,1016.2,72.0,22.5726,88.3639,6.0
AWS-KOL-01,Kolkata Alipore,2000-01-08 04:00:00,17.0,1015.6,77.0,22.5726,88.3639,6.0
AWS-KOL-01,Kolkata Alipore,2000-01-08 06:00:00,21.4,1015.0,44.0,22.5726,88.3639,6.0
AWS-KOL-01,Kolkata Alipore,2000-01-08 08:00:00,24.0,1013.25,38.0,22.5726,88.3639,6.0
AWS-KOL-01,Kolkata Alipore,2000-01-08 09:00:00,23.4,1011.5,36.0,22.5726,88.3639,6.0
AWS-KOL-01,Kolkata Alipore,2000-01-08 10:00:00,24.0,1011.57,41.0,22.5726,88.3639,6.0
AWS-KOL-01,Kolkata Alipore,2000-01-08 11:00:00,23.0,1011.63,38.0,22.5726,88.3639,6.0
AWS-KOL-01,Kolkata Alipore,2000-01-08 12:00:00,19.6,1011.7,58.0,22.5726,88.3639,6.0
AWS-KOL-01,Kolkata Alipore,2000-01-08 13:00:00,17.0,1012.7,68.0,22.5726,88.3639,6.0
AWS-KOL-01,Kolkata Alipore,2000-01-08 15:00:00,14.0,1013.7,82.0,22.5726,88.3639,6.0
AWS-KOL-01,Kolkata Alipore,2000-01-08 18:00:00,12.4,1014.3,88.0,22.5726,88.3639,6.0
AWS-KOL-01,Kolkata Alipore,2000-01-08 21:00:00,11.4,1013.1,95.0,22.5726,88.3639,6.0
AWS-KOL-01,Kolkata Alipore,2000-01-09 00:00:00,10.0,1013.1,97.0,22.5726,88.3639,6.0
AWS-KOL-01,Kolkata Alipore,2000-01-09 03:00:00,15.8,1015.6,73.0,22.5726,88.3639,6.0
AWS-KOL-01,Kolkata Alipore,2000-01-09 09:00:00,25.0,1011.6,41.0,22.5726,88.3639,6.0
AWS-KOL-01,Kolkata Alipore,2000-01-09 12:00:00,20.8,1011.5,58.0,22.5726,88.3639,6.0
AWS-KOL-01,Kolkata Alipore,2000-01-09 15:00:00,16.2,1013.5,81.0,22.5726,88.3639,6.0
AWS-KOL-01,Kolkata Alipore,2000-01-09 18:00:00,14.4,1013.3,84.0,22.5726,88.3639,6.0
AWS-KOL-01,Kolkata Alipore,2000-01-09 21:00:00,13.8,1012.3,87.0,22.5726,88.3639,6.0
AWS-KOL-01,Kolkata Alipore,2000-01-10 00:00:00,12.2,1012.3,95.0,22.5726,88.3639,6.0
AWS-KOL-01,Kolkata Alipore,2000-01-10 03:00:00,18.0,1015.0,86.0,22.5726,88.3639,6.0
AWS-KOL-01,Kolkata Alipore,2000-01-10 06:00:00,25.2,1013.7,60.0,22.5726,88.3639,6.0
AWS-KOL-01,Kolkata Alipore,2000-01-10 09:00:00,27.6,1011.0,46.0,22.5726,88.3639,6.0
AWS-KOL-01,Kolkata Alipore,2000-01-10 12:00:00,23.6,1011.0,66.0,22.5726,88.3639,6.0
AWS-KOL-01,Kolkata Alipore,2000-01-10 15:00:00,18.0,1012.5,80.0,22.5726,88.3639,6.0
AWS-KOL-01,Kolkata Alipore,2000-01-10 18:00:00,16.0,1012.4,90.0,22.5726,88.3639,6.0
AWS-KOL-01,Kolkata Alipore,2000-01-11 00:00:00,14.4,1012.6,96.0,22.5726,88.3639,6.0
AWS-KOL-01,Kolkata Alipore,2000-01-11 03:00:00,17.8,1014.9,98.0,22.5726,88.3639,6.0
AWS-KOL-01,Kolkata Alipore,2000-01-11 09:00:00,29.0,1011.7,42.0,22.5726,88.3639,6.0
AWS-KOL-01,Kolkata Alipore,2000-01-11 12:00:00,24.6,1011.6,66.0,22.5726,88.3639,6.0
AWS-KOL-01,Kolkata Alipore,2000-01-11 15:00:00,19.6,1013.4,83.0,22.5726,88.3639,6.0
AWS-KOL-01,Kolkata Alipore,2000-01-11 18:00:00,17.2,1012.9,92.0,22.5726,88.3639,6.0
AWS-KOL-01,Kolkata Alipore,2000-01-11 21:00:00,15.8,1011.8,94.0,22.5726,88.3639,6.0
AWS-KOL-01,Kolkata Alipore,2000-01-12 00:00:00,14.0,1012.1,96.0,22.5726,88.3639,6.0
AWS-KOL-01,Kolkata Alipore,2000-01-12 03:00:00,19.4,1014.9,81.0,22.5726,88.3639,6.0
AWS-KOL-01,Kolkata Alipore,2000-01-12 06:00:00,27.0,1013.3,98.0,22.5726,88.3639,6.0
AWS-KOL-01,Kolkata Alipore,2000-01-12 09:00:00,29.6,1010.6,41.0,22.5726,88.3639,6.0
AWS-KOL-01,Kolkata Alipore,2000-01-12 12:00:00,24.4,1010.5,68.0,22.5726,88.3639,6.0
AWS-KOL-01,Kolkata Alipore,2000-01-12 15:00:00,19.8,1013.0,89.0,22.5726,88.3639,6.0
AWS-KOL-01,Kolkata Alipore,2000-01-12 18:00:00,17.6,1012.4,94.0,22.5726,88.3639,6.0
AWS-KOL-01,Kolkata Alipore,2000-01-12 21:00:00,15.8,1011.0,96.0,22.5726,88.3639,6.0
AWS-KOL-01,Kolkata Alipore,2000-01-13 00:00:00,14.4,1011.4,100.0,22.5726,88.3639,6.0
AWS-KOL-01,Kolkata Alipore,2000-01-13 03:00:00,20.4,1013.5,85.0,22.5726,88.3639,6.0
AWS-KOL-01,Kolkata Alipore,2000-01-13 06:00:00,26.6,1012.3,52.0,22.5726,88.3639,6.0
AWS-KOL-01,Kolkata Alipore,2000-01-13 09:00:00,30.0,1009.5,39.0,22.5726,88.3639,6.0
AWS-KOL-01,Kolkata Alipore,2000-01-13 12:00:00,24.6,1009.1,63.0,22.5726,88.3639,6.0
AWS-KOL-01,Kolkata Alipore,2000-01-13 18:00:00,18.0,1010.0,74.0,22.5726,88.3639,6.0
AWS-KOL-01,Kolkata Alipore,2000-01-13 21:00:00,17.2,1008.9,78.0,22.5726,88.3639,6.0
AWS-KOL-01,Kolkata Alipore,2000-01-14 00:00:00,19.8,1008.9,90.0,22.5726,88.3639,6.0
AWS-KOL-01,Kolkata Alipore,2000-01-14 03:00:00,22.4,1011.3,81.0,22.5726,88.3639,6.0
AWS-KOL-01,Kolkata Alipore,2000-01-14 06:00:00,26.6,1011.1,58.0,22.5726,88.3639,6.0
AWS-KOL-01,Kolkata Alipore,2000-01-14 09:00:00,29.0,1008.4,49.0,22.5726,88.3639,6.0
AWS-KOL-01,Kolkata Alipore,2000-01-14 15:00:00,21.0,1010.5,82.0,22.5726,88.3639,6.0
AWS-KOL-01,Kolkata Alipore,2000-01-14 18:00:00,19.4,1010.9,87.0,22.5726,88.3639,6.0
AWS-KOL-01,Kolkata Alipore,2000-01-14 21:00:00,18.0,1009.7,90.0,22.5726,88.3639,6.0
AWS-KOL-01,Kolkata Alipore,2000-01-15 00:00:00,16.4,1010.8,90.0,22.5726,88.3639,6.0
AWS-KOL-01,Kolkata Alipore,2000-01-15 03:00:00,20.6,1013.8,76.0,22.5726,88.3639,6.0
AWS-KOL-01,Kolkata Alipore,2000-01-15 06:00:00,26.0,1012.7,42.0,22.5726,88.3639,6.0
AWS-KOL-01,Kolkata Alipore,2000-01-15 09:00:00,27.4,1010.3,43.0,22.5726,88.3639,6.0
AWS-KOL-01,Kolkata Alipore,2000-01-15 12:00:00,24.4,1010.2,59.0,22.5726,88.3639,6.0
AWS-KOL-01,Kolkata Alipore,2000-01-15 15:00:00,21.6,1013.5,69.0,22.5726,88.3639,6.0
AWS-KOL-01,Kolkata Alipore,2000-01-15 18:00:00,20.0,1013.4,76.0,22.5726,88.3639,6.0
AWS-KOL-01,Kolkata Alipore,2000-01-15 21:00:00,18.4,1012.0,78.0,22.5726,88.3639,6.0
AWS-KOL-01,Kolkata Alipore,2000-01-16 00:00:00,19.0,1012.6,88.0,22.5726,88.3639,6.0
AWS-KOL-01,Kolkata Alipore,2000-01-16 03:00:00,20.4,1016.3,78.0,22.5726,88.3639,6.0
AWS-KOL-01,Kolkata Alipore,2000-01-16 06:00:00,25.6,1014.4,49.0,22.5726,88.3639,6.0
AWS-KOL-01,Kolkata Alipore,2000-01-16 09:00:00,27.0,1011.7,55.0,22.5726,88.3639,6.0
AWS-KOL-01,Kolkata Alipore,2000-01-16 12:00:00,23.2,1012.2,73.0,22.5726,88.3639,6.0
AWS-KOL-01,Kolkata Alipore,2000-01-16 15:00:00,21.0,1014.8,76.0,22.5726,88.3639,6.0
AWS-KOL-01,Kolkata Alipore,2000-01-16 18:00:00,19.4,1014.8,81.0,22.5726,88.3639,6.0
AWS-KOL-01,Kolkata Alipore,2000-01-16 21:00:00,18.0,1014.2,84.0,22.5726,88.3639,6.0
AWS-KOL-01,Kolkata Alipore,2000-01-17 00:00:00,17.0,1015.6,96.0,22.5726,88.3639,6.0
AWS-KOL-01,Kolkata Alipore,2000-01-17 03:00:00,19.0,1018.0,59.0,22.5726,88.3639,6.0
AWS-KOL-01,Kolkata Alipore,2000-01-17 06:00:00,22.6,1017.4,37.0,22.5726,88.3639,6.0
AWS-KOL-01,Kolkata Alipore,2000-01-17 09:00:00,24.0,1014.6,39.0,22.5726,88.3639,6.0
AWS-KOL-01,Kolkata Alipore,2000-01-17 12:00:00,21.4,1014.9,51.0,22.5726,88.3639,6.0
AWS-KOL-01,Kolkata Alipore,2000-01-17 15:00:00,16.6,1016.5,70.0,22.5726,88.3639,6.0
AWS-KOL-01,Kolkata Alipore,2000-01-17 18:00:00,13.8,1016.4,80.0,22.5726,88.3639,6.0
AWS-KOL-01,Kolkata Alipore,2000-01-17 21:00:00,13.2,1016.0,84.0,22.5726,88.3639,6.0
AWS-KOL-01,Kolkata Alipore,2000-01-18 00:00:00,10.6,1016.4,90.0,22.5726,88.3639,6.0
AWS-KOL-01,Kolkata Alipore,2000-01-18 03:00:00,16.4,1018.9,60.0,22.5726,88.3639,6.0
AWS-KOL-01,Kolkata Alipore,2000-01-18 06:00:00,21.0,1017.5,40.0,22.5726,88.3639,6.0
AWS-KOL-01,Kolkata Alipore,2000-01-18 09:00:00,23.4,1013.6,30.0,22.5726,88.3639,6.0
AWS-KOL-01,Kolkata Alipore,2000-01-18 12:00:00,20.0,1013.7,52.0,22.5726,88.3639,6.0
AWS-KOL-01,Kolkata Alipore,2000-01-18 15:00:00,15.0,1015.0,78.0,22.5726,88.3639,6.0
AWS-KOL-01,Kolkata Alipore,2000-01-18 18:00:00,13.4,1015.1,77.0,22.5726,88.3639,6.0
AWS-KOL-01,Kolkata Alipore,2000-01-19 00:00:00,10.4,1013.2,95.0,22.5726,88.3639,6.0
AWS-KOL-01,Kolkata Alipore,2000-01-19 03:00:00,17.6,1015.1,60.0,22.5726,88.3639,6.0
AWS-KOL-01,Kolkata Alipore,2000-01-19 06:00:00,23.4,1013.2,32.0,22.5726,88.3639,6.0
AWS-KOL-01,Kolkata Alipore,2000-01-19 09:00:00,24.8,1010.0,26.0,22.5726,88.3639,6.0
AWS-KOL-01,Kolkata Alipore,2000-01-19 12:00:00,21.2,1009.3,46.0,22.5726,88.3639,6.0
AWS-KOL-01,Kolkata Alipore,2000-01-19 15:00:00,15.6,1010.8,73.0,22.5726,88.3639,6.0
AWS-KOL-01,Kolkata Alipore,2000-01-19 18:00:00,14.0,1011.0,84.0,22.5726,88.3639,6.0
AWS-KOL-01,Kolkata Alipore,2000-01-20 00:00:00,12.0,1009.6,95.0,22.5726,88.3639,6.0
AWS-KOL-01,Kolkata Alipore,2000-01-20 03:00:00,19.8,1011.4,74.0,22.5726,88.3639,6.0
AWS-KOL-01,Kolkata Alipore,2000-01-20 06:00:00,25.8,1010.2,31.0,22.5726,88.3639,6.0
AWS-KOL-01,Kolkata Alipore,2000-01-20 09:00:00,28.6,1007.5,26.0,22.5726,88.3639,6.0
AWS-KOL-01,Kolkata Alipore,2000-01-20 12:00:00,23.4,1008.2,52.0,22.5726,88.3639,6.0
AWS-KOL-01,Kolkata Alipore,2000-01-20 15:00:00,18.0,1010.5,71.0,22.5726,88.3639,6.0
AWS-KOL-01,Kolkata Alipore,2000-01-20 18:00:00,15.8,1011.7,81.0,22.5726,88.3639,6.0
AWS-KOL-01,Kolkata Alipore,2000-01-20 21:00:00,15.0,1010.9,89.0,22.5726,88.3639,6.0
AWS-KOL-01,Kolkata Alipore,2000-01-21 00:00:00,17.4,1011.4,72.0,22.5726,88.3639,6.0
AWS-KOL-01,Kolkata Alipore,2000-01-21 03:00:00,21.0,1014.0,59.0,22.5726,88.3639,6.0
AWS-KOL-01,Kolkata Alipore,2000-01-21 09:00:00,27.4,1011.2,56.0,22.5726,88.3639,6.0
AWS-KOL-01,Kolkata Alipore,2000-01-21 12:00:00,25.4,1011.4,70.0,22.5726,88.3639,6.0
AWS-KOL-01,Kolkata Alipore,2000-01-21 18:00:00,19.4,1013.7,81.0,22.5726,88.3639,6.0
AWS-KOL-01,Kolkata Alipore,2000-01-21 21:00:00,18.8,1012.8,83.0,22.5726,88.3639,6.0
AWS-KOL-01,Kolkata Alipore,2000-01-22 03:00:00,18.0,1014.9,96.0,22.5726,88.3639,6.0
AWS-KOL-01,Kolkata Alipore,2000-01-22 09:00:00,26.4,1011.2,54.0,22.5726,88.3639,6.0
AWS-KOL-01,Kolkata Alipore,2000-01-22 12:00:00,24.0,1011.1,75.0,22.5726,88.3639,6.0
AWS-KOL-01,Kolkata Alipore,2000-01-22 15:00:00,21.0,1012.8,82.0,22.5726,88.3639,6.0
AWS-KOL-01,Kolkata Alipore,2000-01-22 18:00:00,19.6,1012.7,90.0,22.5726,88.3639,6.0
AWS-KOL-01,Kolkata Alipore,2000-01-22 21:00:00,18.0,1011.3,90.0,22.5726,88.3639,6.0
AWS-KOL-01,Kolkata Alipore,2000-01-23 00:00:00,20.0,1011.4,90.0,22.5726,88.3639,6.0
AWS-KOL-01,Kolkata Alipore,2000-01-23 03:00:00,20.8,1013.8,89.0,22.5726,88.3639,6.0
AWS-KOL-01,Kolkata Alipore,2000-01-23 06:00:00,26.0,1013.0,72.0,22.5726,88.3639,6.0
AWS-KOL-01,Kolkata Alipore,2000-01-23 09:00:00,27.4,1010.5,64.0,22.5726,88.3639,6.0
AWS-KOL-01,Kolkata Alipore,2000-01-23 12:00:00,23.2,1010.5,69.0,22.5726,88.3639,6.0
AWS-KOL-01,Kolkata Alipore,2000-01-23 15:00:00,21.6,1012.6,86.0,22.5726,88.3639,6.0
AWS-KOL-01,Kolkata Alipore,2000-01-23 18:00:00,20.4,1013.2,90.0,22.5726,88.3639,6.0
AWS-KOL-01,Kolkata Alipore,2000-01-23 21:00:00,19.2,1013.0,90.0,22.5726,88.3639,6.0
AWS-KOL-01,Kolkata Alipore,2000-01-24 00:00:00,18.8,1013.8,98.0,22.5726,88.3639,6.0
AWS-KOL-01,Kolkata Alipore,2000-01-24 03:00:00,20.4,1016.5,85.0,22.5726,88.3639,6.0
AWS-KOL-01,Kolkata Alipore,2000-01-24 06:00:00,25.2,1016.3,62.0,22.5726,88.3639,6.0
AWS-KOL-01,Kolkata Alipore,2000-01-24 12:00:00,24.0,1014.3,53.0,22.5726,88.3639,6.0
AWS-KOL-01,Kolkata Alipore,2000-01-24 15:00:00,18.8,1016.4,79.0,22.5726,88.3639,6.0
AWS-KOL-01,Kolkata Alipore,2000-01-24 18:00:00,18.0,1016.6,84.0,22.5726,88.3639,6.0
AWS-KOL-01,Kolkata Alipore,2000-01-24 21:00:00,17.8,1015.8,94.0,22.5726,88.3639,6.0
AWS-KOL-01,Kolkata Alipore,2000-01-25 03:00:00,18.8,1019.1,86.0,22.5726,88.3639,6.0
AWS-KOL-01,Kolkata Alipore,2000-01-25 06:00:00,24.6,1018.5,45.0,22.5726,88.3639,6.0
AWS-KOL-01,Kolkata Alipore,2000-01-25 09:00:00,26.0,1015.9,40.0,22.5726,88.3639,6.0
AWS-KOL-01,Kolkata Alipore,2000-01-25 12:00:00,22.8,1016.4,53.0,22.5726,88.3639,6.0
AWS-KOL-01,Kolkata Alipore,2000-01-25 15:00:00,18.2,1018.1,76.0,22.5726,88.3639,6.0
AWS-KOL-01,Kolkata Alipore,2000-01-25 18:00:00,17.4,1017.8,80.0,22.5726,88.3639,6.0
AWS-KOL-01,Kolkata Alipore,2000-01-25 21:00:00,16.8,1016.9,81.0,22.5726,88.3639,6.0
AWS-KOL-01,Kolkata Alipore,2000-01-26 00:00:00,15.6,1017.1,94.0,22.5726,88.3639,6.0
AWS-KOL-01,Kolkata Alipore,2000-01-26 03:00:00,19.4,1019.2,78.0,22.5726,88.3639,6.0
AWS-KOL-01,Kolkata Alipore,2000-01-26 06:00:00,25.0,1018.1,48.0,22.5726,88.3639,6.0
AWS-KOL-01,Kolkata Alipore,2000-01-26 09:00:00,26.6,1015.0,42.0,22.5726,88.3639,6.0
AWS-KOL-01,Kolkata Alipore,2000-01-26 12:00:00,23.4,1014.8,54.0,22.5726,88.3639,6.0
AWS-KOL-01,Kolkata Alipore,2000-01-26 15:00:00,17.6,1016.2,80.0,22.5726,88.3639,6.0
AWS-KOL-01,Kolkata Alipore,2000-01-26 18:00:00,15.6,1015.9,83.0,22.5726,88.3639,6.0
AWS-KOL-01,Kolkata Alipore,2000-01-26 21:00:00,14.4,1014.9,89.0,22.5726,88.3639,6.0
AWS-KOL-01,Kolkata Alipore,2000-01-27 03:00:00,20.0,1017.5,68.0,22.5726,88.3639,6.0
AWS-KOL-01,Kolkata Alipore,2000-01-27 06:00:00,26.4,1016.1,43.0,22.5726,88.3639,6.0
AWS-KOL-01,Kolkata Alipore,2000-01-27 09:00:00,28.4,1013.7,36.0,22.5726,88.3639,6.0
AWS-KOL-01,Kolkata Alipore,2000-01-27 12:00:00,24.8,1013.9,58.0,22.5726,88.3639,6.0
AWS-KOL-01,Kolkata Alipore,2000-01-27 15:00:00,19.0,1015.9,81.0,22.5726,88.3639,6.0
AWS-KOL-01,Kolkata Alipore,2000-01-27 18:00:00,16.6,1015.5,90.0,22.5726,88.3639,6.0
AWS-KOL-01,Kolkata Alipore,2000-01-27 21:00:00,15.0,1014.4,91.0,22.5726,88.3639,6.0
AWS-KOL-01,Kolkata Alipore,2000-01-28 00:00:00,14.8,1014.0,96.0,22.5726,88.3639,6.0
AWS-KOL-01,Kolkata Alipore,2000-01-28 03:00:00,19.4,1016.8,77.0,22.5726,88.3639,6.0
AWS-KOL-01,Kolkata Alipore,2000-01-28 06:00:00,27.8,1015.7,40.0,22.5726,88.3639,6.0
AWS-KOL-01,Kolkata Alipore,2000-01-28 09:00:00,28.8,1011.8,40.0,22.5726,88.3639,6.0
AWS-KOL-01,Kolkata Alipore,2000-01-28 12:00:00,25.0,1012.4,54.0,22.5726,88.3639,6.0
AWS-KOL-01,Kolkata Alipore,2000-01-28 15:00:00,21.6,1013.4,72.0,22.5726,88.3639,6.0
AWS-KOL-01,Kolkata Alipore,2000-01-28 18:00:00,20.2,1012.5,83.0,22.5726,88.3639,6.0
AWS-KOL-01,Kolkata Alipore,2000-01-28 21:00:00,19.0,1012.5,90.0,22.5726,88.3639,6.0
AWS-KOL-01,Kolkata Alipore,2000-01-29 00:00:00,17.4,1012.7,96.0,22.5726,88.3639,6.0
AWS-KOL-01,Kolkata Alipore,2000-01-29 03:00:00,20.0,1015.7,72.0,22.5726,88.3639,6.0
AWS-KOL-01,Kolkata Alipore,2000-01-29 06:00:00,23.0,1014.9,59.0,22.5726,88.3639,6.0
AWS-KOL-01,Kolkata Alipore,2000-01-29 09:00:00,23.4,1013.1,49.0,22.5726,88.3639,6.0
AWS-KOL-01,Kolkata Alipore,2000-01-29 12:00:00,21.0,1013.6,60.0,22.5726,88.3639,6.0
AWS-KOL-01,Kolkata Alipore,2000-01-29 15:00:00,16.8,1015.3,79.0,22.5726,88.3639,6.0
AWS-KOL-01,Kolkata Alipore,2000-01-29 18:00:00,15.0,1016.0,87.0,22.5726,88.3639,6.0
AWS-KOL-01,Kolkata Alipore,2000-01-29 21:00:00,14.6,1016.0,87.0,22.5726,88.3639,6.0
AWS-KOL-01,Kolkata Alipore,2000-01-30 00:00:00,13.4,1016.0,84.0,22.5726,88.3639,6.0
AWS-KOL-01,Kolkata Alipore,2000-01-30 03:00:00,17.6,1018.2,71.0,22.5726,88.3639,6.0
AWS-KOL-01,Kolkata Alipore,2000-01-30 06:00:00,23.4,1017.7,42.0,22.5726,88.3639,6.0
AWS-KOL-01,Kolkata Alipore,2000-01-30 09:00:00,25.2,1015.1,30.0,22.5726,88.3639,6.0
AWS-KOL-01,Kolkata Alipore,2000-01-30 12:00:00,20.2,1015.5,57.0,22.5726,88.3639,6.0
AWS-KOL-01,Kolkata Alipore,2000-01-30 15:00:00,16.4,1017.4,70.0,22.5726,88.3639,6.0
AWS-KOL-01,Kolkata Alipore,2000-01-30 18:00:00,13.6,1017.8,82.0,22.5726,88.3639,6.0
AWS-KOL-01,Kolkata Alipore,2000-01-30 21:00:00,12.4,1016.5,88.0,22.5726,88.3639,6.0
AWS-KOL-01,Kolkata Alipore,2000-01-31 00:00:00,11.6,1017.0,90.0,22.5726,88.3639,6.0
AWS-KOL-01,Kolkata Alipore,2000-01-31 03:00:00,19.8,1019.2,69.0,22.5726,88.3639,6.0
AWS-KOL-01,Kolkata Alipore,2000-01-31 06:00:00,24.0,1018.1,42.0,22.5726,88.3639,6.0
AWS-KOL-01,Kolkata Alipore,2000-01-31 09:00:00,25.0,1014.9,38.0,22.5726,88.3639,6.0
AWS-KOL-01,Kolkata Alipore,2000-01-31 12:00:00,22.4,1015.0,55.0,22.5726,88.3639,6.0
AWS-KOL-01,Kolkata Alipore,2000-01-31 15:00:00,17.8,1016.1,74.0,22.5726,88.3639,6.0
AWS-KOL-01,Kolkata Alipore,2000-01-31 18:00:00,15.6,1016.4,85.0,22.5726,88.3639,6.0
AWS-KOL-01,Kolkata Alipore,2000-01-31 21:00:00,14.6,1015.2,89.0,22.5726,88.3639,6.0
AWS-KOL-01,Kolkata Alipore,2000-02-01 00:00:00,13.0,1014.7,93.0,22.5726,88.3639,6.0
AWS-KOL-01,Kolkata Alipore,2000-02-01 03:00:00,20.0,1016.8,72.0,22.5726,88.3639,6.0
AWS-KOL-01,Kolkata Alipore,2000-02-01 09:00:00,27.0,1012.1,37.0,22.5726,88.3639,6.0
AWS-KOL-01,Kolkata Alipore,2000-02-01 12:00:00,23.0,1011.7,56.0,22.5726,88.3639,6.0
AWS-KOL-01,Kolkata Alipore,2000-02-01 15:00:00,20.0,1013.8,72.0,22.5726,88.3639,6.0
AWS-KOL-01,Kolkata Alipore,2000-02-01 18:00:00,17.6,1013.5,88.0,22.5726,88.3639,6.0
AWS-KOL-01,Kolkata Alipore,2000-02-01 21:00:00,16.6,1011.7,91.0,22.5726,88.3639,6.0
AWS-KOL-01,Kolkata Alipore,2000-02-02 00:00:00,16.0,1012.6,96.0,22.5726,88.3639,6.0
AWS-KOL-01,Kolkata Alipore,2000-02-02 03:00:00,21.0,1015.0,76.0,22.5726,88.3639,6.0
AWS-KOL-01,Kolkata Alipore,2000-02-02 06:00:00,26.4,1014.3,57.0,22.5726,88.3639,6.0
AWS-KOL-01,Kolkata Alipore,2000-02-02 09:00:00,27.8,1012.0,49.0,22.5726,88.3639,6.0
AWS-KOL-01,Kolkata Alipore,2000-02-02 12:00:00,24.6,1011.8,66.0,22.5726,88.3639,6.0
AWS-KOL-01,Kolkata Alipore,2000-02-02 15:00:00,22.0,1014.0,77.0,22.5726,88.3639,6.0
AWS-KOL-01,Kolkata Alipore,2000-02-02 18:00:00,21.6,1014.5,86.0,22.5726,88.3639,6.0
AWS-KOL-01,Kolkata Alipore,2000-02-02 21:00:00,21.0,1013.7,87.0,22.5726,88.3639,6.0
AWS-KOL-01,Kolkata Alipore,2000-02-03 00:00:00,20.6,1014.3,95.0,22.5726,88.3639,6.0
AWS-KOL-01,Kolkata Alipore,2000-02-03 03:00:00,21.0,1016.8,95.0,22.5726,88.3639,6.0
AWS-KOL-01,Kolkata Alipore,2000-02-03 06:00:00,23.0,1016.5,83.0,22.5726,88.3639,6.0
AWS-KOL-01,Kolkata Alipore,2000-02-03 12:00:00,24.6,1013.0,78.0,22.5726,88.3639,6.0
AWS-KOL-01,Kolkata Alipore,2000-02-03 15:00:00,21.0,1014.5,91.0,22.5726,88.3639,6.0
AWS-KOL-01,Kolkata Alipore,2000-02-03 18:00:00,20.4,1014.5,90.0,22.5726,88.3639,6.0
AWS-KOL-01,Kolkata Alipore,2000-02-03 21:00:00,20.0,1013.3,90.0,22.5726,88.3639,6.0
AWS-KOL-01,Kolkata Alipore,2000-02-04 00:00:00,20.0,1012.6,90.0,22.5726,88.3639,6.0
AWS-KOL-01,Kolkata Alipore,2000-02-04 03:00:00,21.0,1015.0,86.0,22.5726,88.3639,6.0
AWS-KOL-01,Kolkata Alipore,2000-02-04 06:00:00,25.4,1014.1,70.0,22.5726,88.3639,6.0
AWS-KOL-01,Kolkata Alipore,2000-02-04 09:00:00,27.4,1011.0,64.0,22.5726,88.3639,6.0
AWS-KOL-01,Kolkata Alipore,2000-02-04 12:00:00,25.6,1011.0,74.0,22.5726,88.3639,6.0
AWS-KOL-01,Kolkata Alipore,2000-02-04 15:00:00,23.2,1012.5,86.0,22.5726,88.3639,6.0
AWS-KOL-01,Kolkata Alipore,2000-02-04 18:00:00,23.0,1012.5,88.0,22.5726,88.3639,6.0
AWS-KOL-01,Kolkata Alipore,2000-02-04 21:00:00,22.0,1011.9,89.0,22.5726,88.3639,6.0
AWS-KOL-01,Kolkata Alipore,2000-02-05 00:00:00,21.6,1011.3,93.0,22.5726,88.3639,6.0
AWS-KOL-01,Kolkata Alipore,2000-02-05 03:00:00,23.6,1013.5,88.0,22.5726,88.3639,6.0
AWS-KOL-01,Kolkata Alipore,2000-02-05 06:00:00,27.6,1012.7,63.0,22.5726,88.3639,6.0
AWS-KOL-01,Kolkata Alipore,2000-02-05 09:00:00,29.4,1009.8,50.0,22.5726,88.3639,6.0
AWS-KOL-01,Kolkata Alipore,2000-02-05 12:00:00,23.0,1010.1,83.0,22.5726,88.3639,6.0
AWS-KOL-01,Kolkata Alipore,2000-02-05 15:00:00,19.8,1012.3,78.0,22.5726,88.3639,6.0
AWS-KOL-01,Kolkata Alipore,2000-02-05 18:00:00,19.2,1012.4,86.0,22.5726,88.3639,6.0
AWS-KOL-01,Kolkata Alipore,2000-02-05 21:00:00,19.0,1010.9,92.0,22.5726,88.3639,6.0
AWS-KOL-01,Kolkata Alipore,2000-02-06 00:00:00,18.6,1010.9,94.0,22.5726,88.3639,6.0
AWS-KOL-01,Kolkata Alipore,2000-02-06 03:00:00,21.0,1012.9,80.0,22.5726,88.3639,6.0
AWS-KOL-01,Kolkata Alipore,2000-02-06 06:00:00,23.6,1012.8,60.0,22.5726,88.3639,6.0
AWS-KOL-01,Kolkata Alipore,2000-02-06 09:00:00,23.0,1010.4,78.0,22.5726,88.3639,6.0
AWS-KOL-01,Kolkata Alipore,2000-02-06 12:00:00,22.6,1010.1,84.0,22.5726,88.3639,6.0
AWS-KOL-01,Kolkata Alipore,2000-02-06 15:00:00,21.8,1011.5,91.0,22.5726,88.3639,6.0
AWS-KOL-01,Kolkata Alipore,2000-02-06 18:00:00,21.4,1011.8,91.0,22.5726,88.3639,6.0
AWS-KOL-01,Kolkata Alipore,2000-02-06 21:00:00,20.0,1010.8,94.0,22.5726,88.3639,6.0
AWS-KOL-01,Kolkata Alipore,2000-02-07 00:00:00,29.4,1010.7,52.0,22.5726,88.3639,6.0
AWS-KOL-01,Kolkata Alipore,2000-02-07 03:00:00,21.0,1013.5,87.0,22.5726,88.3639,6.0
AWS-KOL-01,Kolkata Alipore,2000-02-07 06:00:00,22.6,1013.4,81.0,22.5726,88.3639,6.0
AWS-KOL-01,Kolkata Alipore,2000-02-07 09:00:00,23.6,1011.1,73.0,22.5726,88.3639,6.0
AWS-KOL-01,Kolkata Alipore,2000-02-07 12:00:00,22.2,1010.8,83.0,22.5726,88.3639,6.0
AWS-KOL-01,Kolkata Alipore,2000-02-07 15:00:00,19.6,1012.3,92.0,22.5726,88.3639,6.0
AWS-KOL-01,Kolkata Alipore,2000-02-07 18:00:00,17.6,1011.4,88.0,22.5726,88.3639,6.0
AWS-KOL-01,Kolkata Alipore,2000-02-07 21:00:00,17.6,1010.5,94.0,22.5726,88.3639,6.0
AWS-KOL-01,Kolkata Alipore,2000-02-08 00:00:00,16.6,1011.1,94.0,22.5726,88.3639,6.0
AWS-KOL-01,Kolkata Alipore,2000-02-08 03:00:00,19.0,1014.1,90.0,22.5726,88.3639,6.0
AWS-KOL-01,Kolkata Alipore,2000-02-08 06:00:00,24.8,1013.6,58.0,22.5726,88.3639,6.0
AWS-KOL-01,Kolkata Alipore,2000-02-08 09:00:00,25.6,1011.3,58.0,22.5726,88.3639,6.0
AWS-KOL-01,Kolkata Alipore,2000-02-08 12:00:00,23.4,1011.3,67.0,22.5726,88.3639,6.0
AWS-KOL-01,Kolkata Alipore,2000-02-08 15:00:00,20.4,1012.4,80.0,22.5726,88.3639,6.0
AWS-KOL-01,Kolkata Alipore,2000-02-08 18:00:00,18.4,1012.0,88.0,22.5726,88.3639,6.0
AWS-KOL-01,Kolkata Alipore,2000-02-08 21:00:00,17.2,1011.2,90.0,22.5726,88.3639,6.0
AWS-KOL-01,Kolkata Alipore,2000-02-09 00:00:00,17.0,1011.9,90.0,22.5726,88.3639,6.0
AWS-KOL-01,Kolkata Alipore,2000-02-09 03:00:00,18.4,1014.1,83.0,22.5726,88.3639,6.0
AWS-KOL-01,Kolkata Alipore,2000-02-09 06:00:00,22.4,1013.4,65.0,22.5726,88.3639,6.0
AWS-KOL-01,Kolkata Alipore,2000-02-09 09:00:00,24.0,1010.9,60.0,22.5726,88.3639,6.0
AWS-KOL-01,Kolkata Alipore,2000-02-09 18:00:00,19.4,1012.7,81.0,22.5726,88.3639,6.0
AWS-KOL-01,Kolkata Alipore,2000-02-09 21:00:00,19.6,1011.9,81.0,22.5726,88.3639,6.0
AWS-KOL-01,Kolkata Alipore,2000-02-10 00:00:00,19.0,1012.1,88.0,22.5726,88.3639,6.0
AWS-KOL-01,Kolkata Alipore,2000-02-10 03:00:00,20.4,1014.4,78.0,22.5726,88.3639,6.0
AWS-KOL-01,Kolkata Alipore,2000-02-10 06:00:00,24.0,1014.9,57.0,22.5726,88.3639,6.0
AWS-KOL-01,Kolkata Alipore,2000-02-10 09:00:00,25.8,1012.2,52.0,22.5726,88.3639,6.0
AWS-KOL-01,Kolkata Alipore,2000-02-10 12:00:00,24.0,1012.6,63.0,22.5726,88.3639,6.0
AWS-KOL-01,Kolkata Alipore,2000-02-10 15:00:00,20.8,1013.4,82.0,22.5726,88.3639,6.0
AWS-KOL-01,Kolkata Alipore,2000-02-10 18:00:00,19.0,1013.3,90.0,22.5726,88.3639,6.0
AWS-KOL-01,Kolkata Alipore,2000-02-10 21:00:00,18.4,1012.1,94.0,22.5726,88.3639,6.0
AWS-KOL-01,Kolkata Alipore,2000-02-11 03:00:00,18.0,1014.6,100.0,22.5726,88.3639,6.0
AWS-KOL-01,Kolkata Alipore,2000-02-11 06:00:00,25.0,1012.9,57.0,22.5726,88.3639,6.0
AWS-KOL-01,Kolkata Alipore,2000-02-11 09:00:00,27.0,1010.6,51.0,22.5726,88.3639,6.0
AWS-KOL-01,Kolkata Alipore,2000-02-11 12:00:00,25.2,1010.5,58.0,22.5726,88.3639,6.0
AWS-KOL-01,Kolkata Alipore,2000-02-11 15:00:00,23.0,1012.0,70.0,22.5726,88.3639,6.0
AWS-KOL-01,Kolkata Alipore,2000-02-11 18:00:00,21.4,1012.0,78.0,22.5726,88.3639,6.0
AWS-KOL-01,Kolkata Alipore,2000-02-11 21:00:00,20.4,1010.6,87.0,22.5726,88.3639,6.0
AWS-KOL-01,Kolkata Alipore,2000-02-12 00:00:00,20.4,1010.3,87.0,22.5726,88.3639,6.0
AWS-KOL-01,Kolkata Alipore,2000-02-12 03:00:00,22.6,1013.7,73.0,22.5726,88.3639,6.0
AWS-KOL-01,Kolkata Alipore,2000-02-12 06:00:00,19.4,1013.9,98.0,22.5726,88.3639,6.0
AWS-KOL-01,Kolkata Alipore,2000-02-12 09:00:00,21.4,1011.6,74.0,22.5726,88.3639,6.0
AWS-KOL-01,Kolkata Alipore,2000-02-12 12:00:00,21.4,1011.6,75.0,22.5726,88.3639,6.0
AWS-KOL-01,Kolkata Alipore,2000-02-12 15:00:00,20.0,1013.1,85.0,22.5726,88.3639,6.0
AWS-KOL-01,Kolkata Alipore,2000-02-12 18:00:00,29.0,1012.8,45.0,22.5726,88.3639,6.0
AWS-KOL-01,Kolkata Alipore,2000-02-12 21:00:00,18.0,1011.9,86.0,22.5726,88.3639,6.0
AWS-KOL-01,Kolkata Alipore,2000-02-13 00:00:00,18.2,1011.8,90.0,22.5726,88.3639,6.0
AWS-KOL-01,Kolkata Alipore,2000-02-13 03:00:00,20.2,1014.2,78.0,22.5726,88.3639,6.0
AWS-KOL-01,Kolkata Alipore,2000-02-13 06:00:00,22.4,1014.3,65.0,22.5726,88.3639,6.0
AWS-KOL-01,Kolkata Alipore,2000-02-13 09:00:00,25.6,1011.2,58.0,22.5726,88.3639,6.0
AWS-KOL-01,Kolkata Alipore,2000-02-13 12:00:00,24.4,1011.4,65.0,22.5726,88.3639,6.0
AWS-KOL-01,Kolkata Alipore,2000-02-13 15:00:00,22.0,1012.0,77.0,22.5726,88.3639,6.0
AWS-KOL-01,Kolkata Alipore,2000-02-13 18:00:00,21.0,1013.1,76.0,22.5726,88.3639,6.0
AWS-KOL-01,Kolkata Alipore,2000-02-13 21:00:00,20.8,1012.5,87.0,22.5726,88.3639,6.0
AWS-KOL-01,Kolkata Alipore,2000-02-14 00:00:00,20.0,1013.1,87.0,22.5726,88.3639,6.0
AWS-KOL-01,Kolkata Alipore,2000-02-14 03:00:00,21.0,1015.0,76.0,22.5726,88.3639,6.0
AWS-KOL-01,Kolkata Alipore,2000-02-14 06:00:00,24.2,1014.9,65.0,22.5726,88.3639,6.0
AWS-KOL-01,Kolkata Alipore,2000-02-14 09:00:00,26.2,1012.8,44.0,22.5726,88.3639,6.0
AWS-KOL-01,Kolkata Alipore,2000-02-14 12:00:00,24.2,1014.9,65.0,22.5726,88.3639,6.0
AWS-KOL-01,Kolkata Alipore,2000-02-14 15:00:00,21.8,1013.9,64.0,22.5726,88.3639,6.0
AWS-KOL-01,Kolkata Alipore,2000-02-14 18:00:00,19.2,1014.2,77.0,22.5726,88.3639,6.0
AWS-KOL-01,Kolkata Alipore,2000-02-14 21:00:00,18.4,1013.8,81.0,22.5726,88.3639,6.0
AWS-KOL-01,Kolkata Alipore,2000-02-15 00:00:00,16.4,1014.0,81.0,22.5726,88.3639,6.0
AWS-KOL-01,Kolkata Alipore,2000-02-15 03:00:00,20.0,1016.1,59.0,22.5726,88.3639,6.0
AWS-KOL-01,Kolkata Alipore,2000-02-15 06:00:00,24.0,1015.9,42.0,22.5726,88.3639,6.0
AWS-KOL-01,Kolkata Alipore,2000-02-15 09:00:00,25.0,1012.8,40.0,22.5726,88.3639,6.0
AWS-KOL-01,Kolkata Alipore,2000-02-15 12:00:00,23.2,1012.4,53.0,22.5726,88.3639,6.0
AWS-KOL-01,Kolkata Alipore,2000-02-15 15:00:00,19.4,1013.7,65.0,22.5726,88.3639,6.0
AWS-KOL-01,Kolkata Alipore,2000-02-15 18:00:00,16.0,1013.9,83.0,22.5726,88.3639,6.0
AWS-KOL-01,Kolkata Alipore,2000-02-15 21:00:00,15.0,1013.2,89.0,22.5726,88.3639,6.0
AWS-KOL-01,Kolkata Alipore,2000-02-16 00:00:00,13.6,1013.4,87.0,22.5726,88.3639,6.0
AWS-KOL-01,Kolkata Alipore,2000-02-16 03:00:00,19.6,1015.1,54.0,22.5726,88.3639,6.0
AWS-KOL-01,Kolkata Alipore,2000-02-16 06:00:00,23.6,1013.9,41.0,22.5726,88.3639,6.0
AWS-KOL-01,Kolkata Alipore,2000-02-16 09:00:00,25.0,1010.5,41.0,22.5726,88.3639,6.0
AWS-KOL-01,Kolkata Alipore,2000-02-16 12:00:00,22.0,1010.1,55.0,22.5726,88.3639,6.0
AWS-KOL-01,Kolkata Alipore,2000-02-16 15:00:00,18.0,1011.1,74.0,22.5726,88.3639,6.0
AWS-KOL-01,Kolkata Alipore,2000-02-16 18:00:00,16.6,1011.2,85.0,22.5726,88.3639,6.0
AWS-KOL-01,Kolkata Alipore,2000-02-16 21:00:00,15.6,1009.5,91.0,22.5726,88.3639,6.0
AWS-KOL-01,Kolkata Alipore,2000-02-17 00:00:00,15.2,1009.7,93.0,22.5726,88.3639,6.0
AWS-KOL-01,Kolkata Alipore,2000-02-17 03:00:00,18.8,1012.0,83.0,22.5726,88.3639,6.0
AWS-KOL-01,Kolkata Alipore,2000-02-17 06:00:00,24.6,1010.9,56.0,22.5726,88.3639,6.0
AWS-KOL-01,Kolkata Alipore,2000-02-17 09:00:00,27.0,1007.8,52.0,22.5726,88.3639,6.0
AWS-KOL-01,Kolkata Alipore,2000-02-17 12:00:00,25.0,1006.7,64.0,22.5726,88.3639,6.0
AWS-KOL-01,Kolkata Alipore,2000-02-17 15:00:00,21.0,1009.5,91.0,22.5726,88.3639,6.0
AWS-KOL-01,Kolkata Alipore,2000-02-17 18:00:00,20.6,1009.6,91.0,22.5726,88.3639,6.0
AWS-KOL-01,Kolkata Alipore,2000-02-17 21:00:00,19.6,1008.7,96.0,22.5726,88.3639,6.0
AWS-KOL-01,Kolkata Alipore,2000-02-18 00:00:00,20.0,1009.5,96.0,22.5726,88.3639,6.0
AWS-KOL-01,Kolkata Alipore,2000-02-18 03:00:00,20.0,1012.9,69.0,22.5726,88.3639,6.0
AWS-KOL-01,Kolkata Alipore,2000-02-18 06:00:00,24.6,1012.4,40.0,22.5726,88.3639,6.0
AWS-KOL-01,Kolkata Alipore,2000-02-18 09:00:00,26.6,1009.8,29.0,22.5726,88.3639,6.0
AWS-KOL-01,Kolkata Alipore,2000-02-18 12:00:00,24.0,1009.9,43.0,22.5726,88.3639,6.0
AWS-KOL-01,Kolkata Alipore,2000-02-18 15:00:00,18.4,1011.3,71.0,22.5726,88.3639,6.0
AWS-KOL-01,Kolkata Alipore,2000-02-18 18:00:00,16.4,1011.4,85.0,22.5726,88.3639,6.0
AWS-KOL-01,Kolkata Alipore,2000-02-18 21:00:00,15.8,1011.0,87.0,22.5726,88.3639,6.0
AWS-KOL-01,Kolkata Alipore,2000-02-19 00:00:00,17.0,1011.4,98.0,22.5726,88.3639,6.0
AWS-KOL-01,Kolkata Alipore,2000-02-19 03:00:00,17.2,1013.9,96.0,22.5726,88.3639,6.0
AWS-KOL-01,Kolkata Alipore,2000-02-19 06:00:00,25.2,1013.3,25.0,22.5726,88.3639,6.0
AWS-KOL-01,Kolkata Alipore,2000-02-19 09:00:00,26.0,1010.7,32.0,22.5726,88.3639,6.0
AWS-KOL-01,Kolkata Alipore,2000-02-19 12:00:00,24.0,1010.7,49.0,22.5726,88.3639,6.0
AWS-KOL-01,Kolkata Alipore,2000-02-19 15:00:00,20.4,1011.9,64.0,22.5726,88.3639,6.0
AWS-KOL-01,Kolkata Alipore,2000-02-19 18:00:00,17.4,1012.3,80.0,22.5726,88.3639,6.0
AWS-KOL-01,Kolkata Alipore,2000-02-19 21:00:00,15.4,1010.7,89.0,22.5726,88.3639,6.0
AWS-KOL-01,Kolkata Alipore,2000-02-20 00:00:00,14.4,1010.7,89.0,22.5726,88.3639,6.0
AWS-KOL-01,Kolkata Alipore,2000-02-20 03:00:00,21.0,1013.3,73.0,22.5726,88.3639,6.0
AWS-KOL-01,Kolkata Alipore,2000-02-20 06:00:00,26.0,1012.6,45.0,22.5726,88.3639,6.0
AWS-KOL-01,Kolkata Alipore,2000-02-20 09:00:00,27.2,1010.3,45.0,22.5726,88.3639,6.0
AWS-KOL-01,Kolkata Alipore,2000-02-20 12:00:00,25.0,1010.4,45.0,22.5726,88.3639,6.0
AWS-KOL-01,Kolkata Alipore,2000-02-20 15:00:00,22.0,1012.2,68.0,22.5726,88.3639,6.0
AWS-KOL-01,Kolkata Alipore,2000-02-20 18:00:00,21.0,1012.5,75.0,22.5726,88.3639,6.0
AWS-KOL-01,Kolkata Alipore,2000-02-20 21:00:00,20.0,1010.8,81.0,22.5726,88.3639,6.0
AWS-KOL-01,Kolkata Alipore,2000-02-21 00:00:00,19.2,1011.4,86.0,22.5726,88.3639,6.0
AWS-KOL-01,Kolkata Alipore,2000-02-21 03:00:00,20.2,1014.5,85.0,22.5726,88.3639,6.0
AWS-KOL-01,Kolkata Alipore,2000-02-21 06:00:00,22.8,1015.1,78.0,22.5726,88.3639,6.0
AWS-KOL-01,Kolkata Alipore,2000-02-21 09:00:00,23.0,1012.7,68.0,22.5726,88.3639,6.0
AWS-KOL-01,Kolkata Alipore,2000-02-21 12:00:00,22.2,1012.7,76.0,22.5726,88.3639,6.0
AWS-KOL-01,Kolkata Alipore,2000-02-21 15:00:00,18.6,1013.1,86.0,22.5726,88.3639,6.0
AWS-KOL-01,Kolkata Alipore,2000-02-21 18:00:00,16.6,1013.2,94.0,22.5726,88.3639,6.0
AWS-KOL-01,Kolkata Alipore,2000-02-21 21:00:00,17.0,1013.0,86.0,22.5726,88.3639,6.0
AWS-KOL-01,Kolkata Alipore,2000-02-22 00:00:00,16.6,1012.7,90.0,22.5726,88.3639,6.0
AWS-KOL-01,Kolkata Alipore,2000-02-22 03:00:00,21.0,1015.4,72.0,22.5726,88.3639,6.0
AWS-KOL-01,Kolkata Alipore,2000-02-22 06:00:00,25.4,1015.1,44.0,22.5726,88.3639,6.0
AWS-KOL-01,Kolkata Alipore,2000-02-22 09:00:00,27.4,1012.7,42.0,22.5726,88.3639,6.0
AWS-KOL-01,Kolkata Alipore,2000-02-22 12:00:00,25.4,1012.3,54.0,22.5726,88.3639,6.0
AWS-KOL-01,Kolkata Alipore,2000-02-22 15:00:00,20.2,1012.7,80.0,22.5726,88.3639,6.0
AWS-KOL-01,Kolkata Alipore,2000-02-22 18:00:00,19.4,1013.2,81.0,22.5726,88.3639,6.0
AWS-KOL-01,Kolkata Alipore,2000-02-22 21:00:00,18.8,1012.1,83.0,22.5726,88.3639,6.0
AWS-KOL-01,Kolkata Alipore,2000-02-23 00:00:00,17.0,1012.2,88.0,22.5726,88.3639,6.0
AWS-KOL-01,Kolkata Alipore,2000-02-23 03:00:00,24.0,1015.5,57.0,22.5726,88.3639,6.0
AWS-KOL-01,Kolkata Alipore,2000-02-23 09:00:00,28.4,1012.1,35.0,22.5726,88.3639,6.0
AWS-KOL-01,Kolkata Alipore,2000-02-23 12:00:00,25.6,1012.0,52.0,22.5726,88.3639,6.0
AWS-KOL-01,Kolkata Alipore,2000-02-23 15:00:00,20.6,1013.1,68.0,22.5726,88.3639,6.0
AWS-KOL-01,Kolkata Alipore,2000-02-23 18:00:00,19.0,1013.1,75.0,22.5726,88.3639,6.0
AWS-KOL-01,Kolkata Alipore,2000-02-23 21:00:00,18.0,1012.0,80.0,22.5726,88.3639,6.0
AWS-KOL-01,Kolkata Alipore,2000-02-24 00:00:00,18.0,1012.7,86.0,22.5726,88.3639,6.0
AWS-KOL-01,Kolkata Alipore,2000-02-24 03:00:00,23.0,1014.7,52.0,22.5726,88.3639,6.0
AWS-KOL-01,Kolkata Alipore,2000-02-24 06:00:00,27.6,1014.4,29.0,22.5726,88.3639,6.0
AWS-KOL-01,Kolkata Alipore,2000-02-24 09:00:00,27.0,1012.7,30.0,22.5726,88.3639,6.0
AWS-KOL-01,Kolkata Alipore,2000-02-24 12:00:00,24.4,1012.1,39.0,22.5726,88.3639,6.0
AWS-KOL-01,Kolkata Alipore,2000-02-24 15:00:00,22.0,1013.3,57.0,22.5726,88.3639,6.0
AWS-KOL-01,Kolkata Alipore,2000-02-24 18:00:00,21.6,1013.1,55.0,22.5726,88.3639,6.0
AWS-KOL-01,Kolkata Alipore,2000-02-24 21:00:00,21.0,1012.3,70.0,22.5726,88.3639,6.0
AWS-KOL-01,Kolkata Alipore,2000-02-25 00:00:00,20.0,1012.7,71.0,22.5726,88.3639,6.0
AWS-KOL-01,Kolkata Alipore,2000-02-25 03:00:00,23.4,1014.7,41.0,22.5726,88.3639,6.0
AWS-KOL-01,Kolkata Alipore,2000-02-25 06:00:00,27.0,1013.7,26.0,22.5726,88.3639,6.0
AWS-KOL-01,Kolkata Alipore,2000-02-25 09:00:00,26.8,1010.4,19.0,22.5726,88.3639,6.0
AWS-KOL-01,Kolkata Alipore,2000-02-25 12:00:00,24.4,1010.2,40.0,22.5726,88.3639,6.0
AWS-KOL-01,Kolkata Alipore,2000-02-25 15:00:00,20.2,1011.8,54.0,22.5726,88.3639,6.0
AWS-KOL-01,Kolkata Alipore,2000-02-25 18:00:00,20.0,1011.6,64.0,22.5726,88.3639,6.0
AWS-KOL-01,Kolkata Alipore,2000-02-25 21:00:00,19.6,1010.7,70.0,22.5726,88.3639,6.0
AWS-KOL-01,Kolkata Alipore,2000-02-26 00:00:00,18.6,1011.4,73.0,22.5726,88.3639,6.0
AWS-KOL-01,Kolkata Alipore,2000-02-26 03:00:00,23.4,1013.3,32.0,22.5726,88.3639,6.0
AWS-KOL-01,Kolkata Alipore,2000-02-26 06:00:00,25.4,1013.0,29.0,22.5726,88.3639,6.0
AWS-KOL-01,Kolkata Alipore,2000-02-26 12:00:00,24.0,1010.3,45.0,22.5726,88.3639,6.0
AWS-KOL-01,Kolkata Alipore,2000-02-26 15:00:00,20.0,1011.7,59.0,22.5726,88.3639,6.0
AWS-KOL-01,Kolkata Alipore,2000-02-26 18:00:00,17.8,1011.7,76.0,22.5726,88.3639,6.0
AWS-KOL-01,Kolkata Alipore,2000-02-26 21:00:00,17.2,1011.0,78.0,22.5726,88.3639,6.0
AWS-KOL-01,Kolkata Alipore,2000-02-27 00:00:00,15.0,1011.3,83.0,22.5726,88.3639,6.0
AWS-KOL-01,Kolkata Alipore,2000-02-27 03:00:00,22.6,1013.8,51.0,22.5726,88.3639,6.0
AWS-KOL-01,Kolkata Alipore,2000-02-27 06:00:00,27.8,1012.6,36.0,22.5726,88.3639,6.0
AWS-KOL-01,Kolkata Alipore,2000-02-27 09:00:00,28.4,1009.3,32.0,22.5726,88.3639,6.0
AWS-KOL-01,Kolkata Alipore,2000-02-27 12:00:00,27.0,1009.5,41.0,22.5726,88.3639,6.0
AWS-KOL-01,Kolkata Alipore,2000-02-27 15:00:00,22.4,1011.8,55.0,22.5726,88.3639,6.0
AWS-KOL-01,Kolkata Alipore,2000-02-27 18:00:00,19.0,1012.5,77.0,22.5726,88.3639,6.0
AWS-KOL-01,Kolkata Alipore,2000-02-27 21:00:00,18.0,1012.5,80.0,22.5726,88.3639,6.0
AWS-KOL-01,Kolkata Alipore,2000-02-28 00:00:00,16.2,1012.6,84.0,22.5726,88.3639,6.0
AWS-KOL-01,Kolkata Alipore,2000-02-28 03:00:00,22.4,1015.1,57.0,22.5726,88.3639,6.0
AWS-KOL-01,Kolkata Alipore,2000-02-28 06:00:00,29.0,1013.6,48.0,22.5726,88.3639,6.0
AWS-KOL-01,Kolkata Alipore,2000-02-28 09:00:00,29.0,1010.6,37.0,22.5726,88.3639,6.0
AWS-KOL-01,Kolkata Alipore,2000-02-28 12:00:00,26.8,1010.6,31.0,22.5726,88.3639,6.0
AWS-KOL-01,Kolkata Alipore,2000-02-28 15:00:00,20.2,1012.6,62.0,22.5726,88.3639,6.0
AWS-KOL-01,Kolkata Alipore,2000-02-28 18:00:00,17.8,1012.8,67.0,22.5726,88.3639,6.0
AWS-KOL-01,Kolkata Alipore,2000-02-28 21:00:00,16.4,1012.4,71.0,22.5726,88.3639,6.0
AWS-KOL-01,Kolkata Alipore,2000-02-29 00:00:00,15.2,1012.5,81.0,22.5726,88.3639,6.0
AWS-KOL-01,Kolkata Alipore,2000-02-29 03:00:00,22.8,1013.9,52.0,22.5726,88.3639,6.0
AWS-KOL-01,Kolkata Alipore,2000-02-29 06:00:00,27.8,1012.4,33.0,22.5726,88.3639,6.0
AWS-KOL-01,Kolkata Alipore,2000-02-29 09:00:00,28.0,1007.7,34.0,22.5726,88.3639,6.0
AWS-KOL-01,Kolkata Alipore,2000-02-29 12:00:00,26.2,1008.2,40.0,22.5726,88.3639,6.0
AWS-KOL-01,Kolkata Alipore,2000-02-29 15:00:00,21.4,1010.2,60.0,22.5726,88.3639,6.0
AWS-KOL-01,Kolkata Alipore,2000-02-29 18:00:00,19.2,1010.7,70.0,22.5726,88.3639,6.0
AWS-KOL-01,Kolkata Alipore,2000-02-29 21:00:00,17.4,1009.2,80.0,22.5726,88.3639,6.0
AWS-KOL-01,Kolkata Alipore,2000-03-01 00:00:00,16.4,1009.2,87.0,22.5726,88.3639,6.0
AWS-KOL-01,Kolkata Alipore,2000-03-01 03:00:00,24.0,1010.7,60.0,22.5726,88.3639,6.0
AWS-KOL-01,Kolkata Alipore,2000-03-01 06:00:00,29.0,1009.4,56.0,22.5726,88.3639,6.0
AWS-KOL-01,Kolkata Alipore,2000-03-01 09:00:00,31.8,1006.2,39.0,22.5726,88.3639,6.0
AWS-KOL-01,Kolkata Alipore,2000-03-01 12:00:00,29.2,1005.9,46.0,22.5726,88.3639,6.0
AWS-KOL-01,Kolkata Alipore,2000-03-01 15:00:00,24.8,1007.6,72.0,22.5726,88.3639,6.0
AWS-KOL-01,Kolkata Alipore,2000-03-01 18:00:00,23.0,1007.3,81.0,22.5726,88.3639,6.0
AWS-KOL-01,Kolkata Alipore,2000-03-02 00:00:00,21.4,1006.6,87.0,22.5726,88.3639,6.0
AWS-KOL-01,Kolkata Alipore,2000-03-02 03:00:00,25.2,1008.9,70.0,22.5726,88.3639,6.0
AWS-KOL-01,Kolkata Alipore,2000-03-02 06:00:00,30.0,1009.1,50.0,22.5726,88.3639,6.0
AWS-KOL-01,Kolkata Alipore,2000-03-02 09:00:00,31.0,1006.3,45.0,22.5726,88.3639,6.0
AWS-KOL-01,Kolkata Alipore,2000-03-02 12:00:00,28.2,1006.2,50.0,22.5726,88.3639,6.0
AWS-KOL-01,Kolkata Alipore,2000-03-02 15:00:00,24.6,1008.2,59.0,22.5726,88.3639,6.0
AWS-KOL-01,Kolkata Alipore,2000-03-02 18:00:00,23.0,1009.0,67.0,22.5726,88.3639,6.0
AWS-KOL-01,Kolkata Alipore,2000-03-02 21:00:00,21.4,1007.2,78.0,22.5726,88.3639,6.0
AWS-KOL-01,Kolkata Alipore,2000-03-03 00:00:00,20.4,1007.5,87.0,22.5726,88.3639,6.0
AWS-KOL-01,Kolkata Alipore,2000-03-03 03:00:00,26.8,1010.5,77.0,22.5726,88.3639,6.0
AWS-KOL-01,Kolkata Alipore,2000-03-03 06:00:00,30.6,1009.8,56.0,22.5726,88.3639,6.0
AWS-KOL-01,Kolkata Alipore,2000-03-03 09:00:00,31.6,1006.6,56.0,22.5726,88.3639,6.0
AWS-KOL-01,Kolkata Alipore,2000-03-03 12:00:00,30.0,1006.5,65.0,22.5726,88.3639,6.0
AWS-KOL-01,Kolkata Alipore,2000-03-03 15:00:00,26.6,1008.7,80.0,22.5726,88.3639,6.0
AWS-KOL-01,Kolkata Alipore,2000-03-03 18:00:00,24.8,1009.0,88.0,22.5726,88.3639,6.0
AWS-KOL-01,Kolkata Alipore,2000-03-03 21:00:00,23.4,1008.1,90.0,22.5726,88.3639,6.0
AWS-KOL-01,Kolkata Alipore,2000-03-04 03:00:00,25.4,1011.3,88.0,22.5726,88.3639,6.0
AWS-KOL-01,Kolkata Alipore,2000-03-04 06:00:00,30.8,1010.5,63.0,22.5726,88.3639,6.0
AWS-KOL-01,Kolkata Alipore,2000-03-04 09:00:00,32.8,1007.5,53.0,22.5726,88.3639,6.0
AWS-KOL-01,Kolkata Alipore,2000-03-04 12:00:00,29.0,1007.3,70.0,22.5726,88.3639,6.0
AWS-KOL-01,Kolkata Alipore,2000-03-04 15:00:00,29.0,1007.3,70.0,22.5726,88.3639,6.0
AWS-KOL-01,Kolkata Alipore,2000-03-04 18:00:00,25.2,1009.2,85.0,22.5726,88.3639,6.0
AWS-KOL-01,Kolkata Alipore,2000-03-04 21:00:00,25.0,1007.6,84.0,22.5726,88.3639,6.0
AWS-KOL-01,Kolkata Alipore,2000-03-05 00:00:00,24.2,1008.0,91.0,22.5726,88.3639,6.0
AWS-KOL-01,Kolkata Alipore,2000-03-05 03:00:00,27.4,1009.9,74.0,22.5726,88.3639,6.0
AWS-KOL-01,Kolkata Alipore,2000-03-05 06:00:00,30.8,1009.3,62.0,22.5726,88.3639,6.0
AWS-KOL-01,Kolkata Alipore,2000-03-05 09:00:00,33.0,1006.0,56.0,22.5726,88.3639,6.0
AWS-KOL-01,Kolkata Alipore,2000-03-05 12:00:00,29.6,1005.9,58.0,22.5726,88.3639,6.0
AWS-KOL-01,Kolkata Alipore,2000-03-05 15:00:00,26.0,1007.5,84.0,22.5726,88.3639,6.0
AWS-KOL-01,Kolkata Alipore,2000-03-05 18:00:00,25.6,1007.1,84.0,22.5726,88.3639,6.0
AWS-KOL-01,Kolkata Alipore,2000-03-05 21:00:00,25.0,1005.3,85.0,22.5726,88.3639,6.0
AWS-KOL-01,Kolkata Alipore,2000-03-06 00:00:00,24.0,1006.1,91.0,22.5726,88.3639,6.0
AWS-KOL-01,Kolkata Alipore,2000-03-06 03:00:00,26.0,1009.6,81.0,22.5726,88.3639,6.0
AWS-KOL-01,Kolkata Alipore,2000-03-06 06:00:00,29.8,1009.4,63.0,22.5726,88.3639,6.0
AWS-KOL-01,Kolkata Alipore,2000-03-06 09:00:00,31.2,1007.6,61.0,22.5726,88.3639,6.0
AWS-KOL-01,Kolkata Alipore,2000-03-06 12:00:00,29.8,1006.9,66.0,22.5726,88.3639,6.0
AWS-KOL-01,Kolkata Alipore,2000-03-06 15:00:00,26.4,1009.4,81.0,22.5726,88.3639,6.0
AWS-KOL-01,Kolkata Alipore,2000-03-06 18:00:00,25.0,1009.3,87.0,22.5726,88.3639,6.0
AWS-KOL-01,Kolkata Alipore,2000-03-06 21:00:00,24.4,1008.3,91.0,22.5726,88.3639,6.0
AWS-KOL-01,Kolkata Alipore,2000-03-07 00:00:00,22.8,1008.9,90.0,22.5726,88.3639,6.0
AWS-KOL-01,Kolkata Alipore,2000-03-07 03:00:00,24.4,1011.4,93.0,22.5726,88.3639,6.0
AWS-KOL-01,Kolkata Alipore,2000-03-07 06:00:00,29.4,1010.8,72.0,22.5726,88.3639,6.0
AWS-KOL-01,Kolkata Alipore,2000-03-07 09:00:00,33.0,1007.9,52.0,22.5726,88.3639,6.0
AWS-KOL-01,Kolkata Alipore,2000-03-07 12:00:00,29.6,1007.0,92.0,22.5726,88.3639,6.0
AWS-KOL-01,Kolkata Alipore,2000-03-07 15:00:00,25.8,1008.4,82.0,22.5726,88.3639,6.0
AWS-KOL-01,Kolkata Alipore,2000-03-07 18:00:00,25.0,1008.4,88.0,22.5726,88.3639,6.0
AWS-KOL-01,Kolkata Alipore,2000-03-07 21:00:00,24.4,1006.7,91.0,22.5726,88.3639,6.0
AWS-KOL-01,Kolkata Alipore,2000-03-08 00:00:00,23.6,1006.9,88.0,22.5726,88.3639,6.0
AWS-KOL-01,Kolkata Alipore,2000-03-08 03:00:00,26.6,1010.0,68.0,22.5726,88.3639,6.0
AWS-KOL-01,Kolkata Alipore,2000-03-08 06:00:00,32.4,1008.2,35.0,22.5726,88.3639,6.0
AWS-KOL-01,Kolkata Alipore,2000-03-08 09:00:00,34.0,1004.5,31.0,22.5726,88.3639,6.0
AWS-KOL-01,Kolkata Alipore,2000-03-08 12:00:00,29.0,1003.5,62.0,22.5726,88.3639,6.0
AWS-KOL-01,Kolkata Alipore,2000-03-08 15:00:00,26.8,1004.9,80.0,22.5726,88.3639,6.0
AWS-KOL-01,Kolkata Alipore,2000-03-08 18:00:00,21.2,1005.9,95.0,22.5726,88.3639,6.0
AWS-KOL-01,Kolkata Alipore,2000-03-08 21:00:00,21.2,1005.2,96.0,22.5726,88.3639,6.0
AWS-KOL-01,Kolkata Alipore,2000-03-09 00:00:00,21.0,1006.1,93.0,22.5726,88.3639,6.0
AWS-KOL-01,Kolkata Alipore,2000-03-09 03:00:00,24.6,1009.0,66.0,22.5726,88.3639,6.0
AWS-KOL-01,Kolkata Alipore,2000-03-09 06:00:00,29.4,1008.3,31.0,22.5726,88.3639,6.0
AWS-KOL-01,Kolkata Alipore,2000-03-09 09:00:00,30.2,1006.5,28.0,22.5726,88.3639,6.0
AWS-KOL-01,Kolkata Alipore,2000-03-09 12:00:00,28.0,1006.1,39.0,22.5726,88.3639,6.0
AWS-KOL-01,Kolkata Alipore,2000-03-09 15:00:00,24.4,1007.1,56.0,22.5726,88.3639,6.0
AWS-KOL-01,Kolkata Alipore,2000-03-09 18:00:00,21.2,1007.6,65.0,22.5726,88.3639,6.0
AWS-KOL-01,Kolkata Alipore,2000-03-09 21:00:00,20.4,1006.7,68.0,22.5726,88.3639,6.0
AWS-KOL-01,Kolkata Alipore,2000-03-10 00:00:00,18.2,1008.3,81.0,22.5726,88.3639,6.0
AWS-KOL-01,Kolkata Alipore,2000-03-10 03:00:00,25.4,1010.9,44.0,22.5726,88.3639,6.0
AWS-KOL-01,Kolkata Alipore,2000-03-10 06:00:00,29.2,1010.6,28.0,22.5726,88.3639,6.0
AWS-KOL-01,Kolkata Alipore,2000-03-10 09:00:00,30.2,1007.7,24.0,22.5726,88.3639,6.0
AWS-KOL-01,Kolkata Alipore,2000-03-10 12:00:00,28.0,1007.1,33.0,22.5726,88.3639,6.0
AWS-KOL-01,Kolkata Alipore,2000-03-10 15:00:00,22.0,1008.4,58.0,22.5726,88.3639,6.0
AWS-KOL-01,Kolkata Alipore,2000-03-10 18:00:00,20.4,1008.6,64.0,22.5726,88.3639,6.0
AWS-KOL-01,Kolkata Alipore,2000-03-10 21:00:00,19.0,1007.3,84.0,22.5726,88.3639,6.0
AWS-KOL-01,Kolkata Alipore,2000-03-11 00:00:00,25.4,1007.9,67.0,22.5726,88.3639,6.0
AWS-KOL-01,Kolkata Alipore,2000-03-11 03:00:00,25.0,1010.3,87.0,22.5726,88.3639,6.0
AWS-KOL-01,Kolkata Alipore,2000-03-11 06:00:00,31.4,1009.3,58.0,22.5726,88.3639,6.0
AWS-KOL-01,Kolkata Alipore,2000-03-11 09:00:00,32.4,1006.2,47.0,22.5726,88.3639,6.0
AWS-KOL-01,Kolkata Alipore,2000-03-11 12:00:00,29.2,1005.8,48.0,22.5726,88.3639,6.0
AWS-KOL-01,Kolkata Alipore,2000-03-11 15:00:00,25.2,1007.4,84.0,22.5726,88.3639,6.0
AWS-KOL-01,Kolkata Alipore,2000-03-11 18:00:00,24.8,1007.1,88.0,22.5726,88.3639,6.0
AWS-KOL-01,Kolkata Alipore,2000-03-11 21:00:00,24.0,1005.7,90.0,22.5726,88.3639,6.0
AWS-KOL-01,Kolkata Alipore,2000-03-12 00:00:00,24.0,1005.3,90.0,22.5726,88.3639,6.0
AWS-KOL-01,Kolkata Alipore,2000-03-12 03:00:00,27.8,1007.1,72.0,22.5726,88.3639,6.0
AWS-KOL-01,Kolkata Alipore,2000-03-12 09:00:00,33.4,1002.1,48.0,22.5726,88.3639,6.0
AWS-KOL-01,Kolkata Alipore,2000-03-12 12:00:00,29.0,1002.6,74.0,22.5726,88.3639,6.0
AWS-KOL-01,Kolkata Alipore,2000-03-12 15:00:00,27.0,1004.4,84.0,22.5726,88.3639,6.0
AWS-KOL-01,Kolkata Alipore,2000-03-12 18:00:00,26.4,1004.3,84.0,22.5726,88.3639,6.0
AWS-KOL-01,Kolkata Alipore,2000-03-12 21:00:00,26.0,1002.9,94.0,22.5726,88.3639,6.0
AWS-KOL-01,Kolkata Alipore,2000-03-13 00:00:00,25.8,1003.2,82.0,22.5726,88.3639,6.0
AWS-KOL-01,Kolkata Alipore,2000-03-13 03:00:00,28.0,1006.2,76.0,22.5726,88.3639,6.0
AWS-KOL-01,Kolkata Alipore,2000-03-13 06:00:00,32.2,1006.1,59.0,22.5726,88.3639,6.0
AWS-KOL-01,Kolkata Alipore,2000-03-13 09:00:00,33.0,1003.2,60.0,22.5726,88.3639,6.0
AWS-KOL-01,Kolkata Alipore,2000-03-13 18:00:00,25.8,1005.8,89.0,22.5726,88.3639,6.0
AWS-KOL-01,Kolkata Alipore,2000-03-13 21:00:00,25.0,1004.1,91.0,22.5726,88.3639,6.0
AWS-KOL-01,Kolkata Alipore,2000-03-14 03:00:00,28.8,1008.7,76.0,22.5726,88.3639,6.0
AWS-KOL-01,Kolkata Alipore,2000-03-14 06:00:00,32.2,1007.9,57.0,22.5726,88.3639,6.0
AWS-KOL-01,Kolkata Alipore,2000-03-14 09:00:00,33.6,1005.3,32.0,22.5726,88.3639,6.0
AWS-KOL-01,Kolkata Alipore,2000-03-14 12:00:00,31.6,1005.4,45.0,22.5726,88.3639,6.0
AWS-KOL-01,Kolkata Alipore,2000-03-14 15:00:00,27.4,1007.4,81.0,22.5726,88.3639,6.0
AWS-KOL-01,Kolkata Alipore,2000-03-14 18:00:00,26.4,1007.5,89.0,22.5726,88.3639,6.0
AWS-KOL-01,Kolkata Alipore,2000-03-14 21:00:00,25.0,1006.6,91.0,22.5726,88.3639,6.0
AWS-KOL-01,Kolkata Alipore,2000-03-15 00:00:00,23.6,1008.1,86.0,22.5726,88.3639,6.0
AWS-KOL-01,Kolkata Alipore,2000-03-15 03:00:00,27.4,1010.8,55.0,22.5726,88.3639,6.0
AWS-KOL-01,Kolkata Alipore,2000-03-15 06:00:00,30.0,1009.9,44.0,22.5726,88.3639,6.0
AWS-KOL-01,Kolkata Alipore,2000-03-15 09:00:00,31.4,1006.9,40.0,22.5726,88.3639,6.0
AWS-KOL-01,Kolkata Alipore,2000-03-15 12:00:00,29.6,1006.4,41.0,22.5726,88.3639,6.0
AWS-KOL-01,Kolkata Alipore,2000-03-15 15:00:00,25.0,1008.1,61.0,22.5726,88.3639,6.0
AWS-KOL-01,Kolkata Alipore,2000-03-15 18:00:00,23.0,1008.3,67.0,22.5726,88.3639,6.0
AWS-KOL-01,Kolkata Alipore,2000-03-15 21:00:00,22.6,1007.7,73.0,22.5726,88.3639,6.0
AWS-KOL-01,Kolkata Alipore,2000-03-16 00:00:00,21.0,1008.7,76.0,22.5726,88.3639,6.0
AWS-KOL-01,Kolkata Alipore,2000-03-16 03:00:00,27.2,1010.8,45.0,22.5726,88.3639,6.0
AWS-KOL-01,Kolkata Alipore,2000-03-16 06:00:00,30.6,1009.7,28.0,22.5726,88.3639,6.0
AWS-KOL-01,Kolkata Alipore,2000-03-16 09:00:00,31.6,1006.5,17.0,22.5726,88.3639,6.0
AWS-KOL-01,Kolkata Alipore,2000-03-16 12:00:00,29.6,1006.1,27.0,22.5726,88.3639,6.0
AWS-KOL-01,Kolkata Alipore,2000-03-16 15:00:00,22.6,1007.7,54.0,22.5726,88.3639,6.0
AWS-KOL-01,Kolkata Alipore,2000-03-16 18:00:00,20.4,1007.8,64.0,22.5726,88.3639,6.0
AWS-KOL-01,Kolkata Alipore,2000-03-16 21:00:00,21.2,1007.0,75.0,22.5726,88.3639,6.0
AWS-KOL-01,Kolkata Alipore,2000-03-17 00:00:00,19.0,1007.6,84.0,22.5726,88.3639,6.0
AWS-KOL-01,Kolkata Alipore,2000-03-17 03:00:00,27.4,1009.3,42.0,22.5726,88.3639,6.0
AWS-KOL-01,Kolkata Alipore,2000-03-17 06:00:00,32.0,1008.9,18.0,22.5726,88.3639,6.0
AWS-KOL-01,Kolkata Alipore,2000-03-17 09:00:00,33.4,1006.5,17.0,22.5726,88.3639,6.0
AWS-KOL-01,Kolkata Alipore,2000-03-17 12:00:00,31.0,1005.7,30.0,22.5726,88.3639,6.0
AWS-KOL-01,Kolkata Alipore,2000-03-17 15:00:00,25.8,1007.3,70.0,22.5726,88.3639,6.0
AWS-KOL-01,Kolkata Alipore,2000-03-17 18:00:00,24.0,1007.5,81.0,22.5726,88.3639,6.0
AWS-KOL-01,Kolkata Alipore,2000-03-17 21:00:00,23.2,1006.9,84.0,22.5726,88.3639,6.0
AWS-KOL-01,Kolkata Alipore,2000-03-18 00:00:00,21.4,1007.5,95.0,22.5726,88.3639,6.0
AWS-KOL-01,Kolkata Alipore,2000-03-18 03:00:00,26.6,1010.2,81.0,22.5726,88.3639,6.0
AWS-KOL-01,Kolkata Alipore,2000-03-18 06:00:00,31.6,1009.0,56.0,22.5726,88.3639,6.0
AWS-KOL-01,Kolkata Alipore,2000-03-18 09:00:00,32.0,1006.0,58.0,22.5726,88.3639,6.0
AWS-KOL-01,Kolkata Alipore,2000-03-18 12:00:00,29.2,1005.8,62.0,22.5726,88.3639,6.0
AWS-KOL-01,Kolkata Alipore,2000-03-18 15:00:00,25.8,1007.7,81.0,22.5726,88.3639,6.0
AWS-KOL-01,Kolkata Alipore,2000-03-18 18:00:00,24.4,1007.8,91.0,22.5726,88.3639,6.0
AWS-KOL-01,Kolkata Alipore,2000-03-18 21:00:00,24.0,1006.1,91.0,22.5726,88.3639,6.0
AWS-KOL-01,Kolkata Alipore,2000-03-19 00:00:00,24.4,1007.0,91.0,22.5726,88.3639,6.0
AWS-KOL-01,Kolkata Alipore,2000-03-19 03:00:00,28.6,1009.3,74.0,22.5726,88.3639,6.0
AWS-KOL-01,Kolkata Alipore,2000-03-19 06:00:00,32.4,1008.5,58.0,22.5726,88.3639,6.0
AWS-KOL-01,Kolkata Alipore,2000-03-19 09:00:00,33.0,1006.1,58.0,22.5726,88.3639,6.0
AWS-KOL-01,Kolkata Alipore,2000-03-19 12:00:00,31.4,1005.6,60.0,22.5726,88.3639,6.0
AWS-KOL-01,Kolkata Alipore,2000-03-19 15:00:00,28.0,1007.6,83.0,22.5726,88.3639,6.0
AWS-KOL-01,Kolkata Alipore,2000-03-19 18:00:00,27.0,1008.2,87.0,22.5726,88.3639,6.0
AWS-KOL-01,Kolkata Alipore,2000-03-19 21:00:00,25.8,1007.3,89.0,22.5726,88.3639,6.0
AWS-KOL-01,Kolkata Alipore,2000-03-20 00:00:00,25.4,1008.1,91.0,22.5726,88.3639,6.0
AWS-KOL-01,Kolkata Alipore,2000-03-20 03:00:00,28.4,1010.9,49.0,22.5726,88.3639,6.0
AWS-KOL-01,Kolkata Alipore,2000-03-20 06:00:00,31.4,1010.7,32.0,22.5726,88.3639,6.0
AWS-KOL-01,Kolkata Alipore,2000-03-20 09:00:00,32.4,1007.6,23.0,22.5726,88.3639,6.0
AWS-KOL-01,Kolkata Alipore,2000-03-20 12:00:00,28.2,1007.3,41.5,22.5726,88.3639,6.0
AWS-KOL-01,Kolkata Alipore,2000-03-20 15:00:00,24.0,1009.3,60.0,22.5726,88.3639,6.0
AWS-KOL-01,Kolkata Alipore,2000-03-20 18:00:00,21.0,1009.6,73.0,22.5726,88.3639,6.0
AWS-KOL-01,Kolkata Alipore,2000-03-20 21:00:00,19.4,1009.3,83.0,22.5726,88.3639,6.0
AWS-KOL-01,Kolkata Alipore,2000-03-21 00:00:00,18.0,1010.9,86.0,22.5726,88.3639,6.0
AWS-KOL-01,Kolkata Alipore,2000-03-21 03:00:00,26.6,1014.3,35.0,22.5726,88.3639,6.0
AWS-KOL-01,Kolkata Alipore,2000-03-21 06:00:00,31.4,1012.9,24.0,22.5726,88.3639,6.0
AWS-KOL-01,Kolkata Alipore,2000-03-21 09:00:00,33.0,1009.7,23.0,22.5726,88.3639,6.0
AWS-KOL-01,Kolkata Alipore,2000-03-21 12:00:00,30.0,1009.2,36.0,22.5726,88.3639,6.0
AWS-KOL-01,Kolkata Alipore,2000-03-21 15:00:00,23.2,1010.5,51.0,22.5726,88.3639,6.0
AWS-KOL-01,Kolkata Alipore,2000-03-21 18:00:00,21.4,1010.3,53.0,22.5726,88.3639,6.0
AWS-KOL-01,Kolkata Alipore,2000-03-22 00:00:00,19.2,1010.9,47.0,22.5726,88.3639,6.0
AWS-KOL-01,Kolkata Alipore,2000-03-22 12:00:00,31.6,1007.9,41.0,22.5726,88.3639,6.0
AWS-KOL-01,Kolkata Alipore,2000-03-23 00:00:00,23.0,1011.3,91.0,22.5726,88.3639,6.0
AWS-KOL-01,Kolkata Alipore,2000-03-23 18:00:00,23.0,1012.1,74.0,22.5726,88.3639,6.0
AWS-KOL-01,Kolkata Alipore,2000-03-24 00:00:00,21.0,1012.4,88.0,22.5726,88.3639,6.0
AWS-KOL-01,Kolkata Alipore,2000-03-24 12:00:00,30.6,1009.1,48.0,22.5726,88.3639,6.0
AWS-KOL-01,Kolkata Alipore,2000-03-25 00:00:00,23.0,1012.1,76.0,22.5726,88.3639,6.0
AWS-KOL-01,Kolkata Alipore,2000-03-25 03:00:00,27.4,1014.8,47.0,22.5726,88.3639,6.0
AWS-KOL-01,Kolkata Alipore,2000-03-25 09:00:00,32.0,1011.0,29.0,22.5726,88.3639,6.0
AWS-KOL-01,Kolkata Alipore,2000-03-25 12:00:00,30.0,1010.4,35.0,22.5726,88.3639,6.0
AWS-KOL-01,Kolkata Alipore,2000-03-25 15:00:00,26.0,1012.5,51.0,22.5726,88.3639,6.0
AWS-KOL-01,Kolkata Alipore,2000-03-25 18:00:00,22.8,1012.5,63.0,22.5726,88.3639,6.0
AWS-KOL-01,Kolkata Alipore,2000-03-25 21:00:00,22.2,1011.7,64.0,22.5726,88.3639,6.0
AWS-KOL-01,Kolkata Alipore,2000-03-26 00:00:00,22.0,1012.4,61.0,22.5726,88.3639,6.0
AWS-KOL-01,Kolkata Alipore,2000-03-26 03:00:00,27.2,1014.8,42.0,22.5726,88.3639,6.0
AWS-KOL-01,Kolkata Alipore,2000-03-26 06:00:00,31.0,1013.2,34.0,22.5726,88.3639,6.0
AWS-KOL-01,Kolkata Alipore,2000-03-26 09:00:00,32.2,1010.3,36.0,22.5726,88.3639,6.0
AWS-KOL-01,Kolkata Alipore,2000-03-26 12:00:00,30.2,1009.8,46.0,22.5726,88.3639,6.0
AWS-KOL-01,Kolkata Alipore,2000-03-26 15:00:00,26.0,1011.5,62.0,22.5726,88.3639,6.0
AWS-KOL-01,Kolkata Alipore,2000-03-26 18:00:00,24.4,1012.0,68.0,22.5726,88.3639,6.0
AWS-KOL-01,Kolkata Alipore,2000-03-26 21:00:00,23.8,1011.1,69.0,22.5726,88.3639,6.0
AWS-KOL-01,Kolkata Alipore,2000-03-27 00:00:00,21.2,1012.1,84.0,22.5726,88.3639,6.0
AWS-KOL-01,Kolkata Alipore,2000-03-27 03:00:00,28.4,1013.7,50.0,22.5726,88.3639,6.0
AWS-KOL-01,Kolkata Alipore,2000-03-27 06:00:00,33.0,1012.1,35.0,22.5726,88.3639,6.0
AWS-KOL-01,Kolkata Alipore,2000-03-27 09:00:00,21.8,1008.8,62.0,22.5726,88.3639,6.0
AWS-KOL-01,Kolkata Alipore,2000-03-27 12:00:00,32.0,1008.8,42.0,22.5726,88.3639,6.0
AWS-KOL-01,Kolkata Alipore,2000-03-27 15:00:00,25.6,1012.2,62.0,22.5726,88.3639,6.0
AWS-KOL-01,Kolkata Alipore,2000-03-27 21:00:00,23.6,1010.6,67.0,22.5726,88.3639,6.0
AWS-KOL-01,Kolkata Alipore,2000-03-28 03:00:00,26.4,1013.0,60.0,22.5726,88.3639,6.0
AWS-KOL-01,Kolkata Alipore,2000-03-28 06:00:00,32.8,1011.4,33.0,22.5726,88.3639,6.0
AWS-KOL-01,Kolkata Alipore,2000-03-28 09:00:00,34.6,1008.2,31.0,22.5726,88.3639,6.0
AWS-KOL-01,Kolkata Alipore,2000-03-28 12:00:00,32.0,1008.8,38.0,22.5726,88.3639,6.0
AWS-KOL-01,Kolkata Alipore,2000-03-28 18:00:00,24.6,1011.0,77.0,22.5726,88.3639,6.0
AWS-KOL-01,Kolkata Alipore,2000-03-29 00:00:00,22.6,1011.1,86.0,22.5726,88.3639,6.0
AWS-KOL-01,Kolkata Alipore,2000-03-29 03:00:00,29.0,1012.4,49.0,22.5726,88.3639,6.0
AWS-KOL-01,Kolkata Alipore,2000-03-29 06:00:00,33.6,1011.0,36.0,22.5726,88.3639,6.0
AWS-KOL-01,Kolkata Alipore,2000-03-29 09:00:00,35.2,1008.1,21.0,22.5726,88.3639,6.0
AWS-KOL-01,Kolkata Alipore,2000-03-29 12:00:00,32.0,1007.4,40.0,22.5726,88.3639,6.0
AWS-KOL-01,Kolkata Alipore,2000-03-29 15:00:00,27.0,1009.9,71.0,22.5726,88.3639,6.0
AWS-KOL-01,Kolkata Alipore,2000-03-29 18:00:00,25.4,1010.4,82.0,22.5726,88.3639,6.0
AWS-KOL-01,Kolkata Alipore,2000-03-29 21:00:00,24.8,1009.6,83.0,22.5726,88.3639,6.0
AWS-KOL-01,Kolkata Alipore,2000-03-30 00:00:00,23.0,1010.0,91.0,22.5726,88.3639,6.0
AWS-KOL-01,Kolkata Alipore,2000-03-30 03:00:00,29.0,1011.5,74.0,22.5726,88.3639,6.0
AWS-KOL-01,Kolkata Alipore,2000-03-30 06:00:00,32.4,1009.7,62.0,22.5726,88.3639,6.0
AWS-KOL-01,Kolkata Alipore,2000-03-30 09:00:00,34.0,1006.2,51.0,22.5726,88.3639,6.0
AWS-KOL-01,Kolkata Alipore,2000-03-30 12:00:00,31.6,1005.6,54.0,22.5726,88.3639,6.0
AWS-KOL-01,Kolkata Alipore,2000-03-30 15:00:00,27.4,1007.7,71.0,22.5726,88.3639,6.0
AWS-KOL-01,Kolkata Alipore,2000-03-30 18:00:00,25.0,1008.8,88.0,22.5726,88.3639,6.0
AWS-KOL-01,Kolkata Alipore,2000-03-30 21:00:00,24.4,1007.1,88.0,22.5726,88.3639,6.0
AWS-KOL-01,Kolkata Alipore,2000-03-31 00:00:00,24.4,1007.6,91.0,22.5726,88.3639,6.0
AWS-KOL-01,Kolkata Alipore,2000-03-31 03:00:00,29.2,1010.0,70.0,22.5726,88.3639,6.0
AWS-KOL-01,Kolkata Alipore,2000-03-31 06:00:00,32.8,1008.7,53.0,22.5726,88.3639,6.0
AWS-KOL-01,Kolkata Alipore,2000-03-31 09:00:00,34.4,1005.6,41.0,22.5726,88.3639,6.0
AWS-KOL-01,Kolkata Alipore,2000-03-31 12:00:00,31.0,1005.5,54.0,22.5726,88.3639,6.0
AWS-KOL-01,Kolkata Alipore,2000-03-31 15:00:00,26.6,1007.2,76.0,22.5726,88.3639,6.0
AWS-KOL-01,Kolkata Alipore,2000-03-31 18:00:00,25.4,1007.1,85.0,22.5726,88.3639,6.0
AWS-KOL-01,Kolkata Alipore,2000-03-31 21:00:00,24.2,1005.8,85.0,22.5726,88.3639,6.0
AWS-KOL-01,Kolkata Alipore,2000-04-01 00:00:00,25.0,1006.2,91.0,22.5726,88.3639,6.0
AWS-KOL-01,Kolkata Alipore,2000-04-01 03:00:00,30.0,1007.8,67.0,22.5726,88.3639,6.0
AWS-KOL-01,Kolkata Alipore,2000-04-01 06:00:00,33.8,1006.4,52.0,22.5726,88.3639,6.0
AWS-KOL-01,Kolkata Alipore,2000-04-01 09:00:00,35.4,1003.2,58.0,22.5726,88.3639,6.0
AWS-KOL-01,Kolkata Alipore,2000-04-01 12:00:00,31.2,1002.8,56.0,22.5726,88.3639,6.0
AWS-KOL-01,Kolkata Alipore,2000-04-01 15:00:00,27.4,1005.0,86.0,22.5726,88.3639,6.0
AWS-KOL-01,Kolkata Alipore,2000-04-01 18:00:00,26.8,1004.9,89.0,22.5726,88.3639,6.0
AWS-KOL-01,Kolkata Alipore,2000-04-01 21:00:00,26.2,1003.3,89.0,22.5726,88.3639,6.0
AWS-KOL-01,Kolkata Alipore,2000-04-02 00:00:00,25.6,1003.8,87.0,22.5726,88.3639,6.0
AWS-KOL-01,Kolkata Alipore,2000-04-02 03:00:00,30.4,1005.9,67.0,22.5726,88.3639,6.0
AWS-KOL-01,Kolkata Alipore,2000-04-02 06:00:00,35.0,1004.7,48.0,22.5726,88.3639,6.0
AWS-KOL-01,Kolkata Alipore,2000-04-02 09:00:00,37.2,1002.3,41.0,22.5726,88.3639,6.0
AWS-KOL-01,Kolkata Alipore,2000-04-02 12:00:00,32.4,1001.5,62.0,22.5726,88.3639,6.0
AWS-KOL-01,Kolkata Alipore,2000-04-02 15:00:00,28.4,1003.7,50.0,22.5726,88.3639,6.0
AWS-KOL-01,Kolkata Alipore,2000-04-02 18:00:00,27.0,1004.2,87.0,22.5726,88.3639,6.0
AWS-KOL-01,Kolkata Alipore,2000-04-02 21:00:00,26.0,1003.3,92.0,22.5726,88.3639,6.0
AWS-KOL-01,Kolkata Alipore,2000-04-03 00:00:00,26.4,1005.1,90.0,22.5726,88.3639,6.0
AWS-KOL-01,Kolkata Alipore,2000-04-03 03:00:00,30.0,1008.0,73.0,22.5726,88.3639,6.0
AWS-KOL-01,Kolkata Alipore,2000-04-03 06:00:00,35.2,1007.1,51.0,22.5726,88.3639,6.0
AWS-KOL-01,Kolkata Alipore,2000-04-03 09:00:00,36.0,1004.1,31.0,22.5726,88.3639,6.0
AWS-KOL-01,Kolkata Alipore,2000-04-03 12:00:00,33.0,1004.1,63.0,22.5726,88.3639,6.0
AWS-KOL-01,Kolkata Alipore,2000-04-03 15:00:00,27.6,1005.3,87.0,22.5726,88.3639,6.0
AWS-KOL-01,Kolkata Alipore,2000-04-03 21:00:00,26.6,1003.4,90.0,22.5726,88.3639,6.0
AWS-KOL-01,Kolkata Alipore,2000-04-04 00:00:00,27.0,1004.9,87.0,22.5726,88.3639,6.0
AWS-KOL-01,Kolkata Alipore,2000-04-04 03:00:00,29.4,1007.1,74.0,22.5726,88.3639,6.0
AWS-KOL-01,Kolkata Alipore,2000-04-04 06:00:00,33.6,1006.4,55.0,22.5726,88.3639,6.0
AWS-KOL-01,Kolkata Alipore,2000-04-04 09:00:00,35.8,1003.6,50.0,22.5726,88.3639,6.0
AWS-KOL-01,Kolkata Alipore,2000-04-04 12:00:00,33.4,1002.5,60.0,22.5726,88.3639,6.0
AWS-KOL-01,Kolkata Alipore,2000-04-04 15:00:00,28.2,1004.9,85.0,22.5726,88.3639,6.0
AWS-KOL-01,Kolkata Alipore,2000-04-04 18:00:00,26.8,1005.3,89.0,22.5726,88.3639,6.0
AWS-KOL-01,Kolkata Alipore,2000-04-04 21:00:00,26.4,1003.4,89.0,22.5726,88.3639,6.0
AWS-KOL-01,Kolkata Alipore,2000-04-05 00:00:00,26.8,1004.8,89.0,22.5726,88.3639,6.0
AWS-KOL-01,Kolkata Alipore,2000-04-05 03:00:00,30.8,1006.6,70.0,22.5726,88.3639,6.0
AWS-KOL-01,Kolkata Alipore,2000-04-05 06:00:00,34.2,1006.2,61.0,22.5726,88.3639,6.0
AWS-KOL-01,Kolkata Alipore,2000-04-05 09:00:00,35.0,1003.3,57.0,22.5726,88.3639,6.0
AWS-KOL-01,Kolkata Alipore,2000-04-05 12:00:00,31.4,1003.1,70.0,22.5726,88.3639,6.0
AWS-KOL-01,Kolkata Alipore,2000-04-05 15:00:00,28.6,1004.2,85.0,22.5726,88.3639,6.0
AWS-KOL-01,Kolkata Alipore,2000-04-05 18:00:00,28.0,1003.6,86.0,22.5726,88.3639,6.0
AWS-KOL-01,Kolkata Alipore,2000-04-05 21:00:00,26.4,1002.7,92.0,22.5726,88.3639,6.0
AWS-KOL-01,Kolkata Alipore,2000-04-06 00:00:00,26.2,1003.8,94.0,22.5726,88.3639,6.0
AWS-KOL-01,Kolkata Alipore,2000-04-06 03:00:00,30.6,1005.8,74.0,22.5726,88.3639,6.0
AWS-KOL-01,Kolkata Alipore,2000-04-06 06:00:00,34.8,1005.4,62.0,22.5726,88.3639,6.0
AWS-KOL-01,Kolkata Alipore,2000-04-06 09:00:00,35.2,1003.7,56.0,22.5726,88.3639,6.0
AWS-KOL-01,Kolkata Alipore,2000-04-06 12:00:00,32.2,1003.9,66.0,22.5726,88.3639,6.0
AWS-KOL-01,Kolkata Alipore,2000-04-06 15:00:00,28.6,1005.5,84.0,22.5726,88.3639,6.0
AWS-KOL-01,Kolkata Alipore,2000-04-06 18:00:00,27.4,1005.8,84.0,22.5726,88.3639,6.0
AWS-KOL-01,Kolkata Alipore,2000-04-06 21:00:00,26.8,1005.1,86.0,22.5726,88.3639,6.0
AWS-KOL-01,Kolkata Alipore,2000-04-07 00:00:00,26.4,1006.4,92.0,22.5726,88.3639,6.0
AWS-KOL-01,Kolkata Alipore,2000-04-07 03:00:00,30.0,1009.5,77.0,22.5726,88.3639,6.0
AWS-KOL-01,Kolkata Alipore,2000-04-07 06:00:00,33.0,1009.0,64.0,22.5726,88.3639,6.0
AWS-KOL-01,Kolkata Alipore,2000-04-07 09:00:00,34.0,1006.6,62.0,22.5726,88.3639,6.0
AWS-KOL-01,Kolkata Alipore,2000-04-07 12:00:00,31.4,1005.9,70.0,22.5726,88.3639,6.0
AWS-KOL-01,Kolkata Alipore,2000-04-07 15:00:00,28.4,1007.2,82.0,22.5726,88.3639,6.0
AWS-KOL-01,Kolkata Alipore,2000-04-07 18:00:00,27.0,1006.9,92.0,22.5726,88.3639,6.0
AWS-KOL-01,Kolkata Alipore,2000-04-07 21:00:00,26.4,1005.7,92.0,22.5726,88.3639,6.0
AWS-KOL-01,Kolkata Alipore,2000-04-08 00:00:00,26.6,1006.4,92.0,22.5726,88.3639,6.0
AWS-KOL-01,Kolkata Alipore,2000-04-08 03:00:00,30.8,1009.0,76.0,22.5726,88.3639,6.0
AWS-KOL-01,Kolkata Alipore,2000-04-08 06:00:00,35.4,1007.5,60.0,22.5726,88.3639,6.0
AWS-KOL-01,Kolkata Alipore,2000-04-08 09:00:00,37.0,1004.2,46.0,22.5726,88.3639,6.0
AWS-KOL-01,Kolkata Alipore,2000-04-08 12:00:00,33.2,1002.7,67.0,22.5726,88.3639,6.0
AWS-KOL-01,Kolkata Alipore,2000-04-08 15:00:00,29.0,1004.8,80.0,22.5726,88.3639,6.0
AWS-KOL-01,Kolkata Alipore,2000-04-08 18:00:00,28.0,1004.7,85.0,22.5726,88.3639,6.0
AWS-KOL-01,Kolkata Alipore,2000-04-08 21:00:00,27.0,1003.1,86.0,22.5726,88.3639,6.0
AWS-KOL-01,Kolkata Alipore,2000-04-09 00:00:00,26.6,1003.7,90.0,22.5726,88.3639,6.0
AWS-KOL-01,Kolkata Alipore,2000-04-09 03:00:00,31.0,1005.9,72.0,22.5726,88.3639,6.0
AWS-KOL-01,Kolkata Alipore,2000-04-09 09:00:00,35.6,1002.1,58.0,22.5726,88.3639,6.0
AWS-KOL-01,Kolkata Alipore,2000-04-09 12:00:00,31.0,1002.6,75.0,22.5726,88.3639,6.0
AWS-KOL-01,Kolkata Alipore,2000-04-09 15:00:00,28.8,1004.1,80.0,22.5726,88.3639,6.0
AWS-KOL-01,Kolkata Alipore,2000-04-09 18:00:00,28.8,1003.9,83.0,22.5726,88.3639,6.0
AWS-KOL-01,Kolkata Alipore,2000-04-09 21:00:00,28.0,1002.8,86.0,22.5726,88.3639,6.0
AWS-KOL-01,Kolkata Alipore,2000-04-10 00:00:00,27.4,1004.2,89.0,22.5726,88.3639,6.0
AWS-KOL-01,Kolkata Alipore,2000-04-10 03:00:00,31.4,1006.4,72.0,22.5726,88.3639,6.0
AWS-KOL-01,Kolkata Alipore,2000-04-10 06:00:00,34.2,1006.3,55.0,22.5726,88.3639,6.0
AWS-KOL-01,Kolkata Alipore,2000-04-10 09:00:00,36.8,1003.5,35.0,22.5726,88.3639,6.0
AWS-KOL-01,Kolkata Alipore,2000-04-10 10:00:00,37.0,1003.23,25.0,22.5726,88.3639,6.0
AWS-KOL-01,Kolkata Alipore,2000-04-10 11:00:00,37.0,1002.97,25.0,22.5726,88.3639,6.0
AWS-KOL-01,Kolkata Alipore,2000-04-10 12:00:00,34.0,1002.7,46.0,22.5726,88.3639,6.0
AWS-KOL-01,Kolkata Alipore,2000-04-10 14:00:00,30.0,1003.55,79.0,22.5726,88.3639,6.0
AWS-KOL-01,Kolkata Alipore,2000-04-10 15:00:00,29.4,1004.4,82.0,22.5726,88.3639,6.0
AWS-KOL-01,Kolkata Alipore,2000-04-10 16:00:00,28.0,1004.8,94.0,22.5726,88.3639,6.0
AWS-KOL-01,Kolkata Alipore,2000-04-10 17:00:00,28.0,1005.2,94.0,22.5726,88.3639,6.0
AWS-KOL-01,Kolkata Alipore,2000-04-10 18:00:00,28.2,1005.6,87.0,22.5726,88.3639,6.0
AWS-KOL-01,Kolkata Alipore,2000-04-10 19:00:00,28.0,1005.3,89.0,22.5726,88.3639,6.0
AWS-KOL-01,Kolkata Alipore,2000-04-10 20:00:00,27.0,1005.0,89.5,22.5726,88.3639,6.0
AWS-KOL-01,Kolkata Alipore,2000-04-10 21:00:00,27.6,1004.7,90.0,22.5726,88.3639,6.0
AWS-KOL-01,Kolkata Alipore,2000-04-10 22:00:00,27.0,1004.9,89.0,22.5726,88.3639,6.0
AWS-KOL-01,Kolkata Alipore,2000-04-10 23:00:00,26.0,1005.1,94.0,22.5726,88.3639,6.0
AWS-KOL-01,Kolkata Alipore,2000-04-11 00:00:00,26.4,1005.3,94.0,22.5726,88.3639,6.0
AWS-KOL-01,Kolkata Alipore,2000-04-11 01:00:00,27.0,1006.03,89.0,22.5726,88.3639,6.0
AWS-KOL-01,Kolkata Alipore,2000-04-11 02:00:00,27.0,1006.77,94.0,22.5726,88.3639,6.0
AWS-KOL-01,Kolkata Alipore,2000-04-11 03:00:00,30.8,1007.5,73.0,22.5726,88.3639,6.0
AWS-KOL-01,Kolkata Alipore,2000-04-11 04:00:00,30.0,1007.2,79.0,22.5726,88.3639,6.0
AWS-KOL-01,Kolkata Alipore,2000-04-11 05:00:00,32.0,1006.9,67.0,22.5726,88.3639,6.0
AWS-KOL-01,Kolkata Alipore,2000-04-11 06:00:00,34.2,1006.6,56.0,22.5726,88.3639,6.0
AWS-KOL-01,Kolkata Alipore,2000-04-11 07:00:00,34.0,1005.47,60.0,22.5726,88.3639,6.0
AWS-KOL-01,Kolkata Alipore,2000-04-11 08:00:00,35.0,1004.33,53.0,22.5726,88.3639,6.0
AWS-KOL-01,Kolkata Alipore,2000-04-11 09:00:00,34.6,1003.2,51.0,22.5726,88.3639,6.0
AWS-KOL-01,Kolkata Alipore,2000-04-11 10:00:00,34.0,1002.87,53.0,22.5726,88.3639,6.0
AWS-KOL-01,Kolkata Alipore,2000-04-11 11:00:00,34.0,1002.53,56.0,22.5726,88.3639,6.0
AWS-KOL-01,Kolkata Alipore,2000-04-11 12:00:00,31.4,1002.2,63.0,22.5726,88.3639,6.0
AWS-KOL-01,Kolkata Alipore,2000-04-11 13:00:00,30.0,1003.25,79.0,22.5726,88.3639,6.0
AWS-KOL-01,Kolkata Alipore,2000-04-11 15:00:00,28.6,1004.3,80.0,22.5726,88.3639,6.0
AWS-KOL-01,Kolkata Alipore,2000-04-11 16:00:00,28.0,1005.07,89.0,22.5726,88.3639,6.0
AWS-KOL-01,Kolkata Alipore,2000-04-11 17:00:00,27.0,1005.83,94.0,22.5726,88.3639,6.0
AWS-KOL-01,Kolkata Alipore,2000-04-11 18:00:00,28.0,1006.6,85.0,22.5726,88.3639,6.0
AWS-KOL-01,Kolkata Alipore,2000-04-11 20:00:00,28.0,1008.25,94.0,22.5726,88.3639,6.0
AWS-KOL-01,Kolkata Alipore,2000-04-11 21:00:00,26.0,1009.9,84.0,22.5726,88.3639,6.0
AWS-KOL-01,Kolkata Alipore,2000-04-11 22:00:00,20.0,1007.9,88.0,22.5726,88.3639,6.0
AWS-KOL-01,Kolkata Alipore,2000-04-12 00:00:00,23.4,1005.9,67.0,22.5726,88.3639,6.0
AWS-KOL-01,Kolkata Alipore,2000-04-12 01:00:00,23.0,1006.83,69.0,22.5726,88.3639,6.0
AWS-KOL-01,Kolkata Alipore,2000-04-12 02:00:00,25.0,1007.77,65.0,22.5726,88.3639,6.0
AWS-KOL-01,Kolkata Alipore,2000-04-12 03:00:00,28.4,1008.7,54.0,22.5726,88.3639,6.0
AWS-KOL-01,Kolkata Alipore,2000-04-12 04:00:00,28.0,1008.3,55.0,22.5726,88.3639,6.0
AWS-KOL-01,Kolkata Alipore,2000-04-12 05:00:00,30.0,1007.9,52.0,22.5726,88.3639,6.0
AWS-KOL-01,Kolkata Alipore,2000-04-12 06:00:00,31.6,1007.5,56.0,22.5726,88.3639,6.0
AWS-KOL-01,Kolkata Alipore,2000-04-12 07:00:00,32.0,1006.93,52.0,22.5726,88.3639,6.0
AWS-KOL-01,Kolkata Alipore,2000-04-12 08:00:00,33.0,1006.37,71.0,22.5726,88.3639,6.0
AWS-KOL-01,Kolkata Alipore,2000-04-12 09:00:00,33.0,1005.8,67.0,22.5726,88.3639,6.0
AWS-KOL-01,Kolkata Alipore,2000-04-12 10:00:00,33.0,1005.23,59.0,22.5726,88.3639,6.0
AWS-KOL-01,Kolkata Alipore,2000-04-12 11:00:00,32.0,1004.67,63.0,22.5726,88.3639,6.0
AWS-KOL-01,Kolkata Alipore,2000-04-12 12:00:00,31.0,1004.1,68.0,22.5726,88.3639,6.0
AWS-KOL-01,Kolkata Alipore,2000-04-12 13:00:00,30.0,1004.8,70.0,22.5726,88.3639,6.0
AWS-KOL-01,Kolkata Alipore,2000-04-12 14:00:00,28.0,1005.5,79.0,22.5726,88.3639,6.0
AWS-KOL-01,Kolkata Alipore,2000-04-12 15:00:00,28.2,1006.2,80.0,22.5726,88.3639,6.0
AWS-KOL-01,Kolkata Alipore,2000-04-12 16:00:00,27.0,1006.37,84.0,22.5726,88.3639,6.0
AWS-KOL-01,Kolkata Alipore,2000-04-12 17:00:00,27.0,1006.53,84.0,22.5726,88.3639,6.0
AWS-KOL-01,Kolkata Alipore,2000-04-12 18:00:00,26.2,1006.7,89.0,22.5726,88.3639,6.0
AWS-KOL-01,Kolkata Alipore,2000-04-12 19:00:00,26.0,1006.33,89.0,22.5726,88.3639,6.0
AWS-KOL-01,Kolkata Alipore,2000-04-12 20:00:00,26.0,1005.97,94.0,22.5726,88.3639,6.0
AWS-KOL-01,Kolkata Alipore,2000-04-12 21:00:00,25.0,1005.6,91.0,22.5726,88.3639,6.0
AWS-KOL-01,Kolkata Alipore,2000-04-12 22:00:00,26.0,1005.77,94.0,22.5726,88.3639,6.0
AWS-KOL-01,Kolkata Alipore,2000-04-12 23:00:00,26.0,1005.93,94.0,22.5726,88.3639,6.0
AWS-KOL-01,Kolkata Alipore,2000-04-13 00:00:00,25.6,1006.1,93.0,22.5726,88.3639,6.0
AWS-KOL-01,Kolkata Alipore,2000-04-13 01:00:00,27.0,1006.3,89.0,22.5726,88.3639,6.0
AWS-KOL-01,Kolkata Alipore,2000-04-13 02:00:00,29.0,1006.5,84.0,22.5726,88.3639,6.0
AWS-KOL-01,Kolkata Alipore,2000-04-13 03:00:00,30.0,1006.7,74.0,22.5726,88.3639,6.0
AWS-KOL-01,Kolkata Alipore,2000-04-13 04:00:00,31.0,1005.38,70.0,22.5726,88.3639,6.0
AWS-KOL-01,Kolkata Alipore,2000-04-13 07:00:00,34.0,1004.05,60.0,22.5726,88.3639,6.0
AWS-KOL-01,Kolkata Alipore,2000-04-13 08:00:00,35.0,1002.72,50.0,22.5726,88.3639,6.0
AWS-KOL-01,Kolkata Alipore,2000-04-13 09:00:00,35.0,1001.4,47.0,22.5726,88.3639,6.0
AWS-KOL-01,Kolkata Alipore,2000-04-13 10:00:00,36.0,1001.17,47.0,22.5726,88.3639,6.0
AWS-KOL-01,Kolkata Alipore,2000-04-13 11:00:00,34.0,1000.93,56.0,22.5726,88.3639,6.0
AWS-KOL-01,Kolkata Alipore,2000-04-13 12:00:00,31.0,1000.7,68.0,22.5726,88.3639,6.0
AWS-KOL-01,Kolkata Alipore,2000-04-13 13:00:00,31.0,1001.8,62.0,22.5726,88.3639,6.0
AWS-KOL-01,Kolkata Alipore,2000-04-13 14:00:00,30.0,1002.9,70.0,22.5726,88.3639,6.0
AWS-KOL-01,Kolkata Alipore,2000-04-13 15:00:00,29.0,1004.0,71.0,22.5726,88.3639,6.0
AWS-KOL-01,Kolkata Alipore,2000-04-13 16:00:00,29.0,1003.9,70.0,22.5726,88.3639,6.0
AWS-KOL-01,Kolkata Alipore,2000-04-13 17:00:00,30.0,1003.8,70.0,22.5726,88.3639,6.0
AWS-KOL-01,Kolkata Alipore,2000-04-13 18:00:00,26.6,1003.7,84.0,22.5726,88.3639,6.0
AWS-KOL-01,Kolkata Alipore,2000-04-13 19:00:00,27.0,1002.5,84.0,22.5726,88.3639,6.0
AWS-KOL-01,Kolkata Alipore,2000-04-13 21:00:00,24.6,1001.3,91.0,22.5726,88.3639,6.0
AWS-KOL-01,Kolkata Alipore,2000-04-13 22:00:00,25.0,1001.87,94.0,22.5726,88.3639,6.0
AWS-KOL-01,Kolkata Alipore,2000-04-13 23:00:00,25.0,1002.43,94.0,22.5726,88.3639,6.0
AWS-KOL-01,Kolkata Alipore,2000-04-14 00:00:00,24.0,1003.0,93.0,22.5726,88.3639,6.0
AWS-KOL-01,Kolkata Alipore,2000-04-14 01:00:00,26.0,1004.07,94.0,22.5726,88.3639,6.0
AWS-KOL-01,Kolkata Alipore,2000-04-14 02:00:00,27.0,1005.13,89.0,22.5726,88.3639,6.0
AWS-KOL-01,Kolkata Alipore,2000-04-14 03:00:00,30.4,1006.2,72.0,22.5726,88.3639,6.0
AWS-KOL-01,Kolkata Alipore,2000-04-14 04:00:00,31.0,1005.3,75.0,22.5726,88.3639,6.0
AWS-KOL-01,Kolkata Alipore,2000-04-14 05:00:00,31.0,1004.4,75.0,22.5726,88.3639,6.0
AWS-KOL-01,Kolkata Alipore,2000-04-14 06:00:00,33.0,1003.5,59.0,22.5726,88.3639,6.0
AWS-KOL-01,Kolkata Alipore,2000-04-14 07:00:00,34.0,1002.73,60.0,22.5726,88.3639,6.0
AWS-KOL-01,Kolkata Alipore,2000-04-14 08:00:00,36.0,1001.97,50.0,22.5726,88.3639,6.0
AWS-KOL-01,Kolkata Alipore,2000-04-14 09:00:00,34.0,1001.2,54.0,22.5726,88.3639,6.0
AWS-KOL-01,Kolkata Alipore,2000-04-14 10:00:00,34.0,1001.07,56.0,22.5726,88.3639,6.0
AWS-KOL-01,Kolkata Alipore,2000-04-14 11:00:00,34.0,1000.93,53.0,22.5726,88.3639,6.0
AWS-KOL-01,Kolkata Alipore,2000-04-14 12:00:00,31.2,1000.8,62.0,22.5726,88.3639,6.0
AWS-KOL-01,Kolkata Alipore,2000-04-14 13:00:00,31.0,1002.1,66.0,22.5726,88.3639,6.0
AWS-KOL-01,Kolkata Alipore,2000-04-14 14:00:00,29.0,1003.4,74.0,22.5726,88.3639,6.0
AWS-KOL-01,Kolkata Alipore,2000-04-14 15:00:00,28.6,1004.7,76.0,22.5726,88.3639,6.0
AWS-KOL-01,Kolkata Alipore,2000-04-14 16:00:00,29.0,1004.6,79.0,22.5726,88.3639,6.0
AWS-KOL-01,Kolkata Alipore,2000-04-14 17:00:00,28.0,1004.5,84.0,22.5726,88.3639,6.0
AWS-KOL-01,Kolkata Alipore,2000-04-14 18:00:00,27.0,1004.4,87.0,22.5726,88.3639,6.0
AWS-KOL-01,Kolkata Alipore,2000-04-14 19:00:00,27.0,1004.33,89.0,22.5726,88.3639,6.0
AWS-KOL-01,Kolkata Alipore,2000-04-14 20:00:00,27.0,1004.27,89.0,22.5726,88.3639,6.0
AWS-KOL-01,Kolkata Alipore,2000-04-14 21:00:00,26.4,1004.2,89.0,22.5726,88.3639,6.0
AWS-KOL-01,Kolkata Alipore,2000-04-14 22:00:00,26.0,1004.6,94.0,22.5726,88.3639,6.0
AWS-KOL-01,Kolkata Alipore,2000-04-14 23:00:00,26.0,1005.0,94.0,22.5726,88.3639,6.0
AWS-KOL-01,Kolkata Alipore,2000-04-15 00:00:00,26.2,1005.4,92.0,22.5726,88.3639,6.0
AWS-KOL-01,Kolkata Alipore,2000-04-15 01:00:00,26.0,1005.93,94.0,22.5726,88.3639,6.0
AWS-KOL-01,Kolkata Alipore,2000-04-15 02:00:00,29.0,1006.47,89.0,22.5726,88.3639,6.0
AWS-KOL-01,Kolkata Alipore,2000-04-15 03:00:00,30.0,1007.0,78.0,22.5726,88.3639,6.0
AWS-KOL-01,Kolkata Alipore,2000-04-15 04:00:00,32.0,1006.5,75.0,22.5726,88.3639,6.0
AWS-KOL-01,Kolkata Alipore,2000-04-15 05:00:00,34.0,1006.0,63.0,22.5726,88.3639,6.0
AWS-KOL-01,Kolkata Alipore,2000-04-15 06:00:00,34.2,1005.5,55.0,22.5726,88.3639,6.0
AWS-KOL-01,Kolkata Alipore,2000-04-15 07:00:00,36.0,1005.83,53.0,22.5726,88.3639,6.0
AWS-KOL-01,Kolkata Alipore,2000-04-15 08:00:00,36.0,1006.17,53.0,22.5726,88.3639,6.0
AWS-KOL-01,Kolkata Alipore,2000-04-15 09:00:00,20.6,1006.5,100.0,22.5726,88.3639,6.0
AWS-KOL-01,Kolkata Alipore,2000-04-15 10:00:00,23.0,1005.77,100.0,22.5726,88.3639,6.0
AWS-KOL-01,Kolkata Alipore,2000-04-15 11:00:00,23.0,1005.03,78.0,22.5726,88.3639,6.0
AWS-KOL-01,Kolkata Alipore,2000-04-15 12:00:00,22.4,1004.3,86.0,22.5726,88.3639,6.0
AWS-KOL-01,Kolkata Alipore,2000-04-15 13:00:00,23.0,1004.67,83.0,22.5726,88.3639,6.0
AWS-KOL-01,Kolkata Alipore,2000-04-15 14:00:00,23.0,1005.03,78.0,22.5726,88.3639,6.0
AWS-KOL-01,Kolkata Alipore,2000-04-15 15:00:00,23.0,1005.4,83.0,22.5726,88.3639,6.0
AWS-KOL-01,Kolkata Alipore,2000-04-15 16:00:00,23.0,1005.63,88.0,22.5726,88.3639,6.0
AWS-KOL-01,Kolkata Alipore,2000-04-15 17:00:00,23.0,1005.87,83.0,22.5726,88.3639,6.0
AWS-KOL-01,Kolkata Alipore,2000-04-15 18:00:00,22.0,1006.1,91.0,22.5726,88.3639,6.0
AWS-KOL-01,Kolkata Alipore,2000-04-15 19:00:00,23.0,1006.0,83.0,22.5726,88.3639,6.0
AWS-KOL-01,Kolkata Alipore,2000-04-15 20:00:00,23.0,1005.9,83.0,22.5726,88.3639,6.0
AWS-KOL-01,Kolkata Alipore,2000-04-15 21:00:00,21.6,1005.8,91.0,22.5726,88.3639,6.0
AWS-KOL-01,Kolkata Alipore,2000-04-15 22:00:00,22.0,1006.13,88.0,22.5726,88.3639,6.0
AWS-KOL-01,Kolkata Alipore,2000-04-15 23:00:00,21.0,1006.47,88.0,22.5726,88.3639,6.0
AWS-KOL-01,Kolkata Alipore,2000-04-16 00:00:00,21.2,1006.8,93.0,22.5726,88.3639,6.0
AWS-KOL-01,Kolkata Alipore,2000-04-16 01:00:00,22.0,1007.63,88.0,22.5726,88.3639,6.0
AWS-KOL-01,Kolkata Alipore,2000-04-16 02:00:00,24.0,1008.47,83.0,22.5726,88.3639,6.0
AWS-KOL-01,Kolkata Alipore,2000-04-16 03:00:00,27.0,1009.3,72.0,22.5726,88.3639,6.0
AWS-KOL-01,Kolkata Alipore,2000-04-16 04:00:00,28.0,1008.67,74.0,22.5726,88.3639,6.0
AWS-KOL-01,Kolkata Alipore,2000-04-16 05:00:00,30.0,1008.03,70.0,22.5726,88.3639,6.0
AWS-KOL-01,Kolkata Alipore,2000-04-16 06:00:00,31.4,1007.4,63.0,22.5726,88.3639,6.0
AWS-KOL-01,Kolkata Alipore,2000-04-16 07:00:00,33.0,1006.43,63.0,22.5726,88.3639,6.0
AWS-KOL-01,Kolkata Alipore,2000-04-16 08:00:00,34.0,1005.47,56.0,22.5726,88.3639,6.0
AWS-KOL-01,Kolkata Alipore,2000-04-16 09:00:00,33.8,1004.5,57.0,22.5726,88.3639,6.0
AWS-KOL-01,Kolkata Alipore,2000-04-16 10:00:00,34.0,1004.2,60.0,22.5726,88.3639,6.0
AWS-KOL-01,Kolkata Alipore,2000-04-16 11:00:00,34.0,1003.9,60.0,22.5726,88.3639,6.0
AWS-KOL-01,Kolkata Alipore,2000-04-16 12:00:00,31.8,1003.6,64.0,22.5726,88.3639,6.0
AWS-KOL-01,Kolkata Alipore,2000-04-16 13:00:00,32.0,1004.23,71.0,22.5726,88.3639,6.0
AWS-KOL-01,Kolkata Alipore,2000-04-16 14:00:00,31.0,1004.87,75.0,22.5726,88.3639,6.0
AWS-KOL-01,Kolkata Alipore,2000-04-16 15:00:00,28.4,1005.5,82.0,22.5726,88.3639,6.0
AWS-KOL-01,Kolkata Alipore,2000-04-16 16:00:00,29.0,1005.93,79.0,22.5726,88.3639,6.0
AWS-KOL-01,Kolkata Alipore,2000-04-16 17:00:00,28.0,1006.37,84.0,22.5726,88.3639,6.0
AWS-KOL-01,Kolkata Alipore,2000-04-16 18:00:00,27.2,1006.8,87.0,22.5726,88.3639,6.0
AWS-KOL-01,Kolkata Alipore,2000-04-16 19:00:00,28.0,1006.53,84.0,22.5726,88.3639,6.0
AWS-KOL-01,Kolkata Alipore,2000-04-16 20:00:00,28.0,1006.27,84.0,22.5726,88.3639,6.0
AWS-KOL-01,Kolkata Alipore,2000-04-16 21:00:00,26.0,1006.0,87.0,22.5726,88.3639,6.0
AWS-KOL-01,Kolkata Alipore,2000-04-16 23:00:00,27.0,1006.25,89.0,22.5726,88.3639,6.0
AWS-KOL-01,Kolkata Alipore,2000-04-17 00:00:00,26.4,1006.5,90.0,22.5726,88.3639,6.0
AWS-KOL-01,Kolkata Alipore,2000-04-17 01:00:00,27.0,1006.93,89.0,22.5726,88.3639,6.0
AWS-KOL-01,Kolkata Alipore,2000-04-17 02:00:00,29.0,1007.37,84.0,22.5726,88.3639,6.0
AWS-KOL-01,Kolkata Alipore,2000-04-17 03:00:00,31.0,1007.8,74.0,22.5726,88.3639,6.0
AWS-KOL-01,Kolkata Alipore,2000-04-17 04:00:00,32.0,1007.4,75.0,22.5726,88.3639,6.0
AWS-KOL-01,Kolkata Alipore,2000-04-17 05:00:00,33.0,1007.0,63.0,22.5726,88.3639,6.0
AWS-KOL-01,Kolkata Alipore,2000-04-17 06:00:00,34.0,1006.6,61.0,22.5726,88.3639,6.0
AWS-KOL-01,Kolkata Alipore,2000-04-17 07:00:00,35.0,1005.96,60.0,22.5726,88.3639,6.0
AWS-KOL-01,Kolkata Alipore,2000-04-17 08:00:00,36.0,1005.32,50.0,22.5726,88.3639,6.0
AWS-KOL-01,Kolkata Alipore,2000-04-17 09:00:00,36.0,1004.68,50.0,22.5726,88.3639,6.0
AWS-KOL-01,Kolkata Alipore,2000-04-17 11:00:00,33.7,1004.04,56.5,22.5726,88.3639,6.0
AWS-KOL-01,Kolkata Alipore,2000-04-17 12:00:00,31.4,1003.4,63.0,22.5726,88.3639,6.0
AWS-KOL-01,Kolkata Alipore,2000-04-17 13:00:00,31.0,1004.07,70.0,22.5726,88.3639,6.0
AWS-KOL-01,Kolkata Alipore,2000-04-17 14:00:00,31.0,1004.73,75.0,22.5726,88.3639,6.0
AWS-KOL-01,Kolkata Alipore,2000-04-17 15:00:00,29.0,1005.4,85.0,22.5726,88.3639,6.0
AWS-KOL-01,Kolkata Alipore,2000-04-17 16:00:00,29.0,1005.33,84.0,22.5726,88.3639,6.0
AWS-KOL-01,Kolkata Alipore,2000-04-17 17:00:00,28.0,1005.27,89.0,22.5726,88.3639,6.0
AWS-KOL-01,Kolkata Alipore,2000-04-17 18:00:00,27.6,1005.2,92.0,22.5726,88.3639,6.0
AWS-KOL-01,Kolkata Alipore,2000-04-17 19:00:00,28.0,1005.2,89.0,22.5726,88.3639,6.0
AWS-KOL-01,Kolkata Alipore,2000-04-17 21:00:00,26.6,1005.2,90.0,22.5726,88.3639,6.0
AWS-KOL-01,Kolkata Alipore,2000-04-17 22:00:00,27.0,1005.47,89.0,22.5726,88.3639,6.0
AWS-KOL-01,Kolkata Alipore,2000-04-17 23:00:00,26.0,1005.73,94.0,22.5726,88.3639,6.0
AWS-KOL-01,Kolkata Alipore,2000-04-18 00:00:00,25.4,1006.0,93.0,22.5726,88.3639,6.0
AWS-KOL-01,Kolkata Alipore,2000-04-18 01:00:00,27.0,1006.73,89.0,22.5726,88.3639,6.0
AWS-KOL-01,Kolkata Alipore,2000-04-18 02:00:00,29.0,1007.47,79.0,22.5726,88.3639,6.0
AWS-KOL-01,Kolkata Alipore,2000-04-18 03:00:00,30.4,1008.2,74.0,22.5726,88.3639,6.0
AWS-KOL-01,Kolkata Alipore,2000-04-18 04:00:00,32.0,1007.93,67.0,22.5726,88.3639,6.0
AWS-KOL-01,Kolkata Alipore,2000-04-18 05:00:00,35.0,1007.67,56.0,22.5726,88.3639,6.0
AWS-KOL-01,Kolkata Alipore,2000-04-18 06:00:00,34.2,1007.4,58.0,22.5726,88.3639,6.0
AWS-KOL-01,Kolkata Alipore,2000-04-18 07:00:00,36.0,1005.95,53.0,22.5726,88.3639,6.0
AWS-KOL-01,Kolkata Alipore,2000-04-18 09:00:00,35.2,1004.5,52.0,22.5726,88.3639,6.0
AWS-KOL-01,Kolkata Alipore,2000-04-18 11:00:00,36.0,1004.45,53.0,22.5726,88.3639,6.0
AWS-KOL-01,Kolkata Alipore,2000-04-18 12:00:00,32.2,1004.4,68.0,22.5726,88.3639,6.0
AWS-KOL-01,Kolkata Alipore,2000-04-18 13:00:00,31.0,1005.23,70.0,22.5726,88.3639,6.0
AWS-KOL-01,Kolkata Alipore,2000-04-18 14:00:00,30.0,1006.07,79.0,22.5726,88.3639,6.0
AWS-KOL-01,Kolkata Alipore,2000-04-18 15:00:00,29.2,1006.9,83.0,22.5726,88.3639,6.0
AWS-KOL-01,Kolkata Alipore,2000-04-18 16:00:00,30.0,1006.87,79.0,22.5726,88.3639,6.0
AWS-KOL-01,Kolkata Alipore,2000-04-18 17:00:00,30.0,1006.83,79.0,22.5726,88.3639,6.0
AWS-KOL-01,Kolkata Alipore,2000-04-18 18:00:00,28.4,1006.8,83.0,22.5726,88.3639,6.0
AWS-KOL-01,Kolkata Alipore,2000-04-18 19:00:00,29.0,1006.4,84.0,22.5726,88.3639,6.0
AWS-KOL-01,Kolkata Alipore,2000-04-18 20:00:00,29.0,1006.0,84.0,22.5726,88.3639,6.0
AWS-KOL-01,Kolkata Alipore,2000-04-18 21:00:00,27.8,1005.6,84.0,22.5726,88.3639,6.0
AWS-KOL-01,Kolkata Alipore,2000-04-18 22:00:00,28.0,1005.8,89.0,22.5726,88.3639,6.0
AWS-KOL-01,Kolkata Alipore,2000-04-18 23:00:00,28.0,1006.0,89.0,22.5726,88.3639,6.0
AWS-KOL-01,Kolkata Alipore,2000-04-19 00:00:00,27.4,1006.2,89.0,22.5726,88.3639,6.0
AWS-KOL-01,Kolkata Alipore,2000-04-19 01:00:00,29.0,1006.83,84.0,22.5726,88.3639,6.0
AWS-KOL-01,Kolkata Alipore,2000-04-19 02:00:00,31.0,1007.47,70.0,22.5726,88.3639,6.0
AWS-KOL-01,Kolkata Alipore,2000-04-19 03:00:00,32.0,1008.1,70.0,22.5726,88.3639,6.0
AWS-KOL-01,Kolkata Alipore,2000-04-19 04:00:00,33.0,1007.83,71.0,22.5726,88.3639,6.0
AWS-KOL-01,Kolkata Alipore,2000-04-19 05:00:00,35.0,1007.57,63.0,22.5726,88.3639,6.0
AWS-KOL-01,Kolkata Alipore,2000-04-19 06:00:00,34.4,1007.3,63.0,22.5726,88.3639,6.0
AWS-KOL-01,Kolkata Alipore,2000-04-19 07:00:00,36.0,1006.33,53.0,22.5726,88.3639,6.0
AWS-KOL-01,Kolkata Alipore,2000-04-19 08:00:00,37.0,1005.37,50.0,22.5726,88.3639,6.0
AWS-KOL-01,Kolkata Alipore,2000-04-19 09:00:00,36.6,1004.4,52.0,22.5726,88.3639,6.0
AWS-KOL-01,Kolkata Alipore,2000-04-19 10:00:00,36.0,1004.27,60.0,22.5726,88.3639,6.0
AWS-KOL-01,Kolkata Alipore,2000-04-19 11:00:00,36.0,1004.13,53.0,22.5726,88.3639,6.0
AWS-KOL-01,Kolkata Alipore,2000-04-19 12:00:00,32.6,1004.0,63.0,22.5726,88.3639,6.0
AWS-KOL-01,Kolkata Alipore,2000-04-19 13:00:00,31.0,1004.87,70.0,22.5726,88.3639,6.0
AWS-KOL-01,Kolkata Alipore,2000-04-19 14:00:00,30.0,1005.73,75.0,22.5726,88.3639,6.0
AWS-KOL-01,Kolkata Alipore,2000-04-19 15:00:00,29.0,1006.6,80.0,22.5726,88.3639,6.0
AWS-KOL-01,Kolkata Alipore,2000-04-19 16:00:00,30.0,1006.1,75.0,22.5726,88.3639,6.0
AWS-KOL-01,Kolkata Alipore,2000-04-19 17:00:00,29.0,1005.6,79.0,22.5726,88.3639,6.0
AWS-KOL-01,Kolkata Alipore,2000-04-19 18:00:00,27.4,1005.1,89.0,22.5726,88.3639,6.0
AWS-KOL-01,Kolkata Alipore,2000-04-19 19:00:00,29.0,1004.63,89.0,22.5726,88.3639,6.0
AWS-KOL-01,Kolkata Alipore,2000-04-19 20:00:00,29.0,1004.17,89.0,22.5726,88.3639,6.0
AWS-KOL-01,Kolkata Alipore,2000-04-19 21:00:00,27.0,1003.7,92.0,22.5726,88.3639,6.0
AWS-KOL-01,Kolkata Alipore,2000-04-19 22:00:00,28.0,1004.1,89.0,22.5726,88.3639,6.0
AWS-KOL-01,Kolkata Alipore,2000-04-19 23:00:00,27.0,1004.5,94.0,22.5726,88.3639,6.0
AWS-KOL-01,Kolkata Alipore,2000-04-20 00:00:00,26.4,1004.9,92.0,22.5726,88.3639,6.0
AWS-KOL-01,Kolkata Alipore,2000-04-20 01:00:00,28.0,1005.63,84.0,22.5726,88.3639,6.0
AWS-KOL-01,Kolkata Alipore,2000-04-20 02:00:00,29.0,1006.37,84.0,22.5726,88.3639,6.0
AWS-KOL-01,Kolkata Alipore,2000-04-20 03:00:00,30.6,1007.1,77.0,22.5726,88.3639,6.0
AWS-KOL-01,Kolkata Alipore,2000-04-20 04:00:00,32.0,1006.8,75.0,22.5726,88.3639,6.0
AWS-KOL-01,Kolkata Alipore,2000-04-20 05:00:00,33.0,1006.5,71.0,22.5726,88.3639,6.0
AWS-KOL-01,Kolkata Alipore,2000-04-20 06:00:00,33.0,1006.2,67.0,22.5726,88.3639,6.0
AWS-KOL-01,Kolkata Alipore,2000-04-20 07:00:00,35.0,1005.17,60.0,22.5726,88.3639,6.0
AWS-KOL-01,Kolkata Alipore,2000-04-20 08:00:00,35.0,1004.13,63.0,22.5726,88.3639,6.0
AWS-KOL-01,Kolkata Alipore,2000-04-20 09:00:00,35.0,1003.1,58.0,22.5726,88.3639,6.0
AWS-KOL-01,Kolkata Alipore,2000-04-20 10:00:00,36.0,1002.8,56.0,22.5726,88.3639,6.0
AWS-KOL-01,Kolkata Alipore,2000-04-20 11:00:00,34.0,1002.5,63.0,22.5726,88.3639,6.0
AWS-KOL-01,Kolkata Alipore,2000-04-20 12:00:00,31.0,1002.2,72.0,22.5726,88.3639,6.0
AWS-KOL-01,Kolkata Alipore,2000-04-20 13:00:00,30.0,1002.7,79.0,22.5726,88.3639,6.0
AWS-KOL-01,Kolkata Alipore,2000-04-20 14:00:00,30.0,1003.2,79.0,22.5726,88.3639,6.0
AWS-KOL-01,Kolkata Alipore,2000-04-20 15:00:00,28.4,1003.7,85.0,22.5726,88.3639,6.0
AWS-KOL-01,Kolkata Alipore,2000-04-20 16:00:00,29.0,1003.38,84.0,22.5726,88.3639,6.0
AWS-KOL-01,Kolkata Alipore,2000-04-20 17:00:00,29.0,1003.07,89.0,22.5726,88.3639,6.0
AWS-KOL-01,Kolkata Alipore,2000-04-20 18:00:00,29.0,1002.75,84.0,22.5726,88.3639,6.0
AWS-KOL-01,Kolkata Alipore,2000-04-20 19:00:00,29.0,1002.43,84.0,22.5726,88.3639,6.0
AWS-KOL-01,Kolkata Alipore,2000-04-20 20:00:00,29.0,1002.12,84.0,22.5726,88.3639,6.0
AWS-KOL-01,Kolkata Alipore,2000-04-20 21:00:00,27.4,1001.8,86.0,22.5726,88.3639,6.0
AWS-KOL-01,Kolkata Alipore,2000-04-20 22:00:00,28.0,1002.7,94.0,22.5726,88.3639,6.0
AWS-KOL-01,Kolkata Alipore,2000-04-20 23:00:00,28.0,1003.6,89.0,22.5726,88.3639,6.0
AWS-KOL-01,Kolkata Alipore,2000-04-21 01:00:00,24.0,1004.5,74.0,22.5726,88.3639,6.0
AWS-KOL-01,Kolkata Alipore,2000-04-21 02:00:00,26.0,1005.4,74.0,22.5726,88.3639,6.0
AWS-KOL-01,Kolkata Alipore,2000-04-21 03:00:00,27.8,1006.3,66.0,22.5726,88.3639,6.0
AWS-KOL-01,Kolkata Alipore,2000-04-21 04:00:00,30.0,1006.77,59.0,22.5726,88.3639,6.0
AWS-KOL-01,Kolkata Alipore,2000-04-21 05:00:00,32.0,1007.23,59.0,22.5726,88.3639,6.0
AWS-KOL-01,Kolkata Alipore,2000-04-21 06:00:00,33.0,1007.7,56.0,22.5726,88.3639,6.0
AWS-KOL-01,Kolkata Alipore,2000-04-21 07:00:00,30.0,1005.75,75.0,22.5726,88.3639,6.0
AWS-KOL-01,Kolkata Alipore,2000-04-21 09:00:00,28.4,1003.8,79.0,22.5726,88.3639,6.0
AWS-KOL-01,Kolkata Alipore,2000-04-21 10:00:00,31.0,1003.57,70.0,22.5726,88.3639,6.0
AWS-KOL-01,Kolkata Alipore,2000-04-21 11:00:00,31.0,1003.33,70.0,22.5726,88.3639,6.0
AWS-KOL-01,Kolkata Alipore,2000-04-21 12:00:00,28.0,1003.1,76.0,22.5726,88.3639,6.0
AWS-KOL-01,Kolkata Alipore,2000-04-21 13:00:00,27.0,1003.63,79.0,22.5726,88.3639,6.0
AWS-KOL-01,Kolkata Alipore,2000-04-21 14:00:00,27.0,1004.17,84.0,22.5726,88.3639,6.0
AWS-KOL-01,Kolkata Alipore,2000-04-21 15:00:00,26.4,1004.7,89.0,22.5726,88.3639,6.0
AWS-KOL-01,Kolkata Alipore,2000-04-21 16:00:00,28.0,1004.77,84.0,22.5726,88.3639,6.0
AWS-KOL-01,Kolkata Alipore,2000-04-21 17:00:00,28.0,1004.83,89.0,22.5726,88.3639,6.0
AWS-KOL-01,Kolkata Alipore,2000-04-21 18:00:00,26.6,1004.9,92.0,22.5726,88.3639,6.0
AWS-KOL-01,Kolkata Alipore,2000-04-21 19:00:00,28.0,1004.77,89.0,22.5726,88.3639,6.0
AWS-KOL-01,Kolkata Alipore,2000-04-21 20:00:00,28.0,1004.63,89.0,22.5726,88.3639,6.0
AWS-KOL-01,Kolkata Alipore,2000-04-21 21:00:00,27.0,1004.5,94.0,22.5726,88.3639,6.0
AWS-KOL-01,Kolkata Alipore,2000-04-21 22:00:00,29.0,1004.8,89.0,22.5726,88.3639,6.0
AWS-KOL-01,Kolkata Alipore,2000-04-21 23:00:00,28.0,1005.1,89.0,22.5726,88.3639,6.0
AWS-KOL-01,Kolkata Alipore,2000-04-22 00:00:00,27.0,1005.4,95.0,22.5726,88.3639,6.0
AWS-KOL-01,Kolkata Alipore,2000-04-22 01:00:00,28.0,1005.83,94.0,22.5726,88.3639,6.0
AWS-KOL-01,Kolkata Alipore,2000-04-22 02:00:00,30.0,1006.27,89.0,22.5726,88.3639,6.0
AWS-KOL-01,Kolkata Alipore,2000-04-22 03:00:00,31.2,1006.7,78.0,22.5726,88.3639,6.0
AWS-KOL-01,Kolkata Alipore,2000-04-22 04:00:00,32.1,1006.3,74.5,22.5726,88.3639,6.0
AWS-KOL-01,Kolkata Alipore,2000-04-22 05:00:00,33.0,1005.9,71.0,22.5726,88.3639,6.0
AWS-KOL-01,Kolkata Alipore,2000-04-22 06:00:00,34.4,1005.5,64.0,22.5726,88.3639,6.0
AWS-KOL-01,Kolkata Alipore,2000-04-22 07:00:00,36.0,1004.77,64.0,22.5726,88.3639,6.0
AWS-KOL-01,Kolkata Alipore,2000-04-22 08:00:00,36.0,1004.03,64.0,22.5726,88.3639,6.0
AWS-KOL-01,Kolkata Alipore,2000-04-22 09:00:00,35.0,1003.3,60.0,22.5726,88.3639,6.0
AWS-KOL-01,Kolkata Alipore,2000-04-22 11:00:00,35.0,1003.5,60.0,22.5726,88.3639,6.0
AWS-KOL-01,Kolkata Alipore,2000-04-22 13:00:00,32.0,1003.7,67.0,22.5726,88.3639,6.0
AWS-KOL-01,Kolkata Alipore,2000-04-22 14:00:00,30.0,1003.9,79.0,22.5726,88.3639,6.0
AWS-KOL-01,Kolkata Alipore,2000-04-22 15:00:00,29.0,1004.1,80.0,22.5726,88.3639,6.0
AWS-KOL-01,Kolkata Alipore,2000-04-22 16:00:00,29.0,1004.07,84.0,22.5726,88.3639,6.0
AWS-KOL-01,Kolkata Alipore,2000-04-22 17:00:00,29.0,1004.03,84.0,22.5726,88.3639,6.0
AWS-KOL-01,Kolkata Alipore,2000-04-22 18:00:00,28.2,1004.0,86.0,22.5726,88.3639,6.0
AWS-KOL-01,Kolkata Alipore,2000-04-22 19:00:00,29.0,1003.93,84.0,22.5726,88.3639,6.0
AWS-KOL-01,Kolkata Alipore,2000-04-22 20:00:00,29.0,1003.87,79.0,22.5726,88.3639,6.0
AWS-KOL-01,Kolkata Alipore,2000-04-22 21:00:00,27.6,1003.8,87.0,22.5726,88.3639,6.0
AWS-KOL-01,Kolkata Alipore,2000-04-22 22:00:00,29.0,1004.67,79.0,22.5726,88.3639,6.0
AWS-KOL-01,Kolkata Alipore,2000-04-22 23:00:00,23.0,1005.53,83.0,22.5726,88.3639,6.0
AWS-KOL-01,Kolkata Alipore,2000-04-23 00:00:00,23.0,1006.4,86.0,22.5726,88.3639,6.0
AWS-KOL-01,Kolkata Alipore,2000-04-23 01:00:00,24.0,1006.57,83.0,22.5726,88.3639,6.0
AWS-KOL-01,Kolkata Alipore,2000-04-23 02:00:00,26.0,1006.73,74.0,22.5726,88.3639,6.0
AWS-KOL-01,Kolkata Alipore,2000-04-23 03:00:00,28.0,1006.9,74.0,22.5726,88.3639,6.0
AWS-KOL-01,Kolkata Alipore,2000-04-23 04:00:00,31.0,1006.7,55.0,22.5726,88.3639,6.0
AWS-KOL-01,Kolkata Alipore,2000-04-23 05:00:00,33.0,1006.5,52.0,22.5726,88.3639,6.0
AWS-KOL-01,Kolkata Alipore,2000-04-23 06:00:00,33.2,1006.3,52.0,22.5726,88.3639,6.0
AWS-KOL-01,Kolkata Alipore,2000-04-23 07:00:00,36.0,1005.3,44.0,22.5726,88.3639,6.0
AWS-KOL-01,Kolkata Alipore,2000-04-23 08:00:00,36.0,1004.3,44.0,22.5726,88.3639,6.0
AWS-KOL-01,Kolkata Alipore,2000-04-23 09:00:00,34.4,1003.3,54.0,22.5726,88.3639,6.0
AWS-KOL-01,Kolkata Alipore,2000-04-23 10:00:00,36.0,1003.2,64.0,22.5726,88.3639,6.0
AWS-KOL-01,Kolkata Alipore,2000-04-23 11:00:00,34.0,1003.1,56.0,22.5726,88.3639,6.0
AWS-KOL-01,Kolkata Alipore,2000-04-23 12:00:00,31.4,1003.0,70.0,22.5726,88.3639,6.0
AWS-KOL-01,Kolkata Alipore,2000-04-23 13:00:00,31.0,1003.37,66.0,22.5726,88.3639,6.0
AWS-KOL-01,Kolkata Alipore,2000-04-23 14:00:00,31.0,1003.73,66.0,22.5726,88.3639,6.0
AWS-KOL-01,Kolkata Alipore,2000-04-23 15:00:00,29.4,1004.1,78.0,22.5726,88.3639,6.0
AWS-KOL-01,Kolkata Alipore,2000-04-23 16:00:00,30.0,1003.55,75.0,22.5726,88.3639,6.0
AWS-KOL-01,Kolkata Alipore,2000-04-23 18:00:00,28.4,1003.0,85.0,22.5726,88.3639,6.0
AWS-KOL-01,Kolkata Alipore,2000-04-23 19:00:00,29.0,1002.83,84.0,22.5726,88.3639,6.0
AWS-KOL-01,Kolkata Alipore,2000-04-23 20:00:00,29.0,1002.67,84.0,22.5726,88.3639,6.0
AWS-KOL-01,Kolkata Alipore,2000-04-23 21:00:00,27.0,1002.5,89.0,22.5726,88.3639,6.0
AWS-KOL-01,Kolkata Alipore,2000-04-23 22:00:00,28.0,1002.6,79.0,22.5726,88.3639,6.0
AWS-KOL-01,Kolkata Alipore,2000-04-23 23:00:00,28.0,1002.7,84.0,22.5726,88.3639,6.0
AWS-KOL-01,Kolkata Alipore,2000-04-24 00:00:00,27.6,1002.8,84.0,22.5726,88.3639,6.0
AWS-KOL-01,Kolkata Alipore,2000-04-24 02:00:00,30.0,1004.3,70.0,22.5726,88.3639,6.0
AWS-KOL-01,Kolkata Alipore,2000-04-24 03:00:00,30.2,1005.8,73.0,22.5726,88.3639,6.0
AWS-KOL-01,Kolkata Alipore,2000-04-24 05:00:00,33.0,1005.15,56.0,22.5726,88.3639,6.0
AWS-KOL-01,Kolkata Alipore,2000-04-24 06:00:00,33.6,1004.5,63.0,22.5726,88.3639,6.0
AWS-KOL-01,Kolkata Alipore,2000-04-24 07:00:00,35.0,1003.47,56.0,22.5726,88.3639,6.0
AWS-KOL-01,Kolkata Alipore,2000-04-24 08:00:00,36.0,1002.43,53.0,22.5726,88.3639,6.0
AWS-KOL-01,Kolkata Alipore,2000-04-24 09:00:00,34.0,1001.4,62.0,22.5726,88.3639,6.0
AWS-KOL-01,Kolkata Alipore,2000-04-24 10:00:00,35.0,1001.8,56.0,22.5726,88.3639,6.0
AWS-KOL-01,Kolkata Alipore,2000-04-24 11:00:00,34.0,1002.2,63.0,22.5726,88.3639,6.0
AWS-KOL-01,Kolkata Alipore,2000-04-24 14:00:00,23.0,1002.6,83.0,22.5726,88.3639,6.0
AWS-KOL-01,Kolkata Alipore,2000-04-24 15:00:00,22.8,1003.0,84.0,22.5726,88.3639,6.0
AWS-KOL-01,Kolkata Alipore,2000-04-24 16:00:00,24.0,1003.9,78.0,22.5726,88.3639,6.0
AWS-KOL-01,Kolkata Alipore,2000-04-24 17:00:00,25.0,1004.8,65.0,22.5726,88.3639,6.0
AWS-KOL-01,Kolkata Alipore,2000-04-24 18:00:00,23.6,1005.7,72.0,22.5726,88.3639,6.0
AWS-KOL-01,Kolkata Alipore,2000-04-24 19:00:00,23.0,1004.17,74.0,22.5726,88.3639,6.0
AWS-KOL-01,Kolkata Alipore,2000-04-24 20:00:00,23.0,1002.63,78.0,22.5726,88.3639,6.0
AWS-KOL-01,Kolkata Alipore,2000-04-24 21:00:00,21.8,1001.1,86.0,22.5726,88.3639,6.0
AWS-KOL-01,Kolkata Alipore,2000-04-24 22:00:00,23.0,1001.47,78.0,22.5726,88.3639,6.0
AWS-KOL-01,Kolkata Alipore,2000-04-24 23:00:00,23.0,1001.83,74.0,22.5726,88.3639,6.0
AWS-KOL-01,Kolkata Alipore,2000-04-25 00:00:00,23.0,1002.2,88.0,22.5726,88.3639,6.0
AWS-KOL-01,Kolkata Alipore,2000-04-25 01:00:00,25.0,1003.4,74.0,22.5726,88.3639,6.0
AWS-KOL-01,Kolkata Alipore,2000-04-25 02:00:00,25.1,1004.6,76.5,22.5726,88.3639,6.0
AWS-KOL-01,Kolkata Alipore,2000-04-25 03:00:00,25.2,1005.8,79.0,22.5726,88.3639,6.0
AWS-KOL-01,Kolkata Alipore,2000-04-25 04:00:00,28.0,1005.27,66.0,22.5726,88.3639,6.0
AWS-KOL-01,Kolkata Alipore,2000-04-25 05:00:00,30.0,1004.73,62.0,22.5726,88.3639,6.0
AWS-KOL-01,Kolkata Alipore,2000-04-25 06:00:00,29.6,1004.2,70.0,22.5726,88.3639,6.0
AWS-KOL-01,Kolkata Alipore,2000-04-25 07:00:00,32.0,1002.97,63.0,22.5726,88.3639,6.0
AWS-KOL-01,Kolkata Alipore,2000-04-25 08:00:00,33.0,1001.73,63.0,22.5726,88.3639,6.0
AWS-KOL-01,Kolkata Alipore,2000-04-25 09:00:00,32.4,1000.5,67.0,22.5726,88.3639,6.0
AWS-KOL-01,Kolkata Alipore,2000-04-25 10:00:00,34.0,1000.33,60.0,22.5726,88.3639,6.0
AWS-KOL-01,Kolkata Alipore,2000-04-25 11:00:00,33.0,1000.17,63.0,22.5726,88.3639,6.0
AWS-KOL-01,Kolkata Alipore,2000-04-25 12:00:00,30.4,1000.0,72.0,22.5726,88.3639,6.0
AWS-KOL-01,Kolkata Alipore,2000-04-25 13:00:00,31.0,1000.63,70.0,22.5726,88.3639,6.0
AWS-KOL-01,Kolkata Alipore,2000-04-25 14:00:00,30.0,1001.27,75.0,22.5726,88.3639,6.0
AWS-KOL-01,Kolkata Alipore,2000-04-25 15:00:00,28.2,1001.9,82.0,22.5726,88.3639,6.0
AWS-KOL-01,Kolkata Alipore,2000-04-25 16:00:00,28.0,1002.0,89.0,22.5726,88.3639,6.0
AWS-KOL-01,Kolkata Alipore,2000-04-25 17:00:00,28.0,1002.1,89.0,22.5726,88.3639,6.0
AWS-KOL-01,Kolkata Alipore,2000-04-25 18:00:00,26.0,1002.2,87.0,22.5726,88.3639,6.0
AWS-KOL-01,Kolkata Alipore,2000-04-25 20:00:00,26.1,1001.7,85.0,22.5726,88.3639,6.0
AWS-KOL-01,Kolkata Alipore,2000-04-25 21:00:00,26.2,1001.2,83.0,22.5726,88.3639,6.0
AWS-KOL-01,Kolkata Alipore,2000-04-25 22:00:00,27.0,1001.13,79.0,22.5726,88.3639,6.0
AWS-KOL-01,Kolkata Alipore,2000-04-25 23:00:00,26.0,1001.07,79.0,22.5726,88.3639,6.0
AWS-KOL-01,Kolkata Alipore,2000-04-26 00:00:00,25.6,1001.0,87.0,22.5726,88.3639,6.0
AWS-KOL-01,Kolkata Alipore,2000-04-26 01:00:00,27.0,1001.63,79.0,22.5726,88.3639,6.0
AWS-KOL-01,Kolkata Alipore,2000-04-26 02:00:00,29.0,1002.27,74.0,22.5726,88.3639,6.0
AWS-KOL-01,Kolkata Alipore,2000-04-26 03:00:00,30.6,1002.9,74.0,22.5726,88.3639,6.0
AWS-KOL-01,Kolkata Alipore,2000-04-26 04:00:00,32.0,1002.83,67.0,22.5726,88.3639,6.0
AWS-KOL-01,Kolkata Alipore,2000-04-26 05:00:00,32.0,1002.77,71.0,22.5726,88.3639,6.0
AWS-KOL-01,Kolkata Alipore,2000-04-26 06:00:00,33.0,1002.7,67.0,22.5726,88.3639,6.0
AWS-KOL-01,Kolkata Alipore,2000-04-26 07:00:00,33.0,1001.93,63.0,22.5726,88.3639,6.0
AWS-KOL-01,Kolkata Alipore,2000-04-26 08:00:00,34.0,1001.17,60.0,22.5726,88.3639,6.0
AWS-KOL-01,Kolkata Alipore,2000-04-26 09:00:00,34.4,1000.4,63.0,22.5726,88.3639,6.0
AWS-KOL-01,Kolkata Alipore,2000-04-26 10:00:00,34.0,1000.6,60.0,22.5726,88.3639,6.0
AWS-KOL-01,Kolkata Alipore,2000-04-26 11:00:00,32.0,1000.8,71.0,22.5726,88.3639,6.0
AWS-KOL-01,Kolkata Alipore,2000-04-26 12:00:00,31.6,1001.0,68.0,22.5726,88.3639,6.0
AWS-KOL-01,Kolkata Alipore,2000-04-26 13:00:00,30.0,1001.38,75.0,22.5726,88.3639,6.0
AWS-KOL-01,Kolkata Alipore,2000-04-26 14:00:00,30.0,1001.77,70.0,22.5726,88.3639,6.0
AWS-KOL-01,Kolkata Alipore,2000-04-26 15:00:00,30.0,1002.15,79.0,22.5726,88.3639,6.0
AWS-KOL-01,Kolkata Alipore,2000-04-26 16:00:00,29.0,1002.53,84.0,22.5726,88.3639,6.0
AWS-KOL-01,Kolkata Alipore,2000-04-26 17:00:00,29.0,1002.92,84.0,22.5726,88.3639,6.0
AWS-KOL-01,Kolkata Alipore,2000-04-26 18:00:00,28.8,1003.3,85.0,22.5726,88.3639,6.0
AWS-KOL-01,Kolkata Alipore,2000-04-26 19:00:00,28.0,1003.22,84.0,22.5726,88.3639,6.0
AWS-KOL-01,Kolkata Alipore,2000-04-26 20:00:00,27.0,1003.13,89.0,22.5726,88.3639,6.0
AWS-KOL-01,Kolkata Alipore,2000-04-26 21:00:00,27.0,1003.05,84.0,22.5726,88.3639,6.0
AWS-KOL-01,Kolkata Alipore,2000-04-26 22:00:00,26.0,1002.97,89.0,22.5726,88.3639,6.0
AWS-KOL-01,Kolkata Alipore,2000-04-26 23:00:00,26.0,1002.88,94.0,22.5726,88.3639,6.0
AWS-KOL-01,Kolkata Alipore,2000-04-27 00:00:00,26.0,1002.8,92.0,22.5726,88.3639,6.0
AWS-KOL-01,Kolkata Alipore,2000-04-27 01:00:00,27.0,1003.23,89.0,22.5726,88.3639,6.0
AWS-KOL-01,Kolkata Alipore,2000-04-27 02:00:00,29.0,1003.67,84.0,22.5726,88.3639,6.0
AWS-KOL-01,Kolkata Alipore,2000-04-27 03:00:00,31.0,1004.1,68.0,22.5726,88.3639,6.0
AWS-KOL-01,Kolkata Alipore,2000-04-27 04:00:00,32.0,1004.53,63.0,22.5726,88.3639,6.0
AWS-KOL-01,Kolkata Alipore,2000-04-27 05:00:00,33.0,1004.97,56.0,22.5726,88.3639,6.0
AWS-KOL-01,Kolkata Alipore,2000-04-27 06:00:00,32.0,1005.4,64.0,22.5726,88.3639,6.0
AWS-KOL-01,Kolkata Alipore,2000-04-27 07:00:00,30.0,1003.5,79.0,22.5726,88.3639,6.0
AWS-KOL-01,Kolkata Alipore,2000-04-27 08:00:00,31.0,1001.6,75.0,22.5726,88.3639,6.0
AWS-KOL-01,Kolkata Alipore,2000-04-27 09:00:00,30.4,999.7,76.0,22.5726,88.3639,6.0
AWS-KOL-01,Kolkata Alipore,2000-04-27 10:00:00,31.0,1000.0,70.0,22.5726,88.3639,6.0
AWS-KOL-01,Kolkata Alipore,2000-04-27 11:00:00,31.0,1000.3,70.0,22.5726,88.3639,6.0
AWS-KOL-01,Kolkata Alipore,2000-04-27 12:00:00,29.6,1000.6,71.0,22.5726,88.3639,6.0
AWS-KOL-01,Kolkata Alipore,2000-04-27 13:00:00,29.0,1001.23,74.0,22.5726,88.3639,6.0
AWS-KOL-01,Kolkata Alipore,2000-04-27 14:00:00,29.0,1001.87,74.0,22.5726,88.3639,6.0
AWS-KOL-01,Kolkata Alipore,2000-04-27 15:00:00,28.2,1002.5,80.0,22.5726,88.3639,6.0
AWS-KOL-01,Kolkata Alipore,2000-04-27 16:00:00,30.0,1002.37,75.0,22.5726,88.3639,6.0
AWS-KOL-01,Kolkata Alipore,2000-04-27 17:00:00,30.0,1002.23,79.0,22.5726,88.3639,6.0
AWS-KOL-01,Kolkata Alipore,2000-04-27 18:00:00,28.6,1002.1,86.0,22.5726,88.3639,6.0
AWS-KOL-01,Kolkata Alipore,2000-04-27 20:00:00,30.0,1000.95,79.0,22.5726,88.3639,6.0
AWS-KOL-01,Kolkata Alipore,2000-04-27 21:00:00,27.6,999.8,92.0,22.5726,88.3639,6.0
AWS-KOL-01,Kolkata Alipore,2000-04-27 22:00:00,30.0,1000.07,79.0,22.5726,88.3639,6.0
AWS-KOL-01,Kolkata Alipore,2000-04-27 23:00:00,29.0,1000.33,89.0,22.5726,88.3639,6.0
AWS-KOL-01,Kolkata Alipore,2000-04-28 00:00:00,27.6,1000.6,92.0,22.5726,88.3639,6.0
AWS-KOL-01,Kolkata Alipore,2000-04-28 01:00:00,29.0,1001.3,84.0,22.5726,88.3639,6.0
AWS-KOL-01,Kolkata Alipore,2000-04-28 03:00:00,32.2,1002.0,62.0,22.5726,88.3639,6.0
AWS-KOL-01,Kolkata Alipore,2000-04-28 04:00:00,34.0,1002.03,56.0,22.5726,88.3639,6.0
AWS-KOL-01,Kolkata Alipore,2000-04-28 05:00:00,35.0,1002.07,44.0,22.5726,88.3639,6.0
AWS-KOL-01,Kolkata Alipore,2000-04-28 06:00:00,35.2,1002.1,44.0,22.5726,88.3639,6.0
AWS-KOL-01,Kolkata Alipore,2000-04-28 07:00:00,37.0,1001.6,45.0,22.5726,88.3639,6.0
AWS-KOL-01,Kolkata Alipore,2000-04-28 08:00:00,36.2,1001.1,48.5,22.5726,88.3639,6.0
AWS-KOL-01,Kolkata Alipore,2000-04-28 09:00:00,35.4,1000.6,52.0,22.5726,88.3639,6.0
AWS-KOL-01,Kolkata Alipore,2000-04-28 10:00:00,37.0,1000.43,48.0,22.5726,88.3639,6.0
AWS-KOL-01,Kolkata Alipore,2000-04-28 11:00:00,36.0,1000.27,50.0,22.5726,88.3639,6.0
AWS-KOL-01,Kolkata Alipore,2000-04-28 12:00:00,32.0,1000.1,67.0,22.5726,88.3639,6.0
AWS-KOL-01,Kolkata Alipore,2000-04-28 13:00:00,32.0,1000.87,67.0,22.5726,88.3639,6.0
AWS-KOL-01,Kolkata Alipore,2000-04-28 14:00:00,31.0,1001.63,70.0,22.5726,88.3639,6.0
AWS-KOL-01,Kolkata Alipore,2000-04-28 15:00:00,29.2,1002.4,80.0,22.5726,88.3639,6.0
AWS-KOL-01,Kolkata Alipore,2000-04-28 16:00:00,30.0,1002.33,70.0,22.5726,88.3639,6.0
AWS-KOL-01,Kolkata Alipore,2000-04-28 17:00:00,30.0,1002.27,75.0,22.5726,88.3639,6.0
AWS-KOL-01,Kolkata Alipore,2000-04-28 18:00:00,28.0,1002.2,87.0,22.5726,88.3639,6.0
AWS-KOL-01,Kolkata Alipore,2000-04-28 19:00:00,29.0,1001.63,79.0,22.5726,88.3639,6.0
AWS-KOL-01,Kolkata Alipore,2000-04-28 20:00:00,29.0,1001.07,84.0,22.5726,88.3639,6.0
AWS-KOL-01,Kolkata Alipore,2000-04-28 21:00:00,27.2,1000.5,89.0,22.5726,88.3639,6.0
AWS-KOL-01,Kolkata Alipore,2000-04-28 22:00:00,29.0,1000.8,74.0,22.5726,88.3639,6.0
AWS-KOL-01,Kolkata Alipore,2000-04-28 23:00:00,28.0,1001.1,79.0,22.5726,88.3639,6.0
AWS-KOL-01,Kolkata Alipore,2000-04-29 00:00:00,27.4,1001.4,89.0,22.5726,88.3639,6.0
AWS-KOL-01,Kolkata Alipore,2000-04-29 01:00:00,31.0,1002.2,70.0,22.5726,88.3639,6.0
AWS-KOL-01,Kolkata Alipore,2000-04-29 02:00:00,31.0,1003.0,70.0,22.5726,88.3639,6.0
AWS-KOL-01,Kolkata Alipore,2000-04-29 03:00:00,31.6,1003.8,72.0,22.5726,88.3639,6.0
AWS-KOL-01,Kolkata Alipore,2000-04-29 05:00:00,35.0,1003.9,56.0,22.5726,88.3639,6.0
AWS-KOL-01,Kolkata Alipore,2000-04-29 06:00:00,34.2,1004.0,67.0,22.5726,88.3639,6.0
AWS-KOL-01,Kolkata Alipore,2000-04-29 07:00:00,36.0,1003.32,56.0,22.5726,88.3639,6.0
AWS-KOL-01,Kolkata Alipore,2000-04-29 09:00:00,35.0,1002.64,56.0,22.5726,88.3639,6.0
AWS-KOL-01,Kolkata Alipore,2000-04-29 10:00:00,35.0,1001.96,60.0,22.5726,88.3639,6.0
AWS-KOL-01,Kolkata Alipore,2000-04-29 11:00:00,34.0,1001.28,63.0,22.5726,88.3639,6.0
AWS-KOL-01,Kolkata Alipore,2000-04-29 12:00:00,31.0,1000.6,75.0,22.5726,88.3639,6.0
AWS-KOL-01,Kolkata Alipore,2000-04-29 13:00:00,27.3,1002.6,85.0,22.5726,88.3639,6.0
AWS-KOL-01,Kolkata Alipore,2000-04-29 15:00:00,23.6,1004.6,95.0,22.5726,88.3639,6.0
AWS-KOL-01,Kolkata Alipore,2000-04-29 16:00:00,24.0,1004.37,89.0,22.5726,88.3639,6.0
AWS-KOL-01,Kolkata Alipore,2000-04-29 17:00:00,24.0,1004.13,94.0,22.5726,88.3639,6.0
AWS-KOL-01,Kolkata Alipore,2000-04-29 18:00:00,25.4,1003.9,72.0,22.5726,88.3639,6.0
AWS-KOL-01,Kolkata Alipore,2000-04-29 19:00:00,25.0,1004.13,78.0,22.5726,88.3639,6.0
AWS-KOL-01,Kolkata Alipore,2000-04-29 20:00:00,25.0,1004.37,74.0,22.5726,88.3639,6.0
AWS-KOL-01,Kolkata Alipore,2000-04-29 21:00:00,25.0,1004.6,74.0,22.5726,88.3639,6.0
AWS-KOL-01,Kolkata Alipore,2000-04-29 22:00:00,25.0,1004.83,74.0,22.5726,88.3639,6.0
AWS-KOL-01,Kolkata Alipore,2000-04-29 23:00:00,26.0,1005.07,74.0,22.5726,88.3639,6.0
AWS-KOL-01,Kolkata Alipore,2000-04-30 00:00:00,26.0,1005.3,86.0,22.5726,88.3639,6.0
AWS-KOL-01,Kolkata Alipore,2000-04-30 02:00:00,30.0,1006.1,66.0,22.5726,88.3639,6.0
AWS-KOL-01,Kolkata Alipore,2000-04-30 03:00:00,31.4,1006.9,76.0,22.5726,88.3639,6.0
AWS-KOL-01,Kolkata Alipore,2000-04-30 04:00:00,33.0,1006.5,63.0,22.5726,88.3639,6.0
AWS-KOL-01,Kolkata Alipore,2000-04-30 05:00:00,34.0,1006.1,60.0,22.5726,88.3639,6.0
AWS-KOL-01,Kolkata Alipore,2000-04-30 06:00:00,33.6,1005.7,68.0,22.5726,88.3639,6.0
AWS-KOL-01,Kolkata Alipore,2000-04-30 07:00:00,35.0,1004.9,56.0,22.5726,88.3639,6.0
AWS-KOL-01,Kolkata Alipore,2000-04-30 08:00:00,35.0,1004.1,56.0,22.5726,88.3639,6.0
AWS-KOL-01,Kolkata Alipore,2000-04-30 09:00:00,34.0,1003.3,63.0,22.5726,88.3639,6.0
AWS-KOL-01,Kolkata Alipore,2000-04-30 10:00:00,34.0,1003.13,53.0,22.5726,88.3639,6.0
AWS-KOL-01,Kolkata Alipore,2000-04-30 11:00:00,34.0,1002.97,56.0,22.5726,88.3639,6.0
AWS-KOL-01,Kolkata Alipore,2000-04-30 12:00:00,31.0,1002.8,69.0,22.5726,88.3639,6.0
AWS-KOL-01,Kolkata Alipore,2000-04-30 15:00:00,29.6,1004.5,81.0,22.5726,88.3639,6.0
AWS-KOL-01,Kolkata Alipore,2000-04-30 16:00:00,31.0,1004.2,66.0,22.5726,88.3639,6.0
AWS-KOL-01,Kolkata Alipore,2000-04-30 17:00:00,31.0,1003.9,66.0,22.5726,88.3639,6.0
AWS-KOL-01,Kolkata Alipore,2000-04-30 18:00:00,29.4,1003.6,80.0,22.5726,88.3639,6.0
AWS-KOL-01,Kolkata Alipore,2000-04-30 19:00:00,31.0,1003.58,66.0,22.5726,88.3639,6.0
AWS-KOL-01,Kolkata Alipore,2000-04-30 20:00:00,31.0,1003.56,66.0,22.5726,88.3639,6.0
AWS-KOL-01,Kolkata Alipore,2000-04-30 21:00:00,31.0,1003.54,66.0,22.5726,88.3639,6.0
AWS-KOL-01,Kolkata Alipore,2000-04-30 23:00:00,31.0,1003.52,66.0,22.5726,88.3639,6.0
AWS-KOL-01,Kolkata Alipore,2000-05-01 00:00:00,29.4,1003.5,82.0,22.5726,88.3639,6.0
AWS-KOL-01,Kolkata Alipore,2000-05-01 01:00:00,31.0,1004.2,70.0,22.5726,88.3639,6.0
AWS-KOL-01,Kolkata Alipore,2000-05-01 02:00:00,32.0,1004.9,67.0,22.5726,88.3639,6.0
AWS-KOL-01,Kolkata Alipore,2000-05-01 03:00:00,32.0,1005.6,72.0,22.5726,88.3639,6.0
AWS-KOL-01,Kolkata Alipore,2000-05-01 04:00:00,34.0,1005.27,60.0,22.5726,88.3639,6.0
AWS-KOL-01,Kolkata Alipore,2000-05-01 05:00:00,34.0,1004.93,60.0,22.5726,88.3639,6.0
AWS-KOL-01,Kolkata Alipore,2000-05-01 06:00:00,34.4,1004.6,67.0,22.5726,88.3639,6.0
AWS-KOL-01,Kolkata Alipore,2000-05-01 07:00:00,35.0,1003.73,60.0,22.5726,88.3639,6.0
AWS-KOL-01,Kolkata Alipore,2000-05-01 08:00:00,36.0,1002.87,56.0,22.5726,88.3639,6.0
AWS-KOL-01,Kolkata Alipore,2000-05-01 09:00:00,36.0,1002.0,53.0,22.5726,88.3639,6.0
AWS-KOL-01,Kolkata Alipore,2000-05-01 10:00:00,35.0,1001.7,56.0,22.5726,88.3639,6.0
AWS-KOL-01,Kolkata Alipore,2000-05-01 11:00:00,34.0,1001.4,63.0,22.5726,88.3639,6.0
AWS-KOL-01,Kolkata Alipore,2000-05-01 12:00:00,31.2,1001.1,78.0,22.5726,88.3639,6.0
AWS-KOL-01,Kolkata Alipore,2000-05-01 13:00:00,32.0,1001.9,63.0,22.5726,88.3639,6.0
AWS-KOL-01,Kolkata Alipore,2000-05-01 14:00:00,31.0,1002.7,66.0,22.5726,88.3639,6.0
AWS-KOL-01,Kolkata Alipore,2000-05-01 15:00:00,29.4,1003.5,82.0,22.5726,88.3639,6.0
AWS-KOL-01,Kolkata Alipore,2000-05-01 16:00:00,31.0,1003.3,66.0,22.5726,88.3639,6.0
AWS-KOL-01,Kolkata Alipore,2000-05-01 18:00:00,29.4,1003.1,82.0,22.5726,88.3639,6.0
AWS-KOL-01,Kolkata Alipore,2000-05-01 21:00:00,29.0,1002.6,83.0,22.5726,88.3639,6.0
AWS-KOL-01,Kolkata Alipore,2000-05-02 00:00:00,29.0,1009.7,83.0,22.5726,88.3639,6.0
AWS-KOL-01,Kolkata Alipore,2000-05-02 01:00:00,31.0,1008.6,70.0,22.5726,88.3639,6.0
AWS-KOL-01,Kolkata Alipore,2000-05-02 02:00:00,32.0,1007.5,67.0,22.5726,88.3639,6.0
AWS-KOL-01,Kolkata Alipore,2000-05-02 03:00:00,33.0,1006.4,70.0,22.5726,88.3639,6.0
AWS-KOL-01,Kolkata Alipore,2000-05-02 04:00:00,35.0,1006.07,53.0,22.5726,88.3639,6.0
AWS-KOL-01,Kolkata Alipore,2000-05-02 05:00:00,35.0,1005.73,50.0,22.5726,88.3639,6.0
AWS-KOL-01,Kolkata Alipore,2000-05-02 06:00:00,35.0,1005.4,58.0,22.5726,88.3639,6.0
AWS-KOL-01,Kolkata Alipore,2000-05-02 07:00:00,37.0,1004.63,45.0,22.5726,88.3639,6.0
AWS-KOL-01,Kolkata Alipore,2000-05-02 08:00:00,37.0,1003.87,45.0,22.5726,88.3639,6.0
AWS-KOL-01,Kolkata Alipore,2000-05-02 09:00:00,34.6,1003.1,45.0,22.5726,88.3639,6.0
AWS-KOL-01,Kolkata Alipore,2000-05-02 10:00:00,35.0,1002.93,53.0,22.5726,88.3639,6.0
AWS-KOL-01,Kolkata Alipore,2000-05-02 11:00:00,34.0,1002.77,56.0,22.5726,88.3639,6.0
AWS-KOL-01,Kolkata Alipore,2000-05-02 12:00:00,31.0,1002.6,75.0,22.5726,88.3639,6.0
AWS-KOL-01,Kolkata Alipore,2000-05-02 13:00:00,32.0,1004.03,67.0,22.5726,88.3639,6.0
AWS-KOL-01,Kolkata Alipore,2000-05-02 14:00:00,26.2,1005.47,81.5,22.5726,88.3639,6.0
AWS-KOL-01,Kolkata Alipore,2000-05-02 15:00:00,20.4,1006.9,96.0,22.5726,88.3639,6.0
AWS-KOL-01,Kolkata Alipore,2000-05-02 16:00:00,23.0,1007.3,83.0,22.5726,88.3639,6.0
AWS-KOL-01,Kolkata Alipore,2000-05-02 17:00:00,24.0,1007.7,83.0,22.5726,88.3639,6.0
AWS-KOL-01,Kolkata Alipore,2000-05-02 18:00:00,22.4,1008.1,90.0,22.5726,88.3639,6.0
AWS-KOL-01,Kolkata Alipore,2000-05-02 19:00:00,23.0,1007.67,74.0,22.5726,88.3639,6.0
AWS-KOL-01,Kolkata Alipore,2000-05-02 20:00:00,23.0,1007.23,74.0,22.5726,88.3639,6.0
AWS-KOL-01,Kolkata Alipore,2000-05-02 21:00:00,22.0,1006.8,89.0,22.5726,88.3639,6.0
AWS-KOL-01,Kolkata Alipore,2000-05-02 22:00:00,22.0,1007.0,78.0,22.5726,88.3639,6.0
AWS-KOL-01,Kolkata Alipore,2000-05-02 23:00:00,22.0,1007.2,78.0,22.5726,88.3639,6.0
AWS-KOL-01,Kolkata Alipore,2000-05-03 00:00:00,23.6,1007.4,90.0,22.5726,88.3639,6.0
AWS-KOL-01,Kolkata Alipore,2000-05-03 01:00:00,26.0,1007.67,79.0,22.5726,88.3639,6.0
AWS-KOL-01,Kolkata Alipore,2000-05-03 02:00:00,28.0,1007.93,74.0,22.5726,88.3639,6.0
AWS-KOL-01,Kolkata Alipore,2000-05-03 03:00:00,30.4,1008.2,80.0,22.5726,88.3639,6.0
AWS-KOL-01,Kolkata Alipore,2000-05-03 04:00:00,32.0,1008.2,71.0,22.5726,88.3639,6.0
AWS-KOL-01,Kolkata Alipore,2000-05-03 05:00:00,33.0,1008.2,63.0,22.5726,88.3639,6.0
AWS-KOL-01,Kolkata Alipore,2000-05-03 06:00:00,32.0,1008.2,74.0,22.5726,88.3639,6.0
AWS-KOL-01,Kolkata Alipore,2000-05-03 07:00:00,34.0,1007.43,60.0,22.5726,88.3639,6.0
AWS-KOL-01,Kolkata Alipore,2000-05-03 08:00:00,33.2,1006.67,64.0,22.5726,88.3639,6.0
AWS-KOL-01,Kolkata Alipore,2000-05-03 09:00:00,32.4,1005.9,68.0,22.5726,88.3639,6.0
AWS-KOL-01,Kolkata Alipore,2000-05-03 10:00:00,33.0,1005.7,59.0,22.5726,88.3639,6.0
AWS-KOL-01,Kolkata Alipore,2000-05-03 11:00:00,33.0,1005.5,56.0,22.5726,88.3639,6.0
AWS-KOL-01,Kolkata Alipore,2000-05-03 12:00:00,30.0,1005.3,78.0,22.5726,88.3639,6.0
AWS-KOL-01,Kolkata Alipore,2000-05-03 13:00:00,31.0,1005.7,59.0,22.5726,88.3639,6.0
AWS-KOL-01,Kolkata Alipore,2000-05-03 14:00:00,20.0,1006.1,94.0,22.5726,88.3639,6.0
AWS-KOL-01,Kolkata Alipore,2000-05-03 15:00:00,20.6,1006.5,95.0,22.5726,88.3639,6.0
AWS-KOL-01,Kolkata Alipore,2000-05-03 16:00:00,19.0,1006.87,94.0,22.5726,88.3639,6.0
AWS-KOL-01,Kolkata Alipore,2000-05-03 17:00:00,18.0,1007.23,94.0,22.5726,88.3639,6.0
AWS-KOL-01,Kolkata Alipore,2000-05-03 18:00:00,20.8,1007.6,95.0,22.5726,88.3639,6.0
AWS-KOL-01,Kolkata Alipore,2000-05-03 19:00:00,17.0,1006.9,94.0,22.5726,88.3639,6.0
AWS-KOL-01,Kolkata Alipore,2000-05-03 20:00:00,20.0,1006.2,73.0,22.5726,88.3639,6.0
AWS-KOL-01,Kolkata Alipore,2000-05-03 21:00:00,20.4,1005.5,92.0,22.5726,88.3639,6.0
AWS-KOL-01,Kolkata Alipore,2000-05-03 22:00:00,21.0,1006.0,69.0,22.5726,88.3639,6.0
AWS-KOL-01,Kolkata Alipore,2000-05-03 23:00:00,22.0,1006.5,69.0,22.5726,88.3639,6.0
AWS-KOL-01,Kolkata Alipore,2000-05-04 00:00:00,22.0,1007.0,89.0,22.5726,88.3639,6.0
AWS-KOL-01,Kolkata Alipore,2000-05-04 01:00:00,23.0,1007.8,69.0,22.5726,88.3639,6.0
AWS-KOL-01,Kolkata Alipore,2000-05-04 02:00:00,24.0,1008.6,74.0,22.5726,88.3639,6.0
AWS-KOL-01,Kolkata Alipore,2000-05-04 03:00:00,26.0,1009.4,69.0,22.5726,88.3639,6.0
AWS-KOL-01,Kolkata Alipore,2000-05-04 05:00:00,29.0,1008.95,45.0,22.5726,88.3639,6.0
AWS-KOL-01,Kolkata Alipore,2000-05-04 06:00:00,31.0,1008.5,54.0,22.5726,88.3639,6.0
AWS-KOL-01,Kolkata Alipore,2000-05-04 08:00:00,33.0,1007.4,38.0,22.5726,88.3639,6.0
AWS-KOL-01,Kolkata Alipore,2000-05-04 09:00:00,32.0,1006.3,53.0,22.5726,88.3639,6.0
AWS-KOL-01,Kolkata Alipore,2000-05-04 10:00:00,33.0,1006.1,36.0,22.5726,88.3639,6.0
AWS-KOL-01,Kolkata Alipore,2000-05-04 11:00:00,33.0,1005.9,41.0,22.5726,88.3639,6.0
AWS-KOL-01,Kolkata Alipore,2000-05-04 12:00:00,31.0,1005.7,60.0,22.5726,88.3639,6.0
AWS-KOL-01,Kolkata Alipore,2000-05-04 13:00:00,31.0,1006.37,52.0,22.5726,88.3639,6.0
AWS-KOL-01,Kolkata Alipore,2000-05-04 14:00:00,30.0,1007.03,55.0,22.5726,88.3639,6.0
AWS-KOL-01,Kolkata Alipore,2000-05-04 15:00:00,28.2,1007.7,76.0,22.5726,88.3639,6.0
AWS-KOL-01,Kolkata Alipore,2000-05-04 16:00:00,29.0,1008.03,66.0,22.5726,88.3639,6.0
AWS-KOL-01,Kolkata Alipore,2000-05-04 17:00:00,28.0,1008.37,70.0,22.5726,88.3639,6.0
AWS-KOL-01,Kolkata Alipore,2000-05-04 18:00:00,26.8,1008.7,81.0,22.5726,88.3639,6.0
AWS-KOL-01,Kolkata Alipore,2000-05-04 19:00:00,27.0,1007.93,74.0,22.5726,88.3639,6.0
AWS-KOL-01,Kolkata Alipore,2000-05-04 20:00:00,26.0,1007.17,74.0,22.5726,88.3639,6.0
AWS-KOL-01,Kolkata Alipore,2000-05-04 21:00:00,26.4,1006.4,83.0,22.5726,88.3639,6.0
AWS-KOL-01,Kolkata Alipore,2000-05-04 22:00:00,26.0,1007.13,74.0,22.5726,88.3639,6.0
AWS-KOL-01,Kolkata Alipore,2000-05-04 23:00:00,26.0,1007.87,74.0,22.5726,88.3639,6.0
AWS-KOL-01,Kolkata Alipore,2000-05-05 00:00:00,24.6,1008.6,93.0,22.5726,88.3639,6.0
AWS-KOL-01,Kolkata Alipore,2000-05-05 01:00:00,27.0,1009.1,74.0,22.5726,88.3639,6.0
AWS-KOL-01,Kolkata Alipore,2000-05-05 02:00:00,30.0,1009.6,66.0,22.5726,88.3639,6.0
AWS-KOL-01,Kolkata Alipore,2000-05-05 03:00:00,30.0,1010.1,73.0,22.5726,88.3639,6.0
AWS-KOL-01,Kolkata Alipore,2000-05-05 04:00:00,31.0,1009.75,62.0,22.5726,88.3639,6.0
AWS-KOL-01,Kolkata Alipore,2000-05-05 06:00:00,31.6,1009.4,56.0,22.5726,88.3639,6.0
AWS-KOL-01,Kolkata Alipore,2000-05-05 07:00:00,33.0,1008.77,44.0,22.5726,88.3639,6.0
AWS-KOL-01,Kolkata Alipore,2000-05-05 08:00:00,34.0,1008.13,39.0,22.5726,88.3639,6.0
AWS-KOL-01,Kolkata Alipore,2000-05-05 09:00:00,33.2,1007.5,47.0,22.5726,88.3639,6.0
AWS-KOL-01,Kolkata Alipore,2000-05-05 10:00:00,35.0,1007.13,34.0,22.5726,88.3639,6.0
AWS-KOL-01,Kolkata Alipore,2000-05-05 11:00:00,34.0,1006.77,36.0,22.5726,88.3639,6.0
AWS-KOL-01,Kolkata Alipore,2000-05-05 12:00:00,31.0,1006.4,55.0,22.5726,88.3639,6.0
AWS-KOL-01,Kolkata Alipore,2000-05-05 13:00:00,31.0,1007.03,49.0,22.5726,88.3639,6.0
AWS-KOL-01,Kolkata Alipore,2000-05-05 14:00:00,29.0,1007.67,58.0,22.5726,88.3639,6.0
AWS-KOL-01,Kolkata Alipore,2000-05-05 15:00:00,27.4,1008.3,81.0,22.5726,88.3639,6.0
AWS-KOL-01,Kolkata Alipore,2000-05-05 16:00:00,29.0,1008.4,70.0,22.5726,88.3639,6.0
AWS-KOL-01,Kolkata Alipore,2000-05-05 17:00:00,28.0,1008.5,74.0,22.5726,88.3639,6.0
AWS-KOL-01,Kolkata Alipore,2000-05-05 18:00:00,26.4,1008.6,81.0,22.5726,88.3639,6.0
AWS-KOL-01,Kolkata Alipore,2000-05-05 19:00:00,27.0,1008.65,70.0,22.5726,88.3639,6.0
AWS-KOL-01,Kolkata Alipore,2000-05-05 20:00:00,26.0,1008.7,70.0,22.5726,88.3639,6.0
AWS-KOL-01,Kolkata Alipore,2000-05-05 21:00:00,26.0,1008.75,70.0,22.5726,88.3639,6.0
AWS-KOL-01,Kolkata Alipore,2000-05-05 22:00:00,26.0,1008.8,74.0,22.5726,88.3639,6.0
AWS-KOL-01,Kolkata Alipore,2000-05-05 23:00:00,25.0,1008.85,74.0,22.5726,88.3639,6.0
AWS-KOL-01,Kolkata Alipore,2000-05-06 00:00:00,24.8,1008.9,93.0,22.5726,88.3639,6.0
AWS-KOL-01,Kolkata Alipore,2000-05-06 01:00:00,27.0,1009.7,79.0,22.5726,88.3639,6.0
AWS-KOL-01,Kolkata Alipore,2000-05-06 03:00:00,31.0,1010.5,62.0,22.5726,88.3639,6.0
AWS-KOL-01,Kolkata Alipore,2000-05-06 04:00:00,31.0,1009.72,59.0,22.5726,88.3639,6.0
AWS-KOL-01,Kolkata Alipore,2000-05-06 05:00:00,32.0,1008.94,56.0,22.5726,88.3639,6.0
AWS-KOL-01,Kolkata Alipore,2000-05-06 06:00:00,32.0,1008.16,56.0,22.5726,88.3639,6.0
AWS-KOL-01,Kolkata Alipore,2000-05-06 08:00:00,35.0,1007.38,44.0,22.5726,88.3639,6.0
AWS-KOL-01,Kolkata Alipore,2000-05-06 09:00:00,34.0,1006.6,53.0,22.5726,88.3639,6.0
AWS-KOL-01,Kolkata Alipore,2000-05-06 10:00:00,34.0,1006.43,47.0,22.5726,88.3639,6.0
AWS-KOL-01,Kolkata Alipore,2000-05-06 11:00:00,34.0,1006.27,44.0,22.5726,88.3639,6.0
AWS-KOL-01,Kolkata Alipore,2000-05-06 12:00:00,32.0,1006.1,56.0,22.5726,88.3639,6.0
AWS-KOL-01,Kolkata Alipore,2000-05-06 13:00:00,31.0,1006.83,52.0,22.5726,88.3639,6.0
AWS-KOL-01,Kolkata Alipore,2000-05-06 14:00:00,30.0,1007.57,59.0,22.5726,88.3639,6.0
AWS-KOL-01,Kolkata Alipore,2000-05-06 15:00:00,28.4,1008.3,76.0,22.5726,88.3639,6.0
AWS-KOL-01,Kolkata Alipore,2000-05-06 16:00:00,29.0,1008.5,62.0,22.5726,88.3639,6.0
AWS-KOL-01,Kolkata Alipore,2000-05-06 17:00:00,28.0,1008.7,70.0,22.5726,88.3639,6.0
AWS-KOL-01,Kolkata Alipore,2000-05-06 18:00:00,26.6,1008.9,83.0,22.5726,88.3639,6.0
AWS-KOL-01,Kolkata Alipore,2000-05-06 20:00:00,27.0,1008.6,74.0,22.5726,88.3639,6.0
AWS-KOL-01,Kolkata Alipore,2000-05-06 21:00:00,25.6,1008.3,85.0,22.5726,88.3639,6.0
AWS-KOL-01,Kolkata Alipore,2000-05-06 22:00:00,26.0,1008.5,79.0,22.5726,88.3639,6.0
AWS-KOL-01,Kolkata Alipore,2000-05-06 23:00:00,26.0,1008.7,79.0,22.5726,88.3639,6.0
AWS-KOL-01,Kolkata Alipore,2000-05-07 00:00:00,25.6,1008.9,91.0,22.5726,88.3639,6.0
AWS-KOL-01,Kolkata Alipore,2000-05-07 01:00:00,28.0,1009.53,66.0,22.5726,88.3639,6.0
AWS-KOL-01,Kolkata Alipore,2000-05-07 02:00:00,31.0,1010.17,59.0,22.5726,88.3639,6.0
AWS-KOL-01,Kolkata Alipore,2000-05-07 03:00:00,30.2,1010.8,66.0,22.5726,88.3639,6.0
AWS-KOL-01,Kolkata Alipore,2000-05-07 04:00:00,31.0,1010.33,55.0,22.5726,88.3639,6.0
AWS-KOL-01,Kolkata Alipore,2000-05-07 05:00:00,33.0,1009.87,49.0,22.5726,88.3639,6.0
AWS-KOL-01,Kolkata Alipore,2000-05-07 06:00:00,32.6,1009.4,55.0,22.5726,88.3639,6.0
AWS-KOL-01,Kolkata Alipore,2000-05-07 07:00:00,34.0,1008.37,47.0,22.5726,88.3639,6.0
AWS-KOL-01,Kolkata Alipore,2000-05-07 08:00:00,34.0,1007.33,44.0,22.5726,88.3639,6.0
AWS-KOL-01,Kolkata Alipore,2000-05-07 09:00:00,33.6,1006.3,53.0,22.5726,88.3639,6.0
AWS-KOL-01,Kolkata Alipore,2000-05-07 11:00:00,35.0,1005.55,39.0,22.5726,88.3639,6.0
AWS-KOL-01,Kolkata Alipore,2000-05-07 12:00:00,32.2,1004.8,56.0,22.5726,88.3639,6.0
AWS-KOL-01,Kolkata Alipore,2000-05-07 14:00:00,30.0,1006.6,55.0,22.5726,88.3639,6.0
AWS-KOL-01,Kolkata Alipore,2000-05-07 15:00:00,29.6,1008.4,71.0,22.5726,88.3639,6.0
AWS-KOL-01,Kolkata Alipore,2000-05-07 16:00:00,29.0,1008.13,66.0,22.5726,88.3639,6.0
AWS-KOL-01,Kolkata Alipore,2000-05-07 17:00:00,29.0,1007.87,66.0,22.5726,88.3639,6.0
AWS-KOL-01,Kolkata Alipore,2000-05-07 18:00:00,28.0,1007.6,80.0,22.5726,88.3639,6.0
AWS-KOL-01,Kolkata Alipore,2000-05-07 19:00:00,28.0,1006.8,66.0,22.5726,88.3639,6.0
AWS-KOL-01,Kolkata Alipore,2000-05-07 20:00:00,27.0,1006.0,70.0,22.5726,88.3639,6.0
AWS-KOL-01,Kolkata Alipore,2000-05-07 21:00:00,27.0,1005.2,84.0,22.5726,88.3639,6.0
AWS-KOL-01,Kolkata Alipore,2000-05-07 22:00:00,28.0,1005.67,70.0,22.5726,88.3639,6.0
AWS-KOL-01,Kolkata Alipore,2000-05-07 23:00:00,28.0,1006.13,70.0,22.5726,88.3639,6.0
AWS-KOL-01,Kolkata Alipore,2000-05-08 00:00:00,26.6,1006.6,92.0,22.5726,88.3639,6.0
AWS-KOL-01,Kolkata Alipore,2000-05-08 01:00:00,29.0,1007.8,70.0,22.5726,88.3639,6.0
AWS-KOL-01,Kolkata Alipore,2000-05-08 03:00:00,30.0,1009.0,78.0,22.5726,88.3639,6.0
AWS-KOL-01,Kolkata Alipore,2000-05-08 04:00:00,32.0,1008.4,67.0,22.5726,88.3639,6.0
AWS-KOL-01,Kolkata Alipore,2000-05-08 06:00:00,33.6,1007.8,62.0,22.5726,88.3639,6.0
AWS-KOL-01,Kolkata Alipore,2000-05-08 07:00:00,34.0,1007.1,50.0,22.5726,88.3639,6.0
AWS-KOL-01,Kolkata Alipore,2000-05-08 08:00:00,34.0,1006.4,47.0,22.5726,88.3639,6.0
AWS-KOL-01,Kolkata Alipore,2000-05-08 09:00:00,32.6,1005.7,61.0,22.5726,88.3639,6.0
AWS-KOL-01,Kolkata Alipore,2000-05-08 10:00:00,32.0,1005.73,59.0,22.5726,88.3639,6.0
AWS-KOL-01,Kolkata Alipore,2000-05-08 11:00:00,32.0,1005.77,59.0,22.5726,88.3639,6.0
AWS-KOL-01,Kolkata Alipore,2000-05-08 12:00:00,27.2,1005.8,78.0,22.5726,88.3639,6.0
AWS-KOL-01,Kolkata Alipore,2000-05-08 13:00:00,29.0,1006.17,66.0,22.5726,88.3639,6.0
AWS-KOL-01,Kolkata Alipore,2000-05-08 14:00:00,29.0,1006.53,70.0,22.5726,88.3639,6.0
AWS-KOL-01,Kolkata Alipore,2000-05-08 15:00:00,27.4,1006.9,84.0,22.5726,88.3639,6.0
AWS-KOL-01,Kolkata Alipore,2000-05-08 16:00:00,29.0,1007.07,70.0,22.5726,88.3639,6.0
AWS-KOL-01,Kolkata Alipore,2000-05-08 17:00:00,29.0,1007.23,70.0,22.5726,88.3639,6.0
AWS-KOL-01,Kolkata Alipore,2000-05-08 18:00:00,27.2,1007.4,89.0,22.5726,88.3639,6.0
AWS-KOL-01,Kolkata Alipore,2000-05-08 19:00:00,28.0,1007.03,74.0,22.5726,88.3639,6.0
AWS-KOL-01,Kolkata Alipore,2000-05-08 20:00:00,28.0,1006.67,74.0,22.5726,88.3639,6.0
AWS-KOL-01,Kolkata Alipore,2000-05-08 21:00:00,26.6,1006.3,90.0,22.5726,88.3639,6.0
AWS-KOL-01,Kolkata Alipore,2000-05-08 22:00:00,28.0,1006.53,74.0,22.5726,88.3639,6.0
AWS-KOL-01,Kolkata Alipore,2000-05-08 23:00:00,28.0,1006.77,74.0,22.5726,88.3639,6.0
AWS-KOL-01,Kolkata Alipore,2000-05-09 00:00:00,26.4,1007.0,96.0,22.5726,88.3639,6.0
AWS-KOL-01,Kolkata Alipore,2000-05-09 02:00:00,31.0,1007.85,66.0,22.5726,88.3639,6.0
AWS-KOL-01,Kolkata Alipore,2000-05-09 03:00:00,31.6,1008.7,75.0,22.5726,88.3639,6.0
AWS-KOL-01,Kolkata Alipore,2000-05-09 04:00:00,34.0,1008.47,53.0,22.5726,88.3639,6.0
AWS-KOL-01,Kolkata Alipore,2000-05-09 05:00:00,35.0,1008.23,50.0,22.5726,88.3639,6.0
AWS-KOL-01,Kolkata Alipore,2000-05-09 06:00:00,32.4,1008.0,64.0,22.5726,88.3639,6.0
AWS-KOL-01,Kolkata Alipore,2000-05-09 07:00:00,29.7,1006.97,76.5,22.5726,88.3639,6.0
AWS-KOL-01,Kolkata Alipore,2000-05-09 08:00:00,27.0,1005.93,89.0,22.5726,88.3639,6.0
AWS-KOL-01,Kolkata Alipore,2000-05-09 09:00:00,32.6,1004.9,67.0,22.5726,88.3639,6.0
AWS-KOL-01,Kolkata Alipore,2000-05-09 10:00:00,31.0,1004.87,75.0,22.5726,88.3639,6.0
AWS-KOL-01,Kolkata Alipore,2000-05-09 11:00:00,31.0,1004.83,75.0,22.5726,88.3639,6.0
AWS-KOL-01,Kolkata Alipore,2000-05-09 12:00:00,30.0,1004.8,69.0,22.5726,88.3639,6.0
AWS-KOL-01,Kolkata Alipore,2000-05-09 13:00:00,30.0,1005.0,79.0,22.5726,88.3639,6.0
AWS-KOL-01,Kolkata Alipore,2000-05-09 14:00:00,30.0,1005.2,79.0,22.5726,88.3639,6.0
AWS-KOL-01,Kolkata Alipore,2000-05-09 15:00:00,28.0,1005.4,85.0,22.5726,88.3639,6.0
AWS-KOL-01,Kolkata Alipore,2000-05-09 16:00:00,30.0,1005.53,59.0,22.5726,88.3639,6.0
AWS-KOL-01,Kolkata Alipore,2000-05-09 17:00:00,30.0,1005.67,62.0,22.5726,88.3639,6.0
AWS-KOL-01,Kolkata Alipore,2000-05-09 18:00:00,27.4,1005.8,87.0,22.5726,88.3639,6.0
AWS-KOL-01,Kolkata Alipore,2000-05-09 21:00:00,26.4,1005.2,92.0,22.5726,88.3639,6.0
AWS-KOL-01,Kolkata Alipore,2000-05-09 22:00:00,28.0,1005.5,70.0,22.5726,88.3639,6.0
AWS-KOL-01,Kolkata Alipore,2000-05-10 00:00:00,26.4,1005.8,92.0,22.5726,88.3639,6.0
AWS-KOL-01,Kolkata Alipore,2000-05-10 01:00:00,30.0,1005.77,70.0,22.5726,88.3639,6.0
AWS-KOL-01,Kolkata Alipore,2000-05-10 02:00:00,31.0,1005.73,66.0,22.5726,88.3639,6.0
AWS-KOL-01,Kolkata Alipore,2000-05-10 03:00:00,32.0,1005.7,64.5,22.5726,88.3639,6.0
AWS-KOL-01,Kolkata Alipore,2000-05-10 04:00:00,33.0,1005.67,63.0,22.5726,88.3639,6.0
AWS-KOL-01,Kolkata Alipore,2000-05-10 05:00:00,34.0,1005.63,60.0,22.5726,88.3639,6.0
AWS-KOL-01,Kolkata Alipore,2000-05-10 06:00:00,35.4,1005.6,50.0,22.5726,88.3639,6.0
AWS-KOL-01,Kolkata Alipore,2000-05-10 07:00:00,36.0,1004.4,53.0,22.5726,88.3639,6.0
AWS-KOL-01,Kolkata Alipore,2000-05-10 08:00:00,37.0,1003.2,54.0,22.5726,88.3639,6.0
AWS-KOL-01,Kolkata Alipore,2000-05-10 09:00:00,35.6,1002.0,56.0,22.5726,88.3639,6.0
AWS-KOL-01,Kolkata Alipore,2000-05-10 10:00:00,35.0,1002.07,47.0,22.5726,88.3639,6.0
AWS-KOL-01,Kolkata Alipore,2000-05-10 11:00:00,34.0,1002.13,47.0,22.5726,88.3639,6.0
AWS-KOL-01,Kolkata Alipore,2000-05-10 12:00:00,32.6,1002.2,53.0,22.5726,88.3639,6.0
AWS-KOL-01,Kolkata Alipore,2000-05-10 13:00:00,28.0,1003.73,84.0,22.5726,88.3639,6.0
AWS-KOL-01,Kolkata Alipore,2000-05-10 14:00:00,25.0,1005.27,100.0,22.5726,88.3639,6.0
AWS-KOL-01,Kolkata Alipore,2000-05-10 15:00:00,24.2,1006.8,95.0,22.5726,88.3639,6.0
AWS-KOL-01,Kolkata Alipore,2000-05-10 16:00:00,24.0,1006.23,94.0,22.5726,88.3639,6.0
AWS-KOL-01,Kolkata Alipore,2000-05-10 17:00:00,24.0,1005.67,83.0,22.5726,88.3639,6.0
AWS-KOL-01,Kolkata Alipore,2000-05-10 18:00:00,24.4,1005.1,90.0,22.5726,88.3639,6.0
AWS-KOL-01,Kolkata Alipore,2000-05-10 19:00:00,24.0,1004.53,78.0,22.5726,88.3639,6.0
AWS-KOL-01,Kolkata Alipore,2000-05-10 20:00:00,24.0,1003.97,89.0,22.5726,88.3639,6.0
AWS-KOL-01,Kolkata Alipore,2000-05-10 21:00:00,24.0,1003.4,90.0,22.5726,88.3639,6.0
AWS-KOL-01,Kolkata Alipore,2000-05-10 23:00:00,24.0,1003.75,83.0,22.5726,88.3639,6.0
AWS-KOL-01,Kolkata Alipore,2000-05-11 00:00:00,24.6,1004.1,93.0,22.5726,88.3639,6.0
AWS-KOL-01,Kolkata Alipore,2000-05-11 01:00:00,25.0,1004.5,84.0,22.5726,88.3639,6.0
AWS-KOL-01,Kolkata Alipore,2000-05-11 02:00:00,28.0,1004.9,66.0,22.5726,88.3639,6.0
AWS-KOL-01,Kolkata Alipore,2000-05-11 03:00:00,31.0,1005.3,71.0,22.5726,88.3639,6.0
AWS-KOL-01,Kolkata Alipore,2000-05-11 04:00:00,31.0,1004.87,59.0,22.5726,88.3639,6.0
AWS-KOL-01,Kolkata Alipore,2000-05-11 05:00:00,32.0,1004.43,56.0,22.5726,88.3639,6.0
AWS-KOL-01,Kolkata Alipore,2000-05-11 06:00:00,34.4,1004.0,58.0,22.5726,88.3639,6.0
AWS-KOL-01,Kolkata Alipore,2000-05-11 07:00:00,35.0,1003.37,50.0,22.5726,88.3639,6.0
AWS-KOL-01,Kolkata Alipore,2000-05-11 08:00:00,30.0,1002.73,75.0,22.5726,88.3639,6.0
AWS-KOL-01,Kolkata Alipore,2000-05-11 09:00:00,35.0,1002.1,50.0,22.5726,88.3639,6.0
AWS-KOL-01,Kolkata Alipore,2000-05-11 10:00:00,35.0,1001.47,53.0,22.5726,88.3639,6.0
AWS-KOL-01,Kolkata Alipore,2000-05-11 11:00:00,35.0,1000.83,50.0,22.5726,88.3639,6.0
AWS-KOL-01,Kolkata Alipore,2000-05-11 12:00:00,33.4,1000.2,61.0,22.5726,88.3639,6.0
AWS-KOL-01,Kolkata Alipore,2000-05-11 13:00:00,32.0,1000.45,56.0,22.5726,88.3639,6.0
AWS-KOL-01,Kolkata Alipore,2000-05-11 14:00:00,30.0,1000.7,62.0,22.5726,88.3639,6.0
AWS-KOL-01,Kolkata Alipore,2000-05-11 15:00:00,30.0,1000.95,66.0,22.5726,88.3639,6.0
AWS-KOL-01,Kolkata Alipore,2000-05-11 16:00:00,30.0,1001.2,70.0,22.5726,88.3639,6.0
AWS-KOL-01,Kolkata Alipore,2000-05-11 17:00:00,30.0,1001.45,70.0,22.5726,88.3639,6.0
AWS-KOL-01,Kolkata Alipore,2000-05-11 18:00:00,30.0,1001.7,70.0,22.5726,88.3639,6.0
AWS-KOL-01,Kolkata Alipore,2000-05-11 19:00:00,29.0,1001.95,79.0,22.5726,88.3639,6.0
AWS-KOL-01,Kolkata Alipore,2000-05-11 21:00:00,27.0,1002.2,84.0,22.5726,88.3639,6.0
AWS-KOL-01,Kolkata Alipore,2000-05-11 22:00:00,27.0,1002.6,79.0,22.5726,88.3639,6.0
AWS-KOL-01,Kolkata Alipore,2000-05-11 23:00:00,26.0,1003.0,74.0,22.5726,88.3639,6.0
AWS-KOL-01,Kolkata Alipore,2000-05-12 00:00:00,26.4,1003.4,82.0,22.5726,88.3639,6.0
AWS-KOL-01,Kolkata Alipore,2000-05-12 01:00:00,27.0,1003.32,70.0,22.5726,88.3639,6.0
AWS-KOL-01,Kolkata Alipore,2000-05-12 02:00:00,30.0,1003.23,59.0,22.5726,88.3639,6.0
AWS-KOL-01,Kolkata Alipore,2000-05-12 03:00:00,32.0,1003.15,52.0,22.5726,88.3639,6.0
AWS-KOL-01,Kolkata Alipore,2000-05-12 04:00:00,34.0,1003.07,41.0,22.5726,88.3639,6.0
AWS-KOL-01,Kolkata Alipore,2000-05-12 05:00:00,34.0,1002.98,44.0,22.5726,88.3639,6.0
AWS-KOL-01,Kolkata Alipore,2000-05-12 06:00:00,35.4,1002.9,42.0,22.5726,88.3639,6.0
AWS-KOL-01,Kolkata Alipore,2000-05-12 07:00:00,36.0,1001.97,37.0,22.5726,88.3639,6.0
AWS-KOL-01,Kolkata Alipore,2000-05-12 08:00:00,37.0,1001.03,35.0,22.5726,88.3639,6.0
AWS-KOL-01,Kolkata Alipore,2000-05-12 09:00:00,36.0,1000.1,50.0,22.5726,88.3639,6.0
AWS-KOL-01,Kolkata Alipore,2000-05-12 10:00:00,37.0,999.5,40.0,22.5726,88.3639,6.0
AWS-KOL-01,Kolkata Alipore,2000-05-12 12:00:00,35.0,998.9,50.0,22.5726,88.3639,6.0
AWS-KOL-01,Kolkata Alipore,2000-05-12 13:00:00,34.0,999.9,50.0,22.5726,88.3639,6.0
AWS-KOL-01,Kolkata Alipore,2000-05-12 14:00:00,33.0,1000.9,52.0,22.5726,88.3639,6.0
AWS-KOL-01,Kolkata Alipore,2000-05-12 15:00:00,31.4,1001.9,74.0,22.5726,88.3639,6.0
AWS-KOL-01,Kolkata Alipore,2000-05-12 16:00:00,31.0,1001.87,59.0,22.5726,88.3639,6.0
AWS-KOL-01,Kolkata Alipore,2000-05-12 17:00:00,30.0,1001.83,66.0,22.5726,88.3639,6.0
AWS-KOL-01,Kolkata Alipore,2000-05-12 18:00:00,29.8,1001.8,82.0,22.5726,88.3639,6.0
AWS-KOL-01,Kolkata Alipore,2000-05-12 19:00:00,30.0,1001.8,66.0,22.5726,88.3639,6.0
AWS-KOL-01,Kolkata Alipore,2000-05-12 20:00:00,30.0,1001.8,66.0,22.5726,88.3639,6.0
AWS-KOL-01,Kolkata Alipore,2000-05-12 21:00:00,29.2,1001.8,83.0,22.5726,88.3639,6.0
AWS-KOL-01,Kolkata Alipore,2000-05-12 22:00:00,29.0,1002.13,70.0,22.5726,88.3639,6.0
AWS-KOL-01,Kolkata Alipore,2000-05-12 23:00:00,29.0,1002.47,74.0,22.5726,88.3639,6.0
AWS-KOL-01,Kolkata Alipore,2000-05-13 00:00:00,28.2,1002.8,90.0,22.5726,88.3639,6.0
AWS-KOL-01,Kolkata Alipore,2000-05-13 01:00:00,30.0,1003.13,70.0,22.5726,88.3639,6.0
AWS-KOL-01,Kolkata Alipore,2000-05-13 02:00:00,32.0,1003.47,67.0,22.5726,88.3639,6.0
AWS-KOL-01,Kolkata Alipore,2000-05-13 03:00:00,34.0,1003.8,66.0,22.5726,88.3639,6.0
AWS-KOL-01,Kolkata Alipore,2000-05-13 04:00:00,35.0,1003.3,50.0,22.5726,88.3639,6.0
AWS-KOL-01,Kolkata Alipore,2000-05-13 06:00:00,36.4,1002.8,53.0,22.5726,88.3639,6.0
AWS-KOL-01,Kolkata Alipore,2000-05-13 07:00:00,37.0,1001.73,40.0,22.5726,88.3639,6.0
AWS-KOL-01,Kolkata Alipore,2000-05-13 08:00:00,37.0,1000.67,42.0,22.5726,88.3639,6.0
AWS-KOL-01,Kolkata Alipore,2000-05-13 09:00:00,37.2,999.6,52.0,22.5726,88.3639,6.0
AWS-KOL-01,Kolkata Alipore,2000-05-13 10:00:00,37.0,999.3,45.0,22.5726,88.3639,6.0
AWS-KOL-01,Kolkata Alipore,2000-05-13 12:00:00,35.8,999.0,50.0,22.5726,88.3639,6.0
AWS-KOL-01,Kolkata Alipore,2000-05-13 15:00:00,32.4,1001.7,70.0,22.5726,88.3639,6.0
AWS-KOL-01,Kolkata Alipore,2000-05-13 16:00:00,31.0,1001.6,66.0,22.5726,88.3639,6.0
AWS-KOL-01,Kolkata Alipore,2000-05-13 17:00:00,31.0,1001.5,62.0,22.5726,88.3639,6.0
AWS-KOL-01,Kolkata Alipore,2000-05-13 18:00:00,30.0,1001.4,85.0,22.5726,88.3639,6.0
AWS-KOL-01,Kolkata Alipore,2000-05-13 19:00:00,30.0,1001.07,70.0,22.5726,88.3639,6.0
AWS-KOL-01,Kolkata Alipore,2000-05-13 20:00:00,30.0,1000.73,70.0,22.5726,88.3639,6.0
AWS-KOL-01,Kolkata Alipore,2000-05-13 21:00:00,29.4,1000.4,90.0,22.5726,88.3639,6.0
AWS-KOL-01,Kolkata Alipore,2000-05-13 23:00:00,30.0,1000.6,70.0,22.5726,88.3639,6.0
AWS-KOL-01,Kolkata Alipore,2000-05-14 00:00:00,29.8,1000.8,91.0,22.5726,88.3639,6.0
AWS-KOL-01,Kolkata Alipore,2000-05-14 03:00:00,24.4,1006.2,96.0,22.5726,88.3639,6.0
AWS-KOL-01,Kolkata Alipore,2000-05-14 06:00:00,27.0,1003.9,83.0,22.5726,88.3639,6.0
AWS-KOL-01,Kolkata Alipore,2000-05-14 08:00:00,30.0,1002.2,70.0,22.5726,88.3639,6.0
AWS-KOL-01,Kolkata Alipore,2000-05-14 09:00:00,28.0,1000.5,87.0,22.5726,88.3639,6.0
AWS-KOL-01,Kolkata Alipore,2000-05-14 10:00:00,30.0,1000.3,66.0,22.5726,88.3639,6.0
AWS-KOL-01,Kolkata Alipore,2000-05-14 11:00:00,32.0,1000.1,56.0,22.5726,88.3639,6.0
AWS-KOL-01,Kolkata Alipore,2000-05-14 12:00:00,29.4,999.9,74.0,22.5726,88.3639,6.0
AWS-KOL-01,Kolkata Alipore,2000-05-14 13:00:00,30.0,1000.7,70.0,22.5726,88.3639,6.0
AWS-KOL-01,Kolkata Alipore,2000-05-14 14:00:00,29.0,1001.5,74.0,22.5726,88.3639,6.0
AWS-KOL-01,Kolkata Alipore,2000-05-14 15:00:00,27.0,1002.3,87.0,22.5726,88.3639,6.0
AWS-KOL-01,Kolkata Alipore,2000-05-14 16:00:00,28.0,1002.23,89.0,22.5726,88.3639,6.0
AWS-KOL-01,Kolkata Alipore,2000-05-14 17:00:00,28.0,1002.17,89.0,22.5726,88.3639,6.0
AWS-KOL-01,Kolkata Alipore,2000-05-14 18:00:00,26.4,1002.1,90.0,22.5726,88.3639,6.0
AWS-KOL-01,Kolkata Alipore,2000-05-14 19:00:00,26.2,1001.6,91.0,22.5726,88.3639,6.0
AWS-KOL-01,Kolkata Alipore,2000-05-14 21:00:00,26.0,1001.1,92.0,22.5726,88.3639,6.0
AWS-KOL-01,Kolkata Alipore,2000-05-14 22:00:00,27.0,1001.27,94.0,22.5726,88.3639,6.0
AWS-KOL-01,Kolkata Alipore,2000-05-14 23:00:00,27.0,1001.43,94.0,22.5726,88.3639,6.0
AWS-KOL-01,Kolkata Alipore,2000-05-15 00:00:00,26.0,1001.6,95.0,22.5726,88.3639,6.0
AWS-KOL-01,Kolkata Alipore,2000-05-15 01:00:00,28.0,1002.03,89.0,22.5726,88.3639,6.0
AWS-KOL-01,Kolkata Alipore,2000-05-15 02:00:00,30.0,1002.47,79.0,22.5726,88.3639,6.0
AWS-KOL-01,Kolkata Alipore,2000-05-15 03:00:00,32.0,1002.9,69.0,22.5726,88.3639,6.0
AWS-KOL-01,Kolkata Alipore,2000-05-15 04:00:00,35.0,1002.67,53.0,22.5726,88.3639,6.0
AWS-KOL-01,Kolkata Alipore,2000-05-15 05:00:00,35.0,1002.43,56.0,22.5726,88.3639,6.0
AWS-KOL-01,Kolkata Alipore,2000-05-15 06:00:00,34.4,1002.2,64.0,22.5726,88.3639,6.0
AWS-KOL-01,Kolkata Alipore,2000-05-15 07:00:00,35.0,1001.62,56.0,22.5726,88.3639,6.0
AWS-KOL-01,Kolkata Alipore,2000-05-15 08:00:00,34.0,1001.03,44.0,22.5726,88.3639,6.0
AWS-KOL-01,Kolkata Alipore,2000-05-15 09:00:00,35.0,1000.45,44.0,22.5726,88.3639,6.0
AWS-KOL-01,Kolkata Alipore,2000-05-15 10:00:00,36.0,999.87,50.0,22.5726,88.3639,6.0
AWS-KOL-01,Kolkata Alipore,2000-05-15 11:00:00,35.0,999.28,53.0,22.5726,88.3639,6.0
AWS-KOL-01,Kolkata Alipore,2000-05-15 12:00:00,33.4,998.7,59.0,22.5726,88.3639,6.0
AWS-KOL-01,Kolkata Alipore,2000-05-15 13:00:00,33.0,1000.07,94.0,22.5726,88.3639,6.0
AWS-KOL-01,Kolkata Alipore,2000-05-15 14:00:00,32.0,1001.43,59.0,22.5726,88.3639,6.0
AWS-KOL-01,Kolkata Alipore,2000-05-15 15:00:00,30.8,1002.8,78.0,22.5726,88.3639,6.0
AWS-KOL-01,Kolkata Alipore,2000-05-15 16:00:00,32.0,1002.47,56.0,22.5726,88.3639,6.0
AWS-KOL-01,Kolkata Alipore,2000-05-15 17:00:00,31.0,1002.13,62.0,22.5726,88.3639,6.0
AWS-KOL-01,Kolkata Alipore,2000-05-15 18:00:00,29.0,1001.8,86.0,22.5726,88.3639,6.0
AWS-KOL-01,Kolkata Alipore,2000-05-15 19:00:00,30.0,1001.3,70.0,22.5726,88.3639,6.0
AWS-KOL-01,Kolkata Alipore,2000-05-15 20:00:00,30.0,1000.8,70.0,22.5726,88.3639,6.0
AWS-KOL-01,Kolkata Alipore,2000-05-15 21:00:00,28.0,1000.3,92.0,22.5726,88.3639,6.0
AWS-KOL-01,Kolkata Alipore,2000-05-15 22:00:00,29.0,1000.5,70.0,22.5726,88.3639,6.0
AWS-KOL-01,Kolkata Alipore,2000-05-15 23:00:00,29.0,1000.7,70.0,22.5726,88.3639,6.0
AWS-KOL-01,Kolkata Alipore,2000-05-16 00:00:00,27.2,1000.9,95.0,22.5726,88.3639,6.0
AWS-KOL-01,Kolkata Alipore,2000-05-16 01:00:00,29.0,1001.43,89.0,22.5726,88.3639,6.0
AWS-KOL-01,Kolkata Alipore,2000-05-16 02:00:00,30.0,1001.97,84.0,22.5726,88.3639,6.0
AWS-KOL-01,Kolkata Alipore,2000-05-16 03:00:00,32.0,1002.5,79.0,22.5726,88.3639,6.0
AWS-KOL-01,Kolkata Alipore,2000-05-16 04:00:00,33.0,1002.1,71.0,22.5726,88.3639,6.0
AWS-KOL-01,Kolkata Alipore,2000-05-16 05:00:00,34.0,1001.7,63.0,22.5726,88.3639,6.0
AWS-KOL-01,Kolkata Alipore,2000-05-16 06:00:00,34.6,1001.3,59.0,22.5726,88.3639,6.0
AWS-KOL-01,Kolkata Alipore,2000-05-16 08:00:00,30.0,1000.2,94.0,22.5726,88.3639,6.0
AWS-KOL-01,Kolkata Alipore,2000-05-16 09:00:00,26.0,999.1,79.0,22.5726,88.3639,6.0
AWS-KOL-01,Kolkata Alipore,2000-05-16 10:00:00,26.0,999.1,61.0,22.5726,88.3639,6.0
AWS-KOL-01,Kolkata Alipore,2000-05-16 11:00:00,26.0,999.1,61.0,22.5726,88.3639,6.0
AWS-KOL-01,Kolkata Alipore,2000-05-16 12:00:00,28.0,999.1,85.0,22.5726,88.3639,6.0
AWS-KOL-01,Kolkata Alipore,2000-05-16 13:00:00,28.0,999.87,74.0,22.5726,88.3639,6.0
AWS-KOL-01,Kolkata Alipore,2000-05-16 14:00:00,27.0,1000.63,89.0,22.5726,88.3639,6.0
AWS-KOL-01,Kolkata Alipore,2000-05-16 15:00:00,27.2,1001.4,86.0,22.5726,88.3639,6.0
AWS-KOL-01,Kolkata Alipore,2000-05-16 16:00:00,27.0,1001.27,84.0,22.5726,88.3639,6.0
AWS-KOL-01,Kolkata Alipore,2000-05-16 17:00:00,28.0,1001.13,79.0,22.5726,88.3639,6.0
AWS-KOL-01,Kolkata Alipore,2000-05-16 18:00:00,29.4,1001.0,76.0,22.5726,88.3639,6.0
AWS-KOL-01,Kolkata Alipore,2000-05-16 19:00:00,28.0,1000.53,79.0,22.5726,88.3639,6.0
AWS-KOL-01,Kolkata Alipore,2000-05-16 20:00:00,28.0,1000.07,79.0,22.5726,88.3639,6.0
AWS-KOL-01,Kolkata Alipore,2000-05-16 21:00:00,26.8,999.6,87.0,22.5726,88.3639,6.0
AWS-KOL-01,Kolkata Alipore,2000-05-16 22:00:00,27.0,999.67,89.0,22.5726,88.3639,6.0
AWS-KOL-01,Kolkata Alipore,2000-05-16 23:00:00,27.0,999.73,89.0,22.5726,88.3639,6.0
AWS-KOL-01,Kolkata Alipore,2000-05-17 00:00:00,27.0,999.8,92.0,22.5726,88.3639,6.0
AWS-KOL-01,Kolkata Alipore,2000-05-17 01:00:00,28.0,1000.05,94.0,22.5726,88.3639,6.0
AWS-KOL-01,Kolkata Alipore,2000-05-17 03:00:00,32.4,1000.3,76.0,22.5726,88.3639,6.0
AWS-KOL-01,Kolkata Alipore,2000-05-17 04:00:00,32.0,1000.1,84.0,22.5726,88.3639,6.0
AWS-KOL-01,Kolkata Alipore,2000-05-17 05:00:00,33.0,999.9,75.0,22.5726,88.3639,6.0
AWS-KOL-01,Kolkata Alipore,2000-05-17 06:00:00,34.4,999.7,68.0,22.5726,88.3639,6.0
AWS-KOL-01,Kolkata Alipore,2000-05-17 07:00:00,34.0,998.83,75.0,22.5726,88.3639,6.0
AWS-KOL-01,Kolkata Alipore,2000-05-17 08:00:00,35.0,997.97,67.0,22.5726,88.3639,6.0
AWS-KOL-01,Kolkata Alipore,2000-05-17 09:00:00,32.0,997.1,64.0,22.5726,88.3639,6.0
AWS-KOL-01,Kolkata Alipore,2000-05-17 10:00:00,30.0,996.8,66.0,22.5726,88.3639,6.0
AWS-KOL-01,Kolkata Alipore,2000-05-17 11:00:00,31.0,996.5,62.0,22.5726,88.3639,6.0
AWS-KOL-01,Kolkata Alipore,2000-05-17 12:00:00,30.4,996.2,62.0,22.5726,88.3639,6.0
AWS-KOL-01,Kolkata Alipore,2000-05-17 13:00:00,28.0,998.37,70.0,22.5726,88.3639,6.0
AWS-KOL-01,Kolkata Alipore,2000-05-17 14:00:00,28.0,1000.53,79.0,22.5726,88.3639,6.0
AWS-KOL-01,Kolkata Alipore,2000-05-17 15:00:00,22.6,1002.7,91.0,22.5726,88.3639,6.0
AWS-KOL-01,Kolkata Alipore,2000-05-17 16:00:00,24.0,1001.17,78.0,22.5726,88.3639,6.0
AWS-KOL-01,Kolkata Alipore,2000-05-17 17:00:00,25.0,999.63,78.0,22.5726,88.3639,6.0
AWS-KOL-01,Kolkata Alipore,2000-05-17 18:00:00,24.0,998.1,91.0,22.5726,88.3639,6.0
AWS-KOL-01,Kolkata Alipore,2000-05-17 19:00:00,26.0,998.03,74.0,22.5726,88.3639,6.0
AWS-KOL-01,Kolkata Alipore,2000-05-17 20:00:00,26.0,997.97,74.0,22.5726,88.3639,6.0
AWS-KOL-01,Kolkata Alipore,2000-05-17 21:00:00,24.4,997.9,93.0,22.5726,88.3639,6.0
AWS-KOL-01,Kolkata Alipore,2000-05-17 22:00:00,27.0,997.8,79.0,22.5726,88.3639,6.0
AWS-KOL-01,Kolkata Alipore,2000-05-17 23:00:00,27.0,997.7,79.0,22.5726,88.3639,6.0
AWS-KOL-01,Kolkata Alipore,2000-05-18 00:00:00,26.4,997.6,90.0,22.5726,88.3639,6.0
AWS-KOL-01,Kolkata Alipore,2000-05-18 01:00:00,29.0,997.97,74.0,22.5726,88.3639,6.0
AWS-KOL-01,Kolkata Alipore,2000-05-18 02:00:00,29.0,998.33,62.0,22.5726,88.3639,6.0
AWS-KOL-01,Kolkata Alipore,2000-05-18 03:00:00,31.2,998.7,68.0,22.5726,88.3639,6.0
AWS-KOL-01,Kolkata Alipore,2000-05-18 04:00:00,33.0,998.33,52.0,22.5726,88.3639,6.0
AWS-KOL-01,Kolkata Alipore,2000-05-18 05:00:00,34.0,997.97,50.0,22.5726,88.3639,6.0
AWS-KOL-01,Kolkata Alipore,2000-05-18 06:00:00,35.4,997.6,58.0,22.5726,88.3639,6.0
AWS-KOL-01,Kolkata Alipore,2000-05-18 07:00:00,36.0,996.77,50.0,22.5726,88.3639,6.0
AWS-KOL-01,Kolkata Alipore,2000-05-18 08:00:00,37.0,995.93,50.0,22.5726,88.3639,6.0
AWS-KOL-01,Kolkata Alipore,2000-05-18 09:00:00,37.4,995.1,53.0,22.5726,88.3639,6.0
AWS-KOL-01,Kolkata Alipore,2000-05-18 10:00:00,37.0,995.53,54.0,22.5726,88.3639,6.0
AWS-KOL-01,Kolkata Alipore,2000-05-18 11:00:00,37.0,995.97,54.0,22.5726,88.3639,6.0
AWS-KOL-01,Kolkata Alipore,2000-05-18 12:00:00,34.4,996.4,70.0,22.5726,88.3639,6.0
AWS-KOL-01,Kolkata Alipore,2000-05-18 13:00:00,33.0,996.83,71.0,22.5726,88.3639,6.0
AWS-KOL-01,Kolkata Alipore,2000-05-18 14:00:00,32.0,997.27,71.0,22.5726,88.3639,6.0
AWS-KOL-01,Kolkata Alipore,2000-05-18 15:00:00,30.6,997.7,77.0,22.5726,88.3639,6.0
AWS-KOL-01,Kolkata Alipore,2000-05-18 16:00:00,31.0,998.1,75.0,22.5726,88.3639,6.0
AWS-KOL-01,Kolkata Alipore,2000-05-18 18:00:00,29.4,998.5,82.0,22.5726,88.3639,6.0
AWS-KOL-01,Kolkata Alipore,2000-05-18 19:00:00,30.0,997.87,75.0,22.5726,88.3639,6.0
AWS-KOL-01,Kolkata Alipore,2000-05-18 20:00:00,30.0,997.23,79.0,22.5726,88.3639,6.0
AWS-KOL-01,Kolkata Alipore,2000-05-18 21:00:00,28.2,996.6,85.0,22.5726,88.3639,6.0
AWS-KOL-01,Kolkata Alipore,2000-05-18 23:00:00,31.0,996.8,79.0,22.5726,88.3639,6.0
AWS-KOL-01,Kolkata Alipore,2000-05-19 00:00:00,29.2,997.0,94.0,22.5726,88.3639,6.0
AWS-KOL-01,Kolkata Alipore,2000-05-19 01:00:00,31.0,997.85,79.0,22.5726,88.3639,6.0
AWS-KOL-01,Kolkata Alipore,2000-05-19 03:00:00,33.0,998.7,76.0,22.5726,88.3639,6.0
AWS-KOL-01,Kolkata Alipore,2000-05-19 04:00:00,33.0,998.47,75.0,22.5726,88.3639,6.0
AWS-KOL-01,Kolkata Alipore,2000-05-19 05:00:00,33.0,998.23,75.0,22.5726,88.3639,6.0
AWS-KOL-01,Kolkata Alipore,2000-05-19 06:00:00,35.4,998.0,72.0,22.5726,88.3639,6.0
AWS-KOL-01,Kolkata Alipore,2000-05-19 08:00:00,36.0,997.2,71.0,22.5726,88.3639,6.0
AWS-KOL-01,Kolkata Alipore,2000-05-19 09:00:00,36.4,996.4,60.0,22.5726,88.3639,6.0
AWS-KOL-01,Kolkata Alipore,2000-05-19 10:00:00,36.0,996.0,71.0,22.5726,88.3639,6.0
AWS-KOL-01,Kolkata Alipore,2000-05-19 12:00:00,30.6,995.6,72.0,22.5726,88.3639,6.0
AWS-KOL-01,Kolkata Alipore,2000-05-19 14:00:00,31.0,997.95,62.0,22.5726,88.3639,6.0
AWS-KOL-01,Kolkata Alipore,2000-05-19 15:00:00,29.0,1000.3,74.0,22.5726,88.3639,6.0
AWS-KOL-01,Kolkata Alipore,2000-05-19 16:00:00,28.0,1000.13,79.0,22.5726,88.3639,6.0
AWS-KOL-01,Kolkata Alipore,2000-05-19 17:00:00,28.0,999.97,79.0,22.5726,88.3639,6.0
AWS-KOL-01,Kolkata Alipore,2000-05-19 18:00:00,24.6,999.8,95.0,22.5726,88.3639,6.0
AWS-KOL-01,Kolkata Alipore,2000-05-19 19:00:00,26.0,1000.13,84.0,22.5726,88.3639,6.0
AWS-KOL-01,Kolkata Alipore,2000-05-19 20:00:00,26.0,1000.47,84.0,22.5726,88.3639,6.0
AWS-KOL-01,Kolkata Alipore,2000-05-19 21:00:00,24.0,1000.8,98.0,22.5726,88.3639,6.0
AWS-KOL-01,Kolkata Alipore,2000-05-19 22:00:00,25.0,1000.73,89.0,22.5726,88.3639,6.0
AWS-KOL-01,Kolkata Alipore,2000-05-19 23:00:00,24.0,1000.67,94.0,22.5726,88.3639,6.0
AWS-KOL-01,Kolkata Alipore,2000-05-20 00:00:00,24.4,1000.6,96.0,22.5726,88.3639,6.0
AWS-KOL-01,Kolkata Alipore,2000-05-20 01:00:00,24.0,1001.4,94.0,22.5726,88.3639,6.0
AWS-KOL-01,Kolkata Alipore,2000-05-20 02:00:00,23.0,1002.2,94.0,22.5726,88.3639,6.0
AWS-KOL-01,Kolkata Alipore,2000-05-20 03:00:00,26.4,1003.0,92.0,22.5726,88.3639,6.0
AWS-KOL-01,Kolkata Alipore,2000-05-20 04:00:00,26.0,1002.97,84.0,22.5726,88.3639,6.0
AWS-KOL-01,Kolkata Alipore,2000-05-20 05:00:00,26.0,1002.93,94.0,22.5726,88.3639,6.0
AWS-KOL-01,Kolkata Alipore,2000-05-20 06:00:00,28.0,1002.9,85.0,22.5726,88.3639,6.0
AWS-KOL-01,Kolkata Alipore,2000-05-20 08:00:00,29.0,1002.1,70.0,22.5726,88.3639,6.0
AWS-KOL-01,Kolkata Alipore,2000-05-20 09:00:00,30.8,1001.3,73.0,22.5726,88.3639,6.0
AWS-KOL-01,Kolkata Alipore,2000-05-20 10:00:00,30.0,1001.03,70.0,22.5726,88.3639,6.0
AWS-KOL-01,Kolkata Alipore,2000-05-20 11:00:00,30.0,1000.77,70.0,22.5726,88.3639,6.0
AWS-KOL-01,Kolkata Alipore,2000-05-20 12:00:00,29.4,1000.5,78.0,22.5726,88.3639,6.0
AWS-KOL-01,Kolkata Alipore,2000-05-20 13:00:00,28.0,1001.1,74.0,22.5726,88.3639,6.0
AWS-KOL-01,Kolkata Alipore,2000-05-20 14:00:00,29.0,1001.7,84.0,22.5726,88.3639,6.0
AWS-KOL-01,Kolkata Alipore,2000-05-20 15:00:00,28.4,1002.3,85.0,22.5726,88.3639,6.0
AWS-KOL-01,Kolkata Alipore,2000-05-20 16:00:00,29.0,1002.13,79.0,22.5726,88.3639,6.0
AWS-KOL-01,Kolkata Alipore,2000-05-20 17:00:00,28.0,1001.97,89.0,22.5726,88.3639,6.0
AWS-KOL-01,Kolkata Alipore,2000-05-20 18:00:00,27.6,1001.8,90.0,22.5726,88.3639,6.0
AWS-KOL-01,Kolkata Alipore,2000-05-20 19:00:00,28.0,1001.57,84.0,22.5726,88.3639,6.0
AWS-KOL-01,Kolkata Alipore,2000-05-20 20:00:00,28.0,1001.33,84.0,22.5726,88.3639,6.0
AWS-KOL-01,Kolkata Alipore,2000-05-20 21:00:00,27.0,1001.1,92.0,22.5726,88.3639,6.0
AWS-KOL-01,Kolkata Alipore,2000-05-20 22:00:00,28.0,1001.4,89.0,22.5726,88.3639,6.0
AWS-KOL-01,Kolkata Alipore,2000-05-20 23:00:00,28.0,1001.7,89.0,22.5726,88.3639,6.0
AWS-KOL-01,Kolkata Alipore,2000-05-21 00:00:00,27.2,1002.0,94.0,22.5726,88.3639,6.0
AWS-KOL-01,Kolkata Alipore,2000-05-21 01:00:00,28.0,1002.0,89.0,22.5726,88.3639,6.0
AWS-KOL-01,Kolkata Alipore,2000-05-21 02:00:00,30.0,1002.0,84.0,22.5726,88.3639,6.0
AWS-KOL-01,Kolkata Alipore,2000-05-21 03:00:00,32.0,1002.0,76.0,22.5726,88.3639,6.0
AWS-KOL-01,Kolkata Alipore,2000-05-21 04:00:00,32.0,1001.77,84.0,22.5726,88.3639,6.0
AWS-KOL-01,Kolkata Alipore,2000-05-21 05:00:00,30.0,1001.53,84.0,22.5726,88.3639,6.0
AWS-KOL-01,Kolkata Alipore,2000-05-21 06:00:00,31.0,1001.3,74.0,22.5726,88.3639,6.0
AWS-KOL-01,Kolkata Alipore,2000-05-21 08:00:00,31.0,1000.2,62.0,22.5726,88.3639,6.0
AWS-KOL-01,Kolkata Alipore,2000-05-21 09:00:00,30.2,999.1,70.0,22.5726,88.3639,6.0
AWS-KOL-01,Kolkata Alipore,2000-05-21 10:00:00,30.0,999.83,70.0,22.5726,88.3639,6.0
AWS-KOL-01,Kolkata Alipore,2000-05-21 11:00:00,29.0,1000.57,79.0,22.5726,88.3639,6.0
AWS-KOL-01,Kolkata Alipore,2000-05-21 12:00:00,24.4,1001.3,93.0,22.5726,88.3639,6.0
AWS-KOL-01,Kolkata Alipore,2000-05-21 13:00:00,25.0,1001.33,89.0,22.5726,88.3639,6.0
AWS-KOL-01,Kolkata Alipore,2000-05-21 14:00:00,25.0,1001.37,89.0,22.5726,88.3639,6.0
AWS-KOL-01,Kolkata Alipore,2000-05-21 15:00:00,25.0,1001.4,91.0,22.5726,88.3639,6.0
AWS-KOL-01,Kolkata Alipore,2000-05-21 16:00:00,24.0,1001.35,89.0,22.5726,88.3639,6.0
AWS-KOL-01,Kolkata Alipore,2000-05-21 17:00:00,25.0,1001.3,89.0,22.5726,88.3639,6.0
AWS-KOL-01,Kolkata Alipore,2000-05-21 18:00:00,26.0,1001.25,84.0,22.5726,88.3639,6.0
AWS-KOL-01,Kolkata Alipore,2000-05-21 19:00:00,26.0,1001.2,84.0,22.5726,88.3639,6.0
AWS-KOL-01,Kolkata Alipore,2000-05-21 20:00:00,26.0,1001.15,79.0,22.5726,88.3639,6.0
AWS-KOL-01,Kolkata Alipore,2000-05-21 21:00:00,25.0,1001.1,91.0,22.5726,88.3639,6.0
AWS-KOL-01,Kolkata Alipore,2000-05-21 22:00:00,26.0,1001.1,79.0,22.5726,88.3639,6.0
AWS-KOL-01,Kolkata Alipore,2000-05-21 23:00:00,27.0,1001.1,79.0,22.5726,88.3639,6.0
AWS-KOL-01,Kolkata Alipore,2000-05-22 00:00:00,25.4,1001.1,92.0,22.5726,88.3639,6.0
AWS-KOL-01,Kolkata Alipore,2000-05-22 01:00:00,26.0,1001.87,74.0,22.5726,88.3639,6.0
AWS-KOL-01,Kolkata Alipore,2000-05-22 02:00:00,27.0,1002.63,70.0,22.5726,88.3639,6.0
AWS-KOL-01,Kolkata Alipore,2000-05-22 03:00:00,28.4,1003.4,70.0,22.5726,88.3639,6.0
AWS-KOL-01,Kolkata Alipore,2000-05-22 04:00:00,28.0,1003.33,70.0,22.5726,88.3639,6.0
AWS-KOL-01,Kolkata Alipore,2000-05-22 05:00:00,29.0,1003.27,70.0,22.5726,88.3639,6.0
AWS-KOL-01,Kolkata Alipore,2000-05-22 06:00:00,31.8,1003.2,71.0,22.5726,88.3639,6.0
AWS-KOL-01,Kolkata Alipore,2000-05-22 07:00:00,31.0,1002.5,62.0,22.5726,88.3639,6.0
AWS-KOL-01,Kolkata Alipore,2000-05-22 08:00:00,31.0,1001.8,75.0,22.5726,88.3639,6.0
AWS-KOL-01,Kolkata Alipore,2000-05-22 09:00:00,32.0,1001.1,69.0,22.5726,88.3639,6.0
AWS-KOL-01,Kolkata Alipore,2000-05-22 10:00:00,29.0,1001.1,84.0,22.5726,88.3639,6.0
AWS-KOL-01,Kolkata Alipore,2000-05-22 11:00:00,28.0,1001.1,89.0,22.5726,88.3639,6.0
AWS-KOL-01,Kolkata Alipore,2000-05-22 12:00:00,28.8,1001.1,83.0,22.5726,88.3639,6.0
AWS-KOL-01,Kolkata Alipore,2000-05-22 13:00:00,29.0,1001.4,74.0,22.5726,88.3639,6.0
AWS-KOL-01,Kolkata Alipore,2000-05-22 14:00:00,29.0,1001.7,74.0,22.5726,88.3639,6.0
AWS-KOL-01,Kolkata Alipore,2000-05-22 15:00:00,27.4,1002.0,92.0,22.5726,88.3639,6.0
AWS-KOL-01,Kolkata Alipore,2000-05-22 16:00:00,28.0,1002.13,84.0,22.5726,88.3639,6.0
AWS-KOL-01,Kolkata Alipore,2000-05-22 17:00:00,28.0,1002.27,89.0,22.5726,88.3639,6.0
AWS-KOL-01,Kolkata Alipore,2000-05-22 18:00:00,28.0,1002.4,92.0,22.5726,88.3639,6.0
AWS-KOL-01,Kolkata Alipore,2000-05-22 19:00:00,28.0,1001.35,89.0,22.5726,88.3639,6.0
AWS-KOL-01,Kolkata Alipore,2000-05-22 21:00:00,27.2,1000.3,94.0,22.5726,88.3639,6.0
AWS-KOL-01,Kolkata Alipore,2000-05-22 22:00:00,28.0,1000.3,89.0,22.5726,88.3639,6.0
AWS-KOL-01,Kolkata Alipore,2000-05-22 23:00:00,28.0,1000.3,89.0,22.5726,88.3639,6.0
AWS-KOL-01,Kolkata Alipore,2000-05-23 00:00:00,26.8,1000.3,95.0,22.5726,88.3639,6.0
AWS-KOL-01,Kolkata Alipore,2000-05-23 01:00:00,28.0,1000.8,89.0,22.5726,88.3639,6.0
AWS-KOL-01,Kolkata Alipore,2000-05-23 02:00:00,30.0,1001.3,75.0,22.5726,88.3639,6.0
AWS-KOL-01,Kolkata Alipore,2000-05-23 03:00:00,30.2,1001.8,81.0,22.5726,88.3639,6.0
AWS-KOL-01,Kolkata Alipore,2000-05-23 04:00:00,32.0,1001.7,67.0,22.5726,88.3639,6.0
AWS-KOL-01,Kolkata Alipore,2000-05-23 05:00:00,32.0,1001.6,67.0,22.5726,88.3639,6.0
AWS-KOL-01,Kolkata Alipore,2000-05-23 06:00:00,30.0,1001.5,81.0,22.5726,88.3639,6.0
AWS-KOL-01,Kolkata Alipore,2000-05-23 07:00:00,29.0,1000.7,89.0,22.5726,88.3639,6.0
AWS-KOL-01,Kolkata Alipore,2000-05-23 08:00:00,29.0,999.9,89.0,22.5726,88.3639,6.0
AWS-KOL-01,Kolkata Alipore,2000-05-23 09:00:00,25.6,999.1,95.0,22.5726,88.3639,6.0
AWS-KOL-01,Kolkata Alipore,2000-05-23 10:00:00,28.0,998.97,89.0,22.5726,88.3639,6.0
AWS-KOL-01,Kolkata Alipore,2000-05-23 11:00:00,27.6,998.83,89.5,22.5726,88.3639,6.0
AWS-KOL-01,Kolkata Alipore,2000-05-23 12:00:00,27.2,998.7,90.0,22.5726,88.3639,6.0
AWS-KOL-01,Kolkata Alipore,2000-05-23 13:00:00,28.0,999.33,79.0,22.5726,88.3639,6.0
AWS-KOL-01,Kolkata Alipore,2000-05-23 14:00:00,27.0,999.97,79.0,22.5726,88.3639,6.0
AWS-KOL-01,Kolkata Alipore,2000-05-23 15:00:00,26.6,1000.6,95.0,22.5726,88.3639,6.0
AWS-KOL-01,Kolkata Alipore,2000-05-23 17:00:00,26.5,1000.65,94.5,22.5726,88.3639,6.0
AWS-KOL-01,Kolkata Alipore,2000-05-23 18:00:00,26.4,1000.7,94.0,22.5726,88.3639,6.0
AWS-KOL-01,Kolkata Alipore,2000-05-23 19:00:00,27.0,1000.23,84.0,22.5726,88.3639,6.0
AWS-KOL-01,Kolkata Alipore,2000-05-23 20:00:00,27.0,999.77,84.0,22.5726,88.3639,6.0
AWS-KOL-01,Kolkata Alipore,2000-05-23 21:00:00,26.0,999.3,95.0,22.5726,88.3639,6.0
AWS-KOL-01,Kolkata Alipore,2000-05-23 23:00:00,27.0,999.3,79.0,22.5726,88.3639,6.0
AWS-KOL-01,Kolkata Alipore,2000-05-24 00:00:00,26.0,999.3,96.0,22.5726,88.3639,6.0
AWS-KOL-01,Kolkata Alipore,2000-05-24 01:00:00,28.0,999.77,79.0,22.5726,88.3639,6.0
AWS-KOL-01,Kolkata Alipore,2000-05-24 02:00:00,28.0,1000.23,74.0,22.5726,88.3639,6.0
AWS-KOL-01,Kolkata Alipore,2000-05-24 03:00:00,28.0,1000.7,85.0,22.5726,88.3639,6.0
AWS-KOL-01,Kolkata Alipore,2000-05-24 04:00:00,29.0,1000.4,79.0,22.5726,88.3639,6.0
AWS-KOL-01,Kolkata Alipore,2000-05-24 05:00:00,30.0,1000.1,79.0,22.5726,88.3639,6.0
AWS-KOL-01,Kolkata Alipore,2000-05-24 06:00:00,31.6,999.8,72.0,22.5726,88.3639,6.0
AWS-KOL-01,Kolkata Alipore,2000-05-24 07:00:00,32.0,999.03,67.0,22.5726,88.3639,6.0
AWS-KOL-01,Kolkata Alipore,2000-05-24 08:00:00,33.0,998.27,59.0,22.5726,88.3639,6.0
AWS-KOL-01,Kolkata Alipore,2000-05-24 09:00:00,34.0,997.5,56.0,22.5726,88.3639,6.0
AWS-KOL-01,Kolkata Alipore,2000-05-24 10:00:00,34.0,997.63,56.0,22.5726,88.3639,6.0
AWS-KOL-01,Kolkata Alipore,2000-05-24 11:00:00,33.0,997.77,63.0,22.5726,88.3639,6.0
AWS-KOL-01,Kolkata Alipore,2000-05-24 12:00:00,32.4,997.9,67.0,22.5726,88.3639,6.0
AWS-KOL-01,Kolkata Alipore,2000-05-24 13:00:00,31.0,998.37,70.0,22.5726,88.3639,6.0
AWS-KOL-01,Kolkata Alipore,2000-05-24 14:00:00,30.0,998.83,75.0,22.5726,88.3639,6.0
AWS-KOL-01,Kolkata Alipore,2000-05-24 15:00:00,30.0,999.3,78.0,22.5726,88.3639,6.0
AWS-KOL-01,Kolkata Alipore,2000-05-24 16:00:00,30.0,999.07,75.0,22.5726,88.3639,6.0
AWS-KOL-01,Kolkata Alipore,2000-05-24 17:00:00,30.0,998.83,75.0,22.5726,88.3639,6.0
AWS-KOL-01,Kolkata Alipore,2000-05-24 18:00:00,29.4,998.6,88.0,22.5726,88.3639,6.0
AWS-KOL-01,Kolkata Alipore,2000-05-24 19:00:00,29.0,998.3,84.0,22.5726,88.3639,6.0
AWS-KOL-01,Kolkata Alipore,2000-05-24 20:00:00,29.0,998.0,66.0,22.5726,88.3639,6.0
AWS-KOL-01,Kolkata Alipore,2000-05-24 21:00:00,28.8,997.7,90.0,22.5726,88.3639,6.0
AWS-KOL-01,Kolkata Alipore,2000-05-24 22:00:00,28.0,997.77,79.0,22.5726,88.3639,6.0
AWS-KOL-01,Kolkata Alipore,2000-05-24 23:00:00,28.0,997.83,79.0,22.5726,88.3639,6.0
AWS-KOL-01,Kolkata Alipore,2000-05-25 00:00:00,27.2,997.9,87.0,22.5726,88.3639,6.0
AWS-KOL-01,Kolkata Alipore,2000-05-25 01:00:00,29.0,998.2,79.0,22.5726,88.3639,6.0
AWS-KOL-01,Kolkata Alipore,2000-05-25 02:00:00,30.0,998.5,75.0,22.5726,88.3639,6.0
AWS-KOL-01,Kolkata Alipore,2000-05-25 03:00:00,32.0,998.8,75.0,22.5726,88.3639,6.0
AWS-KOL-01,Kolkata Alipore,2000-05-25 04:00:00,33.0,998.37,67.0,22.5726,88.3639,6.0
AWS-KOL-01,Kolkata Alipore,2000-05-25 05:00:00,33.0,997.93,67.0,22.5726,88.3639,6.0
AWS-KOL-01,Kolkata Alipore,2000-05-25 06:00:00,35.0,997.5,68.0,22.5726,88.3639,6.0
AWS-KOL-01,Kolkata Alipore,2000-05-25 07:00:00,34.0,996.83,67.0,22.5726,88.3639,6.0
AWS-KOL-01,Kolkata Alipore,2000-05-25 08:00:00,35.0,996.17,67.0,22.5726,88.3639,6.0
AWS-KOL-01,Kolkata Alipore,2000-05-25 09:00:00,34.8,995.5,69.0,22.5726,88.3639,6.0
AWS-KOL-01,Kolkata Alipore,2000-05-25 10:00:00,34.0,995.2,71.0,22.5726,88.3639,6.0
AWS-KOL-01,Kolkata Alipore,2000-05-25 11:00:00,33.0,994.9,80.0,22.5726,88.3639,6.0
AWS-KOL-01,Kolkata Alipore,2000-05-25 12:00:00,33.2,994.6,78.0,22.5726,88.3639,6.0
AWS-KOL-01,Kolkata Alipore,2000-05-25 13:00:00,32.0,995.67,75.0,22.5726,88.3639,6.0
AWS-KOL-01,Kolkata Alipore,2000-05-25 14:00:00,32.0,996.73,75.0,22.5726,88.3639,6.0
AWS-KOL-01,Kolkata Alipore,2000-05-25 15:00:00,28.2,997.8,73.0,22.5726,88.3639,6.0
AWS-KOL-01,Kolkata Alipore,2000-05-25 16:00:00,28.0,996.95,89.0,22.5726,88.3639,6.0
AWS-KOL-01,Kolkata Alipore,2000-05-25 18:00:00,27.4,996.1,78.0,22.5726,88.3639,6.0
AWS-KOL-01,Kolkata Alipore,2000-05-25 19:00:00,27.0,996.3,79.0,22.5726,88.3639,6.0
AWS-KOL-01,Kolkata Alipore,2000-05-25 20:00:00,26.0,996.5,84.0,22.5726,88.3639,6.0
AWS-KOL-01,Kolkata Alipore,2000-05-25 21:00:00,26.0,996.7,84.0,22.5726,88.3639,6.0
AWS-KOL-01,Kolkata Alipore,2000-05-25 22:00:00,27.5,996.6,87.5,22.5726,88.3639,6.0
AWS-KOL-01,Kolkata Alipore,2000-05-26 00:00:00,29.0,996.5,91.0,22.5726,88.3639,6.0
AWS-KOL-01,Kolkata Alipore,2000-05-26 01:00:00,30.0,997.2,84.0,22.5726,88.3639,6.0
AWS-KOL-01,Kolkata Alipore,2000-05-26 03:00:00,33.0,997.9,77.0,22.5726,88.3639,6.0
AWS-KOL-01,Kolkata Alipore,2000-05-26 04:00:00,33.0,997.72,71.0,22.5726,88.3639,6.0
AWS-KOL-01,Kolkata Alipore,2000-05-26 05:00:00,34.0,997.54,67.0,22.5726,88.3639,6.0
AWS-KOL-01,Kolkata Alipore,2000-05-26 06:00:00,35.2,997.37,72.0,22.5726,88.3639,6.0
AWS-KOL-01,Kolkata Alipore,2000-05-26 07:00:00,35.0,997.19,67.0,22.5726,88.3639,6.0
AWS-KOL-01,Kolkata Alipore,2000-05-26 08:00:00,35.0,997.01,75.0,22.5726,88.3639,6.0
AWS-KOL-01,Kolkata Alipore,2000-05-26 09:00:00,35.0,996.83,80.0,22.5726,88.3639,6.0
AWS-KOL-01,Kolkata Alipore,2000-05-26 10:00:00,35.0,996.66,75.0,22.5726,88.3639,6.0
AWS-KOL-01,Kolkata Alipore,2000-05-26 11:00:00,35.0,996.48,75.0,22.5726,88.3639,6.0
AWS-KOL-01,Kolkata Alipore,2000-05-26 12:00:00,33.8,996.3,75.0,22.5726,88.3639,6.0
AWS-KOL-01,Kolkata Alipore,2000-05-26 13:00:00,33.0,996.7,80.0,22.5726,88.3639,6.0
AWS-KOL-01,Kolkata Alipore,2000-05-26 14:00:00,32.0,997.1,75.0,22.5726,88.3639,6.0
AWS-KOL-01,Kolkata Alipore,2000-05-26 15:00:00,30.8,997.5,84.0,22.5726,88.3639,6.0
AWS-KOL-01,Kolkata Alipore,2000-05-26 16:00:00,31.0,997.35,79.0,22.5726,88.3639,6.0
AWS-KOL-01,Kolkata Alipore,2000-05-26 17:00:00,31.0,997.2,74.5,22.5726,88.3639,6.0
AWS-KOL-01,Kolkata Alipore,2000-05-26 18:00:00,28.4,997.05,70.0,22.5726,88.3639,6.0
AWS-KOL-01,Kolkata Alipore,2000-05-26 19:00:00,28.0,996.9,74.0,22.5726,88.3639,6.0
AWS-KOL-01,Kolkata Alipore,2000-05-26 20:00:00,28.0,996.75,70.0,22.5726,88.3639,6.0
AWS-KOL-01,Kolkata Alipore,2000-05-26 21:00:00,27.4,996.6,78.0,22.5726,88.3639,6.0
AWS-KOL-01,Kolkata Alipore,2000-05-26 22:00:00,28.0,997.07,74.0,22.5726,88.3639,6.0
AWS-KOL-01,Kolkata Alipore,2000-05-26 23:00:00,28.0,997.53,89.0,22.5726,88.3639,6.0
AWS-KOL-01,Kolkata Alipore,2000-05-27 00:00:00,30.0,998.0,88.0,22.5726,88.3639,6.0
AWS-KOL-01,Kolkata Alipore,2000-05-27 01:00:00,30.0,998.47,79.0,22.5726,88.3639,6.0
AWS-KOL-01,Kolkata Alipore,2000-05-27 02:00:00,31.0,998.93,75.0,22.5726,88.3639,6.0
AWS-KOL-01,Kolkata Alipore,2000-05-27 03:00:00,33.4,999.4,73.0,22.5726,88.3639,6.0
AWS-KOL-01,Kolkata Alipore,2000-05-27 05:00:00,33.0,999.25,67.0,22.5726,88.3639,6.0
AWS-KOL-01,Kolkata Alipore,2000-05-27 06:00:00,35.0,999.1,68.0,22.5726,88.3639,6.0
AWS-KOL-01,Kolkata Alipore,2000-05-27 07:00:00,36.0,998.47,67.0,22.5726,88.3639,6.0
AWS-KOL-01,Kolkata Alipore,2000-05-27 08:00:00,36.0,997.83,64.0,22.5726,88.3639,6.0
AWS-KOL-01,Kolkata Alipore,2000-05-27 09:00:00,34.2,997.2,72.0,22.5726,88.3639,6.0
AWS-KOL-01,Kolkata Alipore,2000-05-27 10:00:00,35.0,997.17,67.0,22.5726,88.3639,6.0
AWS-KOL-01,Kolkata Alipore,2000-05-27 11:00:00,35.0,997.13,67.0,22.5726,88.3639,6.0
AWS-KOL-01,Kolkata Alipore,2000-05-27 12:00:00,32.4,997.1,79.0,22.5726,88.3639,6.0
AWS-KOL-01,Kolkata Alipore,2000-05-27 13:00:00,33.0,998.03,67.0,22.5726,88.3639,6.0
AWS-KOL-01,Kolkata Alipore,2000-05-27 14:00:00,31.0,998.97,79.0,22.5726,88.3639,6.0
AWS-KOL-01,Kolkata Alipore,2000-05-27 15:00:00,30.0,999.9,62.0,22.5726,88.3639,6.0
AWS-KOL-01,Kolkata Alipore,2000-05-27 17:00:00,28.0,999.74,74.0,22.5726,88.3639,6.0
AWS-KOL-01,Kolkata Alipore,2000-05-27 18:00:00,27.0,999.58,79.0,22.5726,88.3639,6.0
AWS-KOL-01,Kolkata Alipore,2000-05-27 19:00:00,27.0,999.42,79.0,22.5726,88.3639,6.0
AWS-KOL-01,Kolkata Alipore,2000-05-27 20:00:00,31.0,999.26,62.0,22.5726,88.3639,6.0
AWS-KOL-01,Kolkata Alipore,2000-05-27 21:00:00,29.6,999.1,88.0,22.5726,88.3639,6.0
AWS-KOL-01,Kolkata Alipore,2000-05-27 22:00:00,31.0,999.63,70.0,22.5726,88.3639,6.0
AWS-KOL-01,Kolkata Alipore,2000-05-27 23:00:00,31.0,1000.17,70.0,22.5726,88.3639,6.0
AWS-KOL-01,Kolkata Alipore,2000-05-28 00:00:00,29.6,1000.7,86.0,22.5726,88.3639,6.0
AWS-KOL-01,Kolkata Alipore,2000-05-28 01:00:00,31.0,1001.6,70.0,22.5726,88.3639,6.0
AWS-KOL-01,Kolkata Alipore,2000-05-28 03:00:00,32.4,1002.5,77.0,22.5726,88.3639,6.0
AWS-KOL-01,Kolkata Alipore,2000-05-28 05:00:00,33.0,1001.85,63.0,22.5726,88.3639,6.0
AWS-KOL-01,Kolkata Alipore,2000-05-28 06:00:00,35.0,1001.2,74.0,22.5726,88.3639,6.0
AWS-KOL-01,Kolkata Alipore,2000-05-28 07:00:00,35.0,1000.5,60.0,22.5726,88.3639,6.0
AWS-KOL-01,Kolkata Alipore,2000-05-28 09:00:00,35.0,999.8,67.0,22.5726,88.3639,6.0
AWS-KOL-01,Kolkata Alipore,2000-05-28 11:00:00,33.0,999.8,63.0,22.5726,88.3639,6.0
AWS-KOL-01,Kolkata Alipore,2000-05-28 12:00:00,32.6,999.8,76.0,22.5726,88.3639,6.0
AWS-KOL-01,Kolkata Alipore,2000-05-28 13:00:00,32.0,1000.1,67.0,22.5726,88.3639,6.0
AWS-KOL-01,Kolkata Alipore,2000-05-28 14:00:00,31.0,1000.4,66.0,22.5726,88.3639,6.0
AWS-KOL-01,Kolkata Alipore,2000-05-28 15:00:00,31.0,1000.7,66.0,22.5726,88.3639,6.0
AWS-KOL-01,Kolkata Alipore,2000-05-28 17:00:00,31.0,1001.0,66.0,22.5726,88.3639,6.0
AWS-KOL-01,Kolkata Alipore,2000-05-28 18:00:00,30.0,1001.3,85.0,22.5726,88.3639,6.0
AWS-KOL-01,Kolkata Alipore,2000-05-28 19:00:00,31.0,1001.83,66.0,22.5726,88.3639,6.0
AWS-KOL-01,Kolkata Alipore,2000-05-28 20:00:00,30.0,1002.37,70.0,22.5726,88.3639,6.0
AWS-KOL-01,Kolkata Alipore,2000-05-28 21:00:00,28.4,1002.9,95.0,22.5726,88.3639,6.0
AWS-KOL-01,Kolkata Alipore,2000-05-28 23:00:00,25.0,1003.0,57.0,22.5726,88.3639,6.0
AWS-KOL-01,Kolkata Alipore,2000-05-29 00:00:00,23.2,1003.1,93.0,22.5726,88.3639,6.0
AWS-KOL-01,Kolkata Alipore,2000-05-29 01:00:00,24.0,1003.43,69.0,22.5726,88.3639,6.0
AWS-KOL-01,Kolkata Alipore,2000-05-29 02:00:00,24.0,1003.77,69.0,22.5726,88.3639,6.0
AWS-KOL-01,Kolkata Alipore,2000-05-29 03:00:00,27.8,1004.1,80.0,22.5726,88.3639,6.0
AWS-KOL-01,Kolkata Alipore,2000-05-29 04:00:00,29.0,1003.8,58.0,22.5726,88.3639,6.0
AWS-KOL-01,Kolkata Alipore,2000-05-29 05:00:00,29.0,1003.5,62.0,22.5726,88.3639,6.0
AWS-KOL-01,Kolkata Alipore,2000-05-29 06:00:00,27.6,1003.2,84.0,22.5726,88.3639,6.0
AWS-KOL-01,Kolkata Alipore,2000-05-29 07:00:00,29.0,1002.53,62.0,22.5726,88.3639,6.0
AWS-KOL-01,Kolkata Alipore,2000-05-29 08:00:00,30.0,1001.87,66.0,22.5726,88.3639,6.0
AWS-KOL-01,Kolkata Alipore,2000-05-29 09:00:00,30.6,1001.2,76.0,22.5726,88.3639,6.0
AWS-KOL-01,Kolkata Alipore,2000-05-29 10:00:00,30.0,1001.0,62.0,22.5726,88.3639,6.0
AWS-KOL-01,Kolkata Alipore,2000-05-29 11:00:00,30.0,1000.8,59.0,22.5726,88.3639,6.0
AWS-KOL-01,Kolkata Alipore,2000-05-29 12:00:00,29.6,1000.6,77.0,22.5726,88.3639,6.0
AWS-KOL-01,Kolkata Alipore,2000-05-29 13:00:00,29.0,1001.33,62.0,22.5726,88.3639,6.0
AWS-KOL-01,Kolkata Alipore,2000-05-29 14:00:00,27.0,1002.07,70.0,22.5726,88.3639,6.0
AWS-KOL-01,Kolkata Alipore,2000-05-29 15:00:00,27.4,1002.8,84.0,22.5726,88.3639,6.0
AWS-KOL-01,Kolkata Alipore,2000-05-29 17:00:00,27.0,1002.7,70.0,22.5726,88.3639,6.0
AWS-KOL-01,Kolkata Alipore,2000-05-29 18:00:00,27.4,1002.6,89.0,22.5726,88.3639,6.0
AWS-KOL-01,Kolkata Alipore,2000-05-29 19:00:00,27.0,1002.03,74.0,22.5726,88.3639,6.0
AWS-KOL-01,Kolkata Alipore,2000-05-29 20:00:00,26.0,1001.47,79.0,22.5726,88.3639,6.0
AWS-KOL-01,Kolkata Alipore,2000-05-29 21:00:00,27.0,1000.9,92.0,22.5726,88.3639,6.0
AWS-KOL-01,Kolkata Alipore,2000-05-29 22:00:00,26.0,1001.4,79.0,22.5726,88.3639,6.0
AWS-KOL-01,Kolkata Alipore,2000-05-30 00:00:00,27.4,1001.9,92.0,22.5726,88.3639,6.0
AWS-KOL-01,Kolkata Alipore,2000-05-30 01:00:00,27.0,1002.08,79.0,22.5726,88.3639,6.0
AWS-KOL-01,Kolkata Alipore,2000-05-30 02:00:00,29.0,1002.27,74.0,22.5726,88.3639,6.0
AWS-KOL-01,Kolkata Alipore,2000-05-30 03:00:00,30.0,1002.45,70.0,22.5726,88.3639,6.0
AWS-KOL-01,Kolkata Alipore,2000-05-30 04:00:00,32.0,1002.63,67.0,22.5726,88.3639,6.0
AWS-KOL-01,Kolkata Alipore,2000-05-30 05:00:00,33.0,1002.82,63.0,22.5726,88.3639,6.0
AWS-KOL-01,Kolkata Alipore,2000-05-30 06:00:00,34.8,1003.0,57.0,22.5726,88.3639,6.0
AWS-KOL-01,Kolkata Alipore,2000-05-30 08:00:00,35.0,1001.65,60.0,22.5726,88.3639,6.0
AWS-KOL-01,Kolkata Alipore,2000-05-30 09:00:00,36.2,1000.3,57.0,22.5726,88.3639,6.0
AWS-KOL-01,Kolkata Alipore,2000-05-30 10:00:00,35.0,1000.2,56.0,22.5726,88.3639,6.0
AWS-KOL-01,Kolkata Alipore,2000-05-30 11:00:00,35.0,1000.1,53.0,22.5726,88.3639,6.0
AWS-KOL-01,Kolkata Alipore,2000-05-30 12:00:00,34.4,1000.0,63.0,22.5726,88.3639,6.0
AWS-KOL-01,Kolkata Alipore,2000-05-30 13:00:00,35.0,1000.97,56.0,22.5726,88.3639,6.0
AWS-KOL-01,Kolkata Alipore,2000-05-30 14:00:00,30.5,1001.93,72.5,22.5726,88.3639,6.0
AWS-KOL-01,Kolkata Alipore,2000-05-30 15:00:00,26.0,1002.9,89.0,22.5726,88.3639,6.0
AWS-KOL-01,Kolkata Alipore,2000-05-30 16:00:00,29.0,1002.53,79.0,22.5726,88.3639,6.0
AWS-KOL-01,Kolkata Alipore,2000-05-30 17:00:00,28.0,1002.17,74.0,22.5726,88.3639,6.0
AWS-KOL-01,Kolkata Alipore,2000-05-30 18:00:00,27.0,1001.8,84.0,22.5726,88.3639,6.0
AWS-KOL-01,Kolkata Alipore,2000-05-30 19:00:00,27.0,1001.77,79.0,22.5726,88.3639,6.0
AWS-KOL-01,Kolkata Alipore,2000-05-30 20:00:00,27.0,1001.73,79.0,22.5726,88.3639,6.0
AWS-KOL-01,Kolkata Alipore,2000-05-30 21:00:00,26.4,1001.7,86.0,22.5726,88.3639,6.0
AWS-KOL-01,Kolkata Alipore,2000-05-30 22:00:00,27.0,1002.07,79.0,22.5726,88.3639,6.0
AWS-KOL-01,Kolkata Alipore,2000-05-30 23:00:00,28.0,1002.43,74.0,22.5726,88.3639,6.0
AWS-KOL-01,Kolkata Alipore,2000-05-31 00:00:00,27.2,1002.8,92.0,22.5726,88.3639,6.0
AWS-KOL-01,Kolkata Alipore,2000-05-31 01:00:00,30.0,1002.83,75.0,22.5726,88.3639,6.0
AWS-KOL-01,Kolkata Alipore,2000-05-31 02:00:00,32.0,1002.87,67.0,22.5726,88.3639,6.0
AWS-KOL-01,Kolkata Alipore,2000-05-31 03:00:00,33.0,1002.9,72.0,22.5726,88.3639,6.0
AWS-KOL-01,Kolkata Alipore,2000-05-31 04:00:00,34.0,1002.8,56.0,22.5726,88.3639,6.0
AWS-KOL-01,Kolkata Alipore,2000-05-31 05:00:00,34.0,1002.7,56.0,22.5726,88.3639,6.0
AWS-KOL-01,Kolkata Alipore,2000-05-31 06:00:00,35.0,1002.6,59.0,22.5726,88.3639,6.0
AWS-KOL-01,Kolkata Alipore,2000-05-31 07:00:00,35.0,1001.8,53.0,22.5726,88.3639,6.0
AWS-KOL-01,Kolkata Alipore,2000-05-31 08:00:00,36.0,1001.0,53.0,22.5726,88.3639,6.0
AWS-KOL-01,Kolkata Alipore,2000-05-31 09:00:00,35.4,1000.2,55.0,22.5726,88.3639,6.0
AWS-KOL-01,Kolkata Alipore,2000-05-31 10:00:00,35.0,999.97,56.0,22.5726,88.3639,6.0
AWS-KOL-01,Kolkata Alipore,2000-05-31 11:00:00,34.0,999.73,56.0,22.5726,88.3639,6.0
AWS-KOL-01,Kolkata Alipore,2000-05-31 12:00:00,28.8,999.5,72.0,22.5726,88.3639,6.0
AWS-KOL-01,Kolkata Alipore,2000-05-31 13:00:00,28.0,1000.2,70.0,22.5726,88.3639,6.0
AWS-KOL-01,Kolkata Alipore,2000-05-31 14:00:00,28.0,1000.9,70.0,22.5726,88.3639,6.0
AWS-KOL-01,Kolkata Alipore,2000-05-31 15:00:00,28.4,1001.6,80.0,22.5726,88.3639,6.0
AWS-KOL-01,Kolkata Alipore,2000-05-31 16:00:00,29.0,1001.23,62.0,22.5726,88.3639,6.0
AWS-KOL-01,Kolkata Alipore,2000-05-31 17:00:00,29.0,1000.87,62.0,22.5726,88.3639,6.0
AWS-KOL-01,Kolkata Alipore,2000-05-31 18:00:00,28.4,1000.5,88.0,22.5726,88.3639,6.0
AWS-KOL-01,Kolkata Alipore,2000-05-31 19:00:00,29.0,1000.33,70.0,22.5726,88.3639,6.0
AWS-KOL-01,Kolkata Alipore,2000-05-31 20:00:00,29.0,1000.17,70.0,22.5726,88.3639,6.0
AWS-KOL-01,Kolkata Alipore,2000-05-31 21:00:00,27.2,1000.0,86.0,22.5726,88.3639,6.0
AWS-KOL-01,Kolkata Alipore,2000-05-31 22:00:00,28.0,1000.23,79.0,22.5726,88.3639,6.0
AWS-KOL-01,Kolkata Alipore,2000-05-31 23:00:00,28.0,1000.47,74.0,22.5726,88.3639,6.0
AWS-KOL-01,Kolkata Alipore,2000-06-01 00:00:00,27.0,1000.7,86.0,22.5726,88.3639,6.0
AWS-KOL-01,Kolkata Alipore,2000-06-01 01:00:00,29.0,1001.17,74.0,22.5726,88.3639,6.0
AWS-KOL-01,Kolkata Alipore,2000-06-01 02:00:00,31.0,1001.63,70.0,22.5726,88.3639,6.0
AWS-KOL-01,Kolkata Alipore,2000-06-01 03:00:00,32.2,1002.1,72.0,22.5726,88.3639,6.0
AWS-KOL-01,Kolkata Alipore,2000-06-01 04:00:00,32.0,1001.8,63.0,22.5726,88.3639,6.0
AWS-KOL-01,Kolkata Alipore,2000-06-01 05:00:00,33.0,1001.5,56.0,22.5726,88.3639,6.0
AWS-KOL-01,Kolkata Alipore,2000-06-01 06:00:00,35.0,1001.2,61.0,22.5726,88.3639,6.0
AWS-KOL-01,Kolkata Alipore,2000-06-01 07:00:00,34.0,1000.37,56.0,22.5726,88.3639,6.0
AWS-KOL-01,Kolkata Alipore,2000-06-01 08:00:00,35.0,999.53,53.0,22.5726,88.3639,6.0
AWS-KOL-01,Kolkata Alipore,2000-06-01 09:00:00,36.0,998.7,58.0,22.5726,88.3639,6.0
AWS-KOL-01,Kolkata Alipore,2000-06-01 10:00:00,35.0,998.53,50.0,22.5726,88.3639,6.0
AWS-KOL-01,Kolkata Alipore,2000-06-01 11:00:00,34.0,998.37,56.0,22.5726,88.3639,6.0
AWS-KOL-01,Kolkata Alipore,2000-06-01 12:00:00,33.0,998.2,61.0,22.5726,88.3639,6.0
AWS-KOL-01,Kolkata Alipore,2000-06-01 13:00:00,32.0,998.97,56.0,22.5726,88.3639,6.0
AWS-JAI-01,Jaipur Sanganer,2001-02-04 21:00:00,17.4,1013.4,72.0,26.9124,75.7873,431.0
AWS-JAI-01,Jaipur Sanganer,2001-03-21 15:00:00,26.5,1011.7,17.0,26.9124,75.7873,431.0
AWS-JAI-01,Jaipur Sanganer,2001-04-01 06:00:00,27.5,1005.65,35.0,26.9124,75.7873,431.0
AWS-JAI-01,Jaipur Sanganer,2001-06-12 06:00:00,37.0,999.6,19.0,26.9124,75.7873,431.0
AWS-JAI-01,Jaipur Sanganer,2001-06-26 12:00:00,37.2,997.5,41.0,26.9124,75.7873,431.0
AWS-JAI-01,Jaipur Sanganer,2001-07-10 18:00:00,25.2,998.8,94.0,26.9124,75.7873,431.0
AWS-JAI-01,Jaipur Sanganer,2001-09-26 00:00:00,28.5,1006.0,74.0,26.9124,75.7873,431.0
AWS-JAI-01,Jaipur Sanganer,2001-11-19 15:00:00,28.85,1020.6,46.5,26.9124,75.7873,431.0
AWS-JAI-01,Jaipur Sanganer,2001-11-24 09:00:00,29.2,1014.6,19.0,26.9124,75.7873,431.0
AWS-JAI-01,Jaipur Sanganer,2001-12-20 09:00:00,21.6,1021.0,36.0,26.9124,75.7873,431.0
AWS-JAI-01,Jaipur Sanganer,2002-02-26 21:00:00,15.2,1015.8,83.0,26.9124,75.7873,431.0
AWS-JAI-01,Jaipur Sanganer,2002-03-25 12:00:00,30.6,1008.4,31.0,26.9124,75.7873,431.0
AWS-JAI-01,Jaipur Sanganer,2002-04-23 21:00:00,34.0,999.4,28.0,26.9124,75.7873,431.0
AWS-JAI-01,Jaipur Sanganer,2002-04-24 15:00:00,29.0,1011.5,23.0,26.9124,75.7873,431.0
AWS-JAI-01,Jaipur Sanganer,2002-06-06 18:00:00,31.0,997.2,81.0,26.9124,75.7873,431.0
AWS-JAI-01,Jaipur Sanganer,2002-06-28 09:00:00,38.7,1001.5,39.0,26.9124,75.7873,431.0
AWS-JAI-01,Jaipur Sanganer,2002-08-13 09:00:00,40.9,1005.48,34.0,26.9124,75.7873,431.0
AWS-JAI-01,Jaipur Sanganer,2002-09-29 00:00:00,27.8,1009.46,85.0,26.9124,75.7873,431.0
AWS-JAI-01,Jaipur Sanganer,2002-11-06 15:00:00,27.9,1013.44,59.0,26.9124,75.7873,431.0
AWS-JAI-01,Jaipur Sanganer,2002-11-25 15:00:00,22.3,1017.42,63.5,26.9124,75.7873,431.0
AWS-JAI-01,Jaipur Sanganer,2002-12-26 12:00:00,20.0,1021.4,68.0,26.9124,75.7873,431.0
AWS-JAI-01,Jaipur Sanganer,2002-12-27 18:00:00,18.1,1019.35,72.5,26.9124,75.7873,431.0
AWS-JAI-01,Jaipur Sanganer,2003-01-25 18:00:00,16.2,1017.3,77.0,26.9124,75.7873,431.0
AWS-JAI-01,Jaipur Sanganer,2003-03-12 21:00:00,15.2,1015.2,70.0,26.9124,75.7873,431.0
AWS-JAI-01,Jaipur Sanganer,2003-04-27 21:00:00,24.4,1004.6,51.0,26.9124,75.7873,431.0
AWS-JAI-01,Jaipur Sanganer,2003-07-27 12:00:00,33.4,996.4,56.0,26.9124,75.7873,431.0
AWS-JAI-01,Jaipur Sanganer,2004-05-28 09:00:00,38.0,1004.6,33.0,26.9124,75.7873,431.0
AWS-JAI-01,Jaipur Sanganer,2007-05-20 12:00:00,36.6,1000.1,29.0,26.9124,75.7873,431.0
AWS-JAI-01,Jaipur Sanganer,2007-05-21 00:00:00,28.6,1000.7,48.0,26.9124,75.7873,431.0
AWS-JAI-01,Jaipur Sanganer,2009-02-04 15:00:00,22.4,1012.6,37.0,26.9124,75.7873,431.0
AWS-JAI-01,Jaipur Sanganer,2009-02-04 21:00:00,15.8,1013.4,57.0,26.9124,75.7873,431.0
AWS-JAI-01,Jaipur Sanganer,2009-02-05 03:00:00,16.1,1014.4,52.0,26.9124,75.7873,431.0
AWS-JAI-01,Jaipur Sanganer,2009-02-05 09:00:00,30.4,1011.4,20.0,26.9124,75.7873,431.0
AWS-JAI-01,Jaipur Sanganer,2010-01-28 12:00:00,27.4,1013.5,21.0,26.9124,75.7873,431.0
AWS-JAI-01,Jaipur Sanganer,2013-05-29 12:00:00,43.0,997.5,11.0,26.9124,75.7873,431.0
AWS-JAI-01,Jaipur Sanganer,2015-12-07 12:00:00,24.8,1014.1,38.0,26.9124,75.7873,431.0
AWS-JAI-01,Jaipur Sanganer,2015-12-07 15:00:00,17.2,1016.2,52.0,26.9124,75.7873,431.0
AWS-JAI-01,Jaipur Sanganer,2015-12-07 18:00:00,14.4,1016.5,60.0,26.9124,75.7873,431.0
AWS-JAI-01,Jaipur Sanganer,2015-12-07 21:00:00,11.2,1016.6,64.0,26.9124,75.7873,431.0
AWS-JAI-01,Jaipur Sanganer,2015-12-08 00:00:00,10.4,1016.2,72.0,26.9124,75.7873,431.0
AWS-JAI-01,Jaipur Sanganer,2015-12-08 03:00:00,10.8,1018.8,73.0,26.9124,75.7873,431.0
AWS-JAI-01,Jaipur Sanganer,2015-12-08 06:00:00,26.4,1017.3,30.0,26.9124,75.7873,431.0
AWS-JAI-01,Jaipur Sanganer,2015-12-08 09:00:00,30.4,1015.8,17.0,26.9124,75.7873,431.0
AWS-JAI-01,Jaipur Sanganer,2015-12-08 12:00:00,26.0,1013.1,36.0,26.9124,75.7873,431.0
AWS-JAI-01,Jaipur Sanganer,2015-12-08 15:00:00,17.4,1015.2,56.0,26.9124,75.7873,431.0
AWS-JAI-01,Jaipur Sanganer,2015-12-08 18:00:00,13.4,1016.0,62.0,26.9124,75.7873,431.0
AWS-JAI-01,Jaipur Sanganer,2015-12-08 21:00:00,11.0,1016.1,66.0,26.9124,75.7873,431.0
AWS-JAI-01,Jaipur Sanganer,2015-12-09 00:00:00,9.6,1015.0,72.0,26.9124,75.7873,431.0
AWS-JAI-01,Jaipur Sanganer,2015-12-09 03:00:00,10.4,1015.7,72.0,26.9124,75.7873,431.0
AWS-JAI-01,Jaipur Sanganer,2015-12-09 06:00:00,23.8,1014.9,29.0,26.9124,75.7873,431.0
AWS-JAI-01,Jaipur Sanganer,2015-12-09 09:00:00,24.0,1012.1,33.0,26.9124,75.7873,431.0
AWS-JAI-01,Jaipur Sanganer,2015-12-09 12:00:00,23.4,1011.4,45.0,26.9124,75.7873,431.0
AWS-JAI-01,Jaipur Sanganer,2015-12-09 15:00:00,17.0,1013.8,59.0,26.9124,75.7873,431.0
AWS-JAI-01,Jaipur Sanganer,2015-12-09 18:00:00,15.0,1014.7,72.0,26.9124,75.7873,431.0
AWS-JAI-01,Jaipur Sanganer,2015-12-09 21:00:00,13.6,1015.0,82.0,26.9124,75.7873,431.0
AWS-JAI-01,Jaipur Sanganer,2015-12-10 00:00:00,13.4,1013.0,77.0,26.9124,75.7873,431.0
AWS-JAI-01,Jaipur Sanganer,2015-12-10 03:00:00,13.0,1015.1,77.0,26.9124,75.7873,431.0
AWS-JAI-01,Jaipur Sanganer,2015-12-10 06:00:00,26.4,1013.3,37.0,26.9124,75.7873,431.0
AWS-JAI-01,Jaipur Sanganer,2015-12-10 09:00:00,28.4,1009.9,30.0,26.9124,75.7873,431.0
AWS-JAI-01,Jaipur Sanganer,2015-12-10 12:00:00,25.2,1008.8,36.0,26.9124,75.7873,431.0
AWS-JAI-01,Jaipur Sanganer,2015-12-10 15:00:00,20.4,1010.6,48.0,26.9124,75.7873,431.0
AWS-JAI-01,Jaipur Sanganer,2015-12-10 18:00:00,17.0,1011.7,55.0,26.9124,75.7873,431.0
AWS-JAI-01,Jaipur Sanganer,2015-12-10 21:00:00,14.4,1011.6,63.0,26.9124,75.7873,431.0
AWS-JAI-01,Jaipur Sanganer,2015-12-11 00:00:00,12.0,1011.5,81.0,26.9124,75.7873,431.0
AWS-JAI-01,Jaipur Sanganer,2015-12-11 03:00:00,10.8,1012.7,90.0,26.9124,75.7873,431.0
AWS-JAI-01,Jaipur Sanganer,2015-12-11 06:00:00,21.8,1012.0,29.0,26.9124,75.7873,431.0
AWS-JAI-01,Jaipur Sanganer,2015-12-11 09:00:00,24.6,1009.5,20.0,26.9124,75.7873,431.0
AWS-JAI-01,Jaipur Sanganer,2015-12-11 12:00:00,19.4,1010.3,18.0,26.9124,75.7873,431.0
AWS-JAI-01,Jaipur Sanganer,2015-12-11 15:00:00,12.6,1012.8,42.0,26.9124,75.7873,431.0
AWS-JAI-01,Jaipur Sanganer,2015-12-11 18:00:00,10.6,1014.6,66.0,26.9124,75.7873,431.0
AWS-JAI-01,Jaipur Sanganer,2015-12-11 21:00:00,8.6,1015.4,73.0,26.9124,75.7873,431.0
AWS-JAI-01,Jaipur Sanganer,2015-12-12 00:00:00,8.6,1014.8,100.0,26.9124,75.7873,431.0
AWS-JAI-01,Jaipur Sanganer,2015-12-12 03:00:00,9.8,1017.1,95.0,26.9124,75.7873,431.0
AWS-JAI-01,Jaipur Sanganer,2015-12-12 06:00:00,16.0,1017.4,69.0,26.9124,75.7873,431.0
AWS-JAI-01,Jaipur Sanganer,2015-12-12 09:00:00,22.0,1014.5,29.0,26.9124,75.7873,431.0
AWS-JAI-01,Jaipur Sanganer,2015-12-12 12:00:00,18.6,1013.9,25.0,26.9124,75.7873,431.0
AWS-JAI-01,Jaipur Sanganer,2015-12-12 15:00:00,11.0,1015.8,54.0,26.9124,75.7873,431.0
AWS-JAI-01,Jaipur Sanganer,2015-12-12 18:00:00,7.2,1017.0,69.0,26.9124,75.7873,431.0
AWS-JAI-01,Jaipur Sanganer,2015-12-12 21:00:00,5.0,1017.1,72.0,26.9124,75.7873,431.0
AWS-JAI-01,Jaipur Sanganer,2015-12-13 00:00:00,2.8,1016.6,76.0,26.9124,75.7873,431.0
AWS-JAI-01,Jaipur Sanganer,2015-12-13 03:00:00,3.6,1018.0,67.0,26.9124,75.7873,431.0
AWS-JAI-01,Jaipur Sanganer,2015-12-13 06:00:00,18.6,1017.4,36.0,26.9124,75.7873,431.0
AWS-JAI-01,Jaipur Sanganer,2015-12-13 09:00:00,22.4,1015.0,17.0,26.9124,75.7873,431.0
AWS-JAI-01,Jaipur Sanganer,2015-12-13 12:00:00,17.6,1015.5,36.0,26.9124,75.7873,431.0
AWS-JAI-01,Jaipur Sanganer,2015-12-13 15:00:00,9.8,1018.1,57.0,26.9124,75.7873,431.0
AWS-JAI-01,Jaipur Sanganer,2015-12-13 18:00:00,6.4,1019.2,76.0,26.9124,75.7873,431.0
AWS-JAI-01,Jaipur Sanganer,2015-12-13 21:00:00,4.2,1019.2,80.0,26.9124,75.7873,431.0
AWS-JAI-01,Jaipur Sanganer,2015-12-14 00:00:00,1.4,1019.7,82.0,26.9124,75.7873,431.0
AWS-JAI-01,Jaipur Sanganer,2015-12-14 03:00:00,2.0,1022.0,72.0,26.9124,75.7873,431.0
AWS-JAI-01,Jaipur Sanganer,2015-12-14 06:00:00,18.4,1020.2,34.0,26.9124,75.7873,431.0
AWS-JAI-01,Jaipur Sanganer,2015-12-14 09:00:00,22.0,1017.2,23.0,26.9124,75.7873,431.0
AWS-JAI-01,Jaipur Sanganer,2015-12-14 12:00:00,18.8,1017.1,27.0,26.9124,75.7873,431.0
AWS-JAI-01,Jaipur Sanganer,2015-12-14 15:00:00,11.0,1018.9,57.0,26.9124,75.7873,431.0
AWS-JAI-01,Jaipur Sanganer,2015-12-14 18:00:00,6.8,1019.5,66.0,26.9124,75.7873,431.0
AWS-JAI-01,Jaipur Sanganer,2015-12-14 21:00:00,4.2,1019.5,71.0,26.9124,75.7873,431.0
AWS-JAI-01,Jaipur Sanganer,2015-12-15 00:00:00,3.6,1018.5,80.0,26.9124,75.7873,431.0
AWS-JAI-01,Jaipur Sanganer,2015-12-15 03:00:00,3.4,1019.5,80.0,26.9124,75.7873,431.0
AWS-JAI-01,Jaipur Sanganer,2015-12-15 06:00:00,19.9,1018.1,32.0,26.9124,75.7873,431.0
AWS-JAI-01,Jaipur Sanganer,2015-12-15 09:00:00,23.2,1015.4,25.0,26.9124,75.7873,431.0
AWS-JAI-01,Jaipur Sanganer,2015-12-15 12:00:00,18.4,1014.9,39.0,26.9124,75.7873,431.0
AWS-JAI-01,Jaipur Sanganer,2015-12-15 15:00:00,10.2,1015.8,55.0,26.9124,75.7873,431.0
AWS-JAI-01,Jaipur Sanganer,2015-12-15 18:00:00,6.4,1017.2,65.0,26.9124,75.7873,431.0
AWS-JAI-01,Jaipur Sanganer,2015-12-15 21:00:00,3.8,1017.5,70.0,26.9124,75.7873,431.0
AWS-JAI-01,Jaipur Sanganer,2015-12-16 00:00:00,2.4,1017.0,72.0,26.9124,75.7873,431.0
AWS-JAI-01,Jaipur Sanganer,2015-12-16 03:00:00,3.8,1019.4,70.0,26.9124,75.7873,431.0
AWS-JAI-01,Jaipur Sanganer,2015-12-16 06:00:00,20.6,1019.1,26.0,26.9124,75.7873,431.0
AWS-JAI-01,Jaipur Sanganer,2015-12-16 09:00:00,25.0,1013.1,18.0,26.9124,75.7873,431.0
AWS-JAI-01,Jaipur Sanganer,2015-12-16 12:00:00,21.6,1012.5,27.0,26.9124,75.7873,431.0
AWS-JAI-01,Jaipur Sanganer,2015-12-16 15:00:00,12.6,1014.5,48.0,26.9124,75.7873,431.0
AWS-JAI-01,Jaipur Sanganer,2015-12-16 18:00:00,9.4,1016.2,54.0,26.9124,75.7873,431.0
AWS-JAI-01,Jaipur Sanganer,2015-12-16 21:00:00,6.0,1016.4,61.0,26.9124,75.7873,431.0
AWS-JAI-01,Jaipur Sanganer,2015-12-17 00:00:00,6.4,1015.2,57.0,26.9124,75.7873,431.0
AWS-JAI-01,Jaipur Sanganer,2015-12-17 03:00:00,7.6,1017.3,61.0,26.9124,75.7873,431.0
AWS-JAI-01,Jaipur Sanganer,2015-12-17 06:00:00,20.8,1016.2,38.0,26.9124,75.7873,431.0
AWS-JAI-01,Jaipur Sanganer,2015-12-17 09:00:00,22.8,1014.0,26.0,26.9124,75.7873,431.0
AWS-JAI-01,Jaipur Sanganer,2015-12-17 12:00:00,20.0,1015.5,34.0,26.9124,75.7873,431.0
AWS-JAI-01,Jaipur Sanganer,2015-12-17 15:00:00,13.2,1017.3,51.0,26.9124,75.7873,431.0
AWS-JAI-01,Jaipur Sanganer,2015-12-17 18:00:00,10.8,1018.6,66.0,26.9124,75.7873,431.0
AWS-JAI-01,Jaipur Sanganer,2015-12-17 21:00:00,7.8,1018.4,72.0,26.9124,75.7873,431.0
AWS-JAI-01,Jaipur Sanganer,2015-12-18 00:00:00,5.4,1019.1,78.0,26.9124,75.7873,431.0
AWS-JAI-01,Jaipur Sanganer,2015-12-18 03:00:00,5.0,1022.5,88.0,26.9124,75.7873,431.0
AWS-JAI-01,Jaipur Sanganer,2015-12-18 06:00:00,17.0,1021.6,55.0,26.9124,75.7873,431.0
AWS-JAI-01,Jaipur Sanganer,2015-12-18 09:00:00,21.6,1018.7,36.0,26.9124,75.7873,431.0
AWS-JAI-01,Jaipur Sanganer,2015-12-18 12:00:00,19.0,1018.3,41.0,26.9124,75.7873,431.0
AWS-JAI-01,Jaipur Sanganer,2015-12-18 18:00:00,7.6,1021.3,69.0,26.9124,75.7873,431.0
AWS-JAI-01,Jaipur Sanganer,2015-12-18 21:00:00,4.8,1021.2,72.0,26.9124,75.7873,431.0
AWS-JAI-01,Jaipur Sanganer,2015-12-19 00:00:00,3.4,1020.3,93.0,26.9124,75.7873,431.0
AWS-JAI-01,Jaipur Sanganer,2015-12-19 03:00:00,2.8,1021.7,86.0,26.9124,75.7873,431.0
AWS-JAI-01,Jaipur Sanganer,2015-12-19 06:00:00,19.4,1020.3,37.0,26.9124,75.7873,431.0
AWS-JAI-01,Jaipur Sanganer,2015-12-19 09:00:00,23.6,1017.4,20.0,26.9124,75.7873,431.0
AWS-JAI-01,Jaipur Sanganer,2015-12-19 12:00:00,19.0,1016.9,40.0,26.9124,75.7873,431.0
AWS-JAI-01,Jaipur Sanganer,2015-12-19 15:00:00,10.6,1018.6,54.0,26.9124,75.7873,431.0
AWS-JAI-01,Jaipur Sanganer,2015-12-19 18:00:00,7.6,1019.7,67.0,26.9124,75.7873,431.0
AWS-JAI-01,Jaipur Sanganer,2015-12-19 21:00:00,5.4,1019.5,72.0,26.9124,75.7873,431.0
AWS-JAI-01,Jaipur Sanganer,2015-12-20 00:00:00,4.2,1020.1,77.0,26.9124,75.7873,431.0
AWS-JAI-01,Jaipur Sanganer,2015-12-20 03:00:00,5.0,1021.5,72.0,26.9124,75.7873,431.0
AWS-JAI-01,Jaipur Sanganer,2015-12-20 06:00:00,18.2,1020.4,35.0,26.9124,75.7873,431.0
AWS-JAI-01,Jaipur Sanganer,2015-12-20 09:00:00,20.4,1018.0,33.0,26.9124,75.7873,431.0
AWS-JAI-01,Jaipur Sanganer,2015-12-20 12:00:00,18.8,1017.3,35.0,26.9124,75.7873,431.0
AWS-JAI-01,Jaipur Sanganer,2015-12-20 15:00:00,10.6,1019.3,56.0,26.9124,75.7873,431.0
AWS-JAI-01,Jaipur Sanganer,2015-12-20 18:00:00,7.2,1020.5,63.0,26.9124,75.7873,431.0
AWS-JAI-01,Jaipur Sanganer,2015-12-20 21:00:00,5.0,1020.3,69.0,26.9124,75.7873,431.0
AWS-JAI-01,Jaipur Sanganer,2015-12-21 00:00:00,2.6,1019.7,72.0,26.9124,75.7873,431.0
AWS-JAI-01,Jaipur Sanganer,2015-12-21 03:00:00,2.6,1021.3,76.0,26.9124,75.7873,431.0
AWS-JAI-01,Jaipur Sanganer,2015-12-21 06:00:00,17.8,1019.8,39.0,26.9124,75.7873,431.0
AWS-JAI-01,Jaipur Sanganer,2015-12-21 09:00:00,20.6,1016.8,26.0,26.9124,75.7873,431.0
AWS-JAI-01,Jaipur Sanganer,2015-12-21 12:00:00,16.6,1016.9,44.0,26.9124,75.7873,431.0
AWS-JAI-01,Jaipur Sanganer,2015-12-21 15:00:00,9.4,1019.6,59.0,26.9124,75.7873,431.0
AWS-JAI-01,Jaipur Sanganer,2015-12-21 18:00:00,6.8,1020.9,71.0,26.9124,75.7873,431.0
AWS-JAI-01,Jaipur Sanganer,2015-12-21 21:00:00,4.6,1020.7,78.0,26.9124,75.7873,431.0
AWS-JAI-01,Jaipur Sanganer,2015-12-22 00:00:00,3.6,1020.5,80.0,26.9124,75.7873,431.0
AWS-JAI-01,Jaipur Sanganer,2015-12-22 03:00:00,4.0,1022.1,83.0,26.9124,75.7873,431.0
AWS-JAI-01,Jaipur Sanganer,2015-12-22 06:00:00,17.8,1021.9,38.0,26.9124,75.7873,431.0
AWS-JAI-01,Jaipur Sanganer,2015-12-22 09:00:00,21.8,1018.6,26.0,26.9124,75.7873,431.0
AWS-JAI-01,Jaipur Sanganer,2015-12-22 12:00:00,18.6,1018.9,44.0,26.9124,75.7873,431.0
AWS-JAI-01,Jaipur Sanganer,2015-12-22 15:00:00,11.0,1022.0,59.0,26.9124,75.7873,431.0
AWS-JAI-01,Jaipur Sanganer,2015-12-22 18:00:00,7.4,1023.1,72.0,26.9124,75.7873,431.0
AWS-JAI-01,Jaipur Sanganer,2015-12-22 21:00:00,5.0,1023.2,72.0,26.9124,75.7873,431.0
AWS-JAI-01,Jaipur Sanganer,2015-12-23 00:00:00,4.6,1021.7,74.0,26.9124,75.7873,431.0
AWS-JAI-01,Jaipur Sanganer,2015-12-23 03:00:00,5.2,1022.4,81.0,26.9124,75.7873,431.0
AWS-JAI-01,Jaipur Sanganer,2015-12-23 06:00:00,20.4,1021.6,41.0,26.9124,75.7873,431.0
AWS-JAI-01,Jaipur Sanganer,2015-12-23 09:00:00,22.2,1018.8,26.0,26.9124,75.7873,431.0
AWS-JAI-01,Jaipur Sanganer,2015-12-23 12:00:00,18.6,1018.3,38.0,26.9124,75.7873,431.0
AWS-JAI-01,Jaipur Sanganer,2015-12-23 15:00:00,13.6,1021.2,50.0,26.9124,75.7873,431.0
AWS-JAI-01,Jaipur Sanganer,2015-12-23 18:00:00,11.4,1021.9,66.0,26.9124,75.7873,431.0
AWS-JAI-01,Jaipur Sanganer,2015-12-23 21:00:00,7.4,1022.4,80.0,26.9124,75.7873,431.0
AWS-JAI-01,Jaipur Sanganer,2015-12-24 00:00:00,5.0,1023.5,84.0,26.9124,75.7873,431.0
AWS-JAI-01,Jaipur Sanganer,2015-12-24 03:00:00,4.6,1024.6,90.0,26.9124,75.7873,431.0
AWS-JAI-01,Jaipur Sanganer,2015-12-24 06:00:00,15.0,1025.0,48.0,26.9124,75.7873,431.0
AWS-JAI-01,Jaipur Sanganer,2015-12-24 09:00:00,20.0,1022.3,25.0,26.9124,75.7873,431.0
AWS-JAI-01,Jaipur Sanganer,2015-12-24 12:00:00,17.0,1021.2,30.0,26.9124,75.7873,431.0
AWS-JAI-01,Jaipur Sanganer,2015-12-24 15:00:00,8.8,1023.7,56.0,26.9124,75.7873,431.0
AWS-JAI-01,Jaipur Sanganer,2015-12-24 18:00:00,5.0,1024.5,69.0,26.9124,75.7873,431.0
AWS-JAI-01,Jaipur Sanganer,2015-12-24 21:00:00,3.0,1024.3,74.0,26.9124,75.7873,431.0
AWS-JAI-01,Jaipur Sanganer,2015-12-25 00:00:00,1.4,1023.8,74.0,26.9124,75.7873,431.0
AWS-JAI-01,Jaipur Sanganer,2015-12-25 03:00:00,2.0,1025.5,72.0,26.9124,75.7873,431.0
AWS-JAI-01,Jaipur Sanganer,2015-12-25 06:00:00,17.4,1024.2,37.0,26.9124,75.7873,431.0
AWS-JAI-01,Jaipur Sanganer,2015-12-25 09:00:00,20.6,1020.9,22.0,26.9124,75.7873,431.0
AWS-JAI-01,Jaipur Sanganer,2015-12-25 12:00:00,18.0,1021.1,41.0,26.9124,75.7873,431.0
AWS-JAI-01,Jaipur Sanganer,2015-12-25 15:00:00,10.2,1023.2,53.0,26.9124,75.7873,431.0
AWS-JAI-01,Jaipur Sanganer,2015-12-25 18:00:00,7.0,1023.6,63.0,26.9124,75.7873,431.0
AWS-JAI-01,Jaipur Sanganer,2015-12-25 21:00:00,4.4,1023.3,71.0,26.9124,75.7873,431.0
AWS-JAI-01,Jaipur Sanganer,2015-12-26 00:00:00,2.6,1023.1,79.0,26.9124,75.7873,431.0
AWS-JAI-01,Jaipur Sanganer,2015-12-26 03:00:00,3.0,1023.8,73.0,26.9124,75.7873,431.0
AWS-JAI-01,Jaipur Sanganer,2015-12-26 06:00:00,19.4,1022.1,28.0,26.9124,75.7873,431.0
AWS-JAI-01,Jaipur Sanganer,2015-12-26 09:00:00,24.0,1020.5,15.0,26.9124,75.7873,431.0
AWS-JAI-01,Jaipur Sanganer,2015-12-26 12:00:00,21.4,1018.9,25.0,26.9124,75.7873,431.0
AWS-JAI-01,Jaipur Sanganer,2015-12-26 15:00:00,13.4,1022.0,46.0,26.9124,75.7873,431.0
AWS-JAI-01,Jaipur Sanganer,2015-12-26 18:00:00,9.4,1023.2,57.0,26.9124,75.7873,431.0
AWS-JAI-01,Jaipur Sanganer,2015-12-26 21:00:00,6.8,1023.2,63.0,26.9124,75.7873,431.0
AWS-JAI-01,Jaipur Sanganer,2015-12-27 00:00:00,5.4,1022.6,66.0,26.9124,75.7873,431.0
AWS-JAI-01,Jaipur Sanganer,2015-12-27 03:00:00,6.6,1023.7,62.0,26.9124,75.7873,431.0
AWS-JAI-01,Jaipur Sanganer,2015-12-27 06:00:00,22.0,1022.2,27.0,26.9124,75.7873,431.0
AWS-JAI-01,Jaipur Sanganer,2015-12-27 09:00:00,25.6,1019.2,18.0,26.9124,75.7873,431.0
AWS-JAI-01,Jaipur Sanganer,2015-12-27 12:00:00,22.0,1019.4,32.0,26.9124,75.7873,431.0
AWS-JAI-01,Jaipur Sanganer,2015-12-27 15:00:00,14.4,1021.7,49.0,26.9124,75.7873,431.0
AWS-JAI-01,Jaipur Sanganer,2015-12-27 18:00:00,10.4,1022.2,58.0,26.9124,75.7873,431.0
AWS-JAI-01,Jaipur Sanganer,2015-12-27 21:00:00,8.4,1022.4,60.0,26.9124,75.7873,431.0
AWS-JAI-01,Jaipur Sanganer,2015-12-28 00:00:00,6.4,1023.1,65.0,26.9124,75.7873,431.0
AWS-JAI-01,Jaipur Sanganer,2015-12-28 03:00:00,7.6,1025.0,64.0,26.9124,75.7873,431.0
AWS-JAI-01,Jaipur Sanganer,2015-12-28 06:00:00,22.0,1023.9,33.0,26.9124,75.7873,431.0
AWS-JAI-01,Jaipur Sanganer,2015-12-28 09:00:00,26.2,1020.2,18.0,26.9124,75.7873,431.0
AWS-JAI-01,Jaipur Sanganer,2015-12-28 12:00:00,23.4,1020.0,29.0,26.9124,75.7873,431.0
AWS-JAI-01,Jaipur Sanganer,2015-12-28 15:00:00,16.4,1022.0,51.0,26.9124,75.7873,431.0
AWS-JAI-01,Jaipur Sanganer,2015-12-28 18:00:00,12.6,1022.6,63.0,26.9124,75.7873,431.0
AWS-JAI-01,Jaipur Sanganer,2015-12-28 21:00:00,9.2,1022.1,71.0,26.9124,75.7873,431.0
AWS-JAI-01,Jaipur Sanganer,2015-12-29 00:00:00,7.2,1021.8,74.0,26.9124,75.7873,431.0
AWS-JAI-01,Jaipur Sanganer,2015-12-29 03:00:00,7.2,1022.9,77.0,26.9124,75.7873,431.0
AWS-JAI-01,Jaipur Sanganer,2015-12-29 06:00:00,21.0,1021.0,42.0,26.9124,75.7873,431.0
AWS-JAI-01,Jaipur Sanganer,2015-12-29 09:00:00,25.6,1017.2,25.0,26.9124,75.7873,431.0
AWS-JAI-01,Jaipur Sanganer,2015-12-29 12:00:00,23.2,1017.2,34.0,26.9124,75.7873,431.0
AWS-JAI-01,Jaipur Sanganer,2015-12-29 15:00:00,15.6,1018.5,57.0,26.9124,75.7873,431.0
AWS-JAI-01,Jaipur Sanganer,2015-12-29 18:00:00,11.6,1019.6,64.0,26.9124,75.7873,431.0
AWS-JAI-01,Jaipur Sanganer,2015-12-30 00:00:00,8.0,1019.1,78.0,26.9124,75.7873,431.0
AWS-JAI-01,Jaipur Sanganer,2015-12-30 03:00:00,7.8,1020.1,77.0,26.9124,75.7873,431.0
AWS-JAI-01,Jaipur Sanganer,2015-12-30 06:00:00,23.0,1018.9,30.0,26.9124,75.7873,431.0
AWS-JAI-01,Jaipur Sanganer,2015-12-30 09:00:00,27.0,1016.0,23.0,26.9124,75.7873,431.0
AWS-JAI-01,Jaipur Sanganer,2015-12-30 12:00:00,24.4,1015.3,27.0,26.9124,75.7873,431.0
AWS-JAI-01,Jaipur Sanganer,2015-12-30 15:00:00,18.0,1017.8,50.0,26.9124,75.7873,431.0
AWS-JAI-01,Jaipur Sanganer,2015-12-30 18:00:00,14.2,1019.5,63.0,26.9124,75.7873,431.0
AWS-JAI-01,Jaipur Sanganer,2015-12-30 21:00:00,11.0,1019.6,68.0,26.9124,75.7873,431.0
AWS-JAI-01,Jaipur Sanganer,2015-12-31 00:00:00,10.0,1020.3,79.0,26.9124,75.7873,431.0
AWS-JAI-01,Jaipur Sanganer,2015-12-31 03:00:00,9.4,1022.3,87.0,26.9124,75.7873,431.0
AWS-JAI-01,Jaipur Sanganer,2015-12-31 09:00:00,26.0,1017.9,19.0,26.9124,75.7873,431.0
AWS-JAI-01,Jaipur Sanganer,2015-12-31 12:00:00,23.0,1018.4,23.0,26.9124,75.7873,431.0
AWS-JAI-01,Jaipur Sanganer,2015-12-31 15:00:00,17.0,1020.6,43.0,26.9124,75.7873,431.0
AWS-JAI-01,Jaipur Sanganer,2015-12-31 18:00:00,14.0,1021.2,57.0,26.9124,75.7873,431.0
AWS-JAI-01,Jaipur Sanganer,2015-12-31 21:00:00,11.4,1020.7,71.0,26.9124,75.7873,431.0
AWS-JAI-01,Jaipur Sanganer,2016-01-01 00:00:00,9.0,1021.5,76.0,26.9124,75.7873,431.0
AWS-JAI-01,Jaipur Sanganer,2016-01-01 03:00:00,9.0,1023.0,79.0,26.9124,75.7873,431.0
AWS-JAI-01,Jaipur Sanganer,2016-01-01 06:00:00,20.4,1022.5,38.0,26.9124,75.7873,431.0
AWS-JAI-01,Jaipur Sanganer,2016-01-01 09:00:00,25.0,1019.4,25.0,26.9124,75.7873,431.0
AWS-JAI-01,Jaipur Sanganer,2016-01-01 12:00:00,23.4,1019.1,29.0,26.9124,75.7873,431.0
AWS-JAI-01,Jaipur Sanganer,2016-01-01 15:00:00,16.0,1021.6,50.0,26.9124,75.7873,431.0
AWS-JAI-01,Jaipur Sanganer,2016-01-01 18:00:00,12.0,1022.6,65.0,26.9124,75.7873,431.0
AWS-JAI-01,Jaipur Sanganer,2016-01-01 21:00:00,10.6,1022.4,73.0,26.9124,75.7873,431.0
AWS-JAI-01,Jaipur Sanganer,2016-01-02 00:00:00,8.8,1022.1,79.0,26.9124,75.7873,431.0
AWS-JAI-01,Jaipur Sanganer,2016-01-02 03:00:00,8.6,1024.0,78.0,26.9124,75.7873,431.0
AWS-JAI-01,Jaipur Sanganer,2016-01-02 06:00:00,21.0,1023.2,37.0,26.9124,75.7873,431.0
AWS-JAI-01,Jaipur Sanganer,2016-01-02 09:00:00,26.0,1018.6,24.0,26.9124,75.7873,431.0
AWS-JAI-01,Jaipur Sanganer,2016-01-02 12:00:00,22.6,1018.6,29.0,26.9124,75.7873,431.0
AWS-JAI-01,Jaipur Sanganer,2016-01-02 15:00:00,16.0,1021.2,45.0,26.9124,75.7873,431.0
AWS-JAI-01,Jaipur Sanganer,2016-01-02 18:00:00,11.0,1021.8,57.0,26.9124,75.7873,431.0
AWS-JAI-01,Jaipur Sanganer,2016-01-02 21:00:00,8.2,1020.9,70.0,26.9124,75.7873,431.0
AWS-JAI-01,Jaipur Sanganer,2016-01-03 00:00:00,6.4,1021.1,70.0,26.9124,75.7873,431.0
AWS-JAI-01,Jaipur Sanganer,2016-01-03 03:00:00,6.2,1022.1,73.0,26.9124,75.7873,431.0
AWS-JAI-01,Jaipur Sanganer,2016-01-03 06:00:00,21.0,1023.2,42.0,26.9124,75.7873,431.0
AWS-JAI-01,Jaipur Sanganer,2016-01-03 09:00:00,26.0,1016.4,20.0,26.9124,75.7873,431.0
AWS-JAI-01,Jaipur Sanganer,2016-01-03 12:00:00,24.0,1016.4,26.0,26.9124,75.7873,431.0
AWS-JAI-01,Jaipur Sanganer,2016-01-03 15:00:00,15.0,1018.9,48.0,26.9124,75.7873,431.0
AWS-JAI-01,Jaipur Sanganer,2016-01-03 18:00:00,11.6,1019.6,58.0,26.9124,75.7873,431.0
AWS-JAI-01,Jaipur Sanganer,2016-01-03 21:00:00,9.0,1019.7,66.0,26.9124,75.7873,431.0
AWS-JAI-01,Jaipur Sanganer,2016-01-04 00:00:00,8.0,1019.1,72.0,26.9124,75.7873,431.0
AWS-JAI-01,Jaipur Sanganer,2016-01-04 03:00:00,8.0,1020.8,67.0,26.9124,75.7873,431.0
AWS-JAI-01,Jaipur Sanganer,2016-01-04 06:00:00,26.0,1018.8,20.0,26.9124,75.7873,431.0
AWS-JAI-01,Jaipur Sanganer,2016-01-04 09:00:00,30.2,1015.0,20.0,26.9124,75.7873,431.0
AWS-JAI-01,Jaipur Sanganer,2016-01-04 12:00:00,26.2,1014.6,42.0,26.9124,75.7873,431.0
AWS-JAI-01,Jaipur Sanganer,2016-01-04 15:00:00,21.8,1017.6,47.0,26.9124,75.7873,431.0
AWS-JAI-01,Jaipur Sanganer,2016-01-04 18:00:00,17.0,1018.9,61.0,26.9124,75.7873,431.0
AWS-JAI-01,Jaipur Sanganer,2016-01-04 21:00:00,14.4,1017.9,68.0,26.9124,75.7873,431.0
AWS-JAI-01,Jaipur Sanganer,2016-01-05 00:00:00,12.8,1017.2,72.0,26.9124,75.7873,431.0
AWS-JAI-01,Jaipur Sanganer,2016-01-05 03:00:00,12.0,1019.0,76.0,26.9124,75.7873,431.0
AWS-JAI-01,Jaipur Sanganer,2016-01-05 06:00:00,26.6,1017.3,30.0,26.9124,75.7873,431.0
AWS-JAI-01,Jaipur Sanganer,2016-01-05 09:00:00,30.0,1013.6,24.0,26.9124,75.7873,431.0
AWS-JAI-01,Jaipur Sanganer,2016-01-05 12:00:00,26.6,1013.4,35.0,26.9124,75.7873,431.0
AWS-JAI-01,Jaipur Sanganer,2016-01-05 15:00:00,20.4,1015.9,53.0,26.9124,75.7873,431.0
AWS-JAI-01,Jaipur Sanganer,2016-01-05 18:00:00,17.4,1017.3,76.0,26.9124,75.7873,431.0
AWS-JAI-01,Jaipur Sanganer,2016-01-05 21:00:00,15.0,1016.9,85.0,26.9124,75.7873,431.0
AWS-JAI-01,Jaipur Sanganer,2016-01-06 00:00:00,12.6,1016.7,93.0,26.9124,75.7873,431.0
AWS-JAI-01,Jaipur Sanganer,2016-01-06 03:00:00,10.0,1019.1,95.0,26.9124,75.7873,431.0
AWS-JAI-01,Jaipur Sanganer,2016-01-06 06:00:00,20.0,1018.0,68.0,26.9124,75.7873,431.0
AWS-JAI-01,Jaipur Sanganer,2016-01-06 09:00:00,25.0,1014.5,45.0,26.9124,75.7873,431.0
AWS-JAI-01,Jaipur Sanganer,2016-01-06 12:00:00,22.4,1014.5,55.0,26.9124,75.7873,431.0
AWS-JAI-01,Jaipur Sanganer,2016-01-06 15:00:00,17.0,1017.7,74.0,26.9124,75.7873,431.0
AWS-JAI-01,Jaipur Sanganer,2016-01-06 18:00:00,14.8,1018.8,81.0,26.9124,75.7873,431.0
AWS-JAI-01,Jaipur Sanganer,2016-01-06 21:00:00,13.8,1018.5,87.0,26.9124,75.7873,431.0
AWS-JAI-01,Jaipur Sanganer,2016-01-07 00:00:00,11.4,1018.3,95.0,26.9124,75.7873,431.0
AWS-JAI-01,Jaipur Sanganer,2016-01-07 03:00:00,11.6,1019.5,94.0,26.9124,75.7873,431.0
AWS-JAI-01,Jaipur Sanganer,2016-01-07 06:00:00,20.0,1019.6,69.0,26.9124,75.7873,431.0
AWS-JAI-01,Jaipur Sanganer,2016-01-07 09:00:00,26.8,1016.9,27.0,26.9124,75.7873,431.0
AWS-JAI-01,Jaipur Sanganer,2016-01-07 12:00:00,24.2,1016.2,48.0,26.9124,75.7873,431.0
AWS-JAI-01,Jaipur Sanganer,2016-01-07 15:00:00,17.6,1018.4,62.0,26.9124,75.7873,431.0
AWS-JAI-01,Jaipur Sanganer,2016-01-07 18:00:00,17.4,1018.6,76.0,26.9124,75.7873,431.0
AWS-JAI-01,Jaipur Sanganer,2016-01-07 21:00:00,17.0,1017.4,80.0,26.9124,75.7873,431.0
AWS-JAI-01,Jaipur Sanganer,2016-01-08 00:00:00,12.4,1018.2,84.0,26.9124,75.7873,431.0
AWS-JAI-01,Jaipur Sanganer,2016-01-08 03:00:00,14.0,1020.6,96.0,26.9124,75.7873,431.0
AWS-JAI-01,Jaipur Sanganer,2016-01-08 06:00:00,16.4,1021.4,90.0,26.9124,75.7873,431.0
AWS-JAI-01,Jaipur Sanganer,2016-01-08 09:00:00,24.0,1017.6,41.0,26.9124,75.7873,431.0
AWS-JAI-01,Jaipur Sanganer,2016-01-08 12:00:00,21.6,1016.7,41.0,26.9124,75.7873,431.0
AWS-JAI-01,Jaipur Sanganer,2016-01-08 15:00:00,16.0,1018.5,63.0,26.9124,75.7873,431.0
AWS-JAI-01,Jaipur Sanganer,2016-01-08 18:00:00,11.6,1018.9,76.0,26.9124,75.7873,431.0
AWS-JAI-01,Jaipur Sanganer,2016-01-08 21:00:00,9.0,1018.2,87.0,26.9124,75.7873,431.0
AWS-JAI-01,Jaipur Sanganer,2016-01-09 00:00:00,7.2,1017.6,91.0,26.9124,75.7873,431.0
AWS-JAI-01,Jaipur Sanganer,2016-01-09 03:00:00,7.0,1018.7,91.0,26.9124,75.7873,431.0
AWS-JAI-01,Jaipur Sanganer,2016-01-09 06:00:00,22.0,1017.7,39.0,26.9124,75.7873,431.0
AWS-JAI-01,Jaipur Sanganer,2016-01-09 09:00:00,25.6,1014.1,26.0,26.9124,75.7873,431.0
AWS-JAI-01,Jaipur Sanganer,2016-01-09 12:00:00,22.6,1014.3,33.0,26.9124,75.7873,431.0
AWS-JAI-01,Jaipur Sanganer,2016-01-09 15:00:00,15.0,1016.2,58.0,26.9124,75.7873,431.0
AWS-JAI-01,Jaipur Sanganer,2016-01-09 18:00:00,11.8,1017.4,71.0,26.9124,75.7873,431.0
AWS-JAI-01,Jaipur Sanganer,2016-01-09 21:00:00,9.0,1017.5,76.0,26.9124,75.7873,431.0
AWS-JAI-01,Jaipur Sanganer,2016-01-10 00:00:00,7.2,1016.6,77.0,26.9124,75.7873,431.0
AWS-JAI-01,Jaipur Sanganer,2016-01-10 03:00:00,8.4,1018.8,73.0,26.9124,75.7873,431.0
AWS-JAI-01,Jaipur Sanganer,2016-01-10 06:00:00,23.8,1018.1,30.0,26.9124,75.7873,431.0
AWS-JAI-01,Jaipur Sanganer,2016-01-10 09:00:00,28.0,1014.6,20.0,26.9124,75.7873,431.0
AWS-JAI-01,Jaipur Sanganer,2016-01-10 12:00:00,24.2,1015.1,32.0,26.9124,75.7873,431.0
AWS-JAI-01,Jaipur Sanganer,2016-01-10 15:00:00,15.4,1018.2,59.0,26.9124,75.7873,431.0
AWS-JAI-01,Jaipur Sanganer,2016-01-10 18:00:00,11.6,1019.4,62.0,26.9124,75.7873,431.0
AWS-JAI-01,Jaipur Sanganer,2016-01-10 21:00:00,9.0,1019.1,66.0,26.9124,75.7873,431.0
AWS-JAI-01,Jaipur Sanganer,2016-01-11 00:00:00,7.0,1019.1,77.0,26.9124,75.7873,431.0
AWS-JAI-01,Jaipur Sanganer,2016-01-11 03:00:00,9.0,1020.2,66.0,26.9124,75.7873,431.0
AWS-JAI-01,Jaipur Sanganer,2016-01-11 06:00:00,25.6,1017.9,32.0,26.9124,75.7873,431.0
AWS-JAI-01,Jaipur Sanganer,2016-01-11 09:00:00,29.0,1014.2,20.0,26.9124,75.7873,431.0
AWS-JAI-01,Jaipur Sanganer,2016-01-11 12:00:00,25.0,1013.8,41.0,26.9124,75.7873,431.0
AWS-JAI-01,Jaipur Sanganer,2016-01-11 15:00:00,18.6,1015.7,50.0,26.9124,75.7873,431.0
AWS-JAI-01,Jaipur Sanganer,2016-01-11 18:00:00,15.8,1016.2,65.0,26.9124,75.7873,431.0
AWS-JAI-01,Jaipur Sanganer,2016-01-11 21:00:00,13.4,1016.2,75.0,26.9124,75.7873,431.0
AWS-JAI-01,Jaipur Sanganer,2016-01-12 00:00:00,9.8,1014.8,89.0,26.9124,75.7873,431.0
AWS-JAI-01,Jaipur Sanganer,2016-01-12 03:00:00,10.0,1016.6,67.0,26.9124,75.7873,431.0
AWS-JAI-01,Jaipur Sanganer,2016-01-12 06:00:00,24.4,1015.2,34.0,26.9124,75.7873,431.0
AWS-JAI-01,Jaipur Sanganer,2016-01-12 09:00:00,28.0,1011.7,23.0,26.9124,75.7873,431.0
AWS-JAI-01,Jaipur Sanganer,2016-01-12 12:00:00,24.2,1011.4,32.0,26.9124,75.7873,431.0
AWS-JAI-01,Jaipur Sanganer,2016-01-12 15:00:00,17.2,1013.7,59.0,26.9124,75.7873,431.0
AWS-JAI-01,Jaipur Sanganer,2016-01-12 18:00:00,18.2,1014.8,60.0,26.9124,75.7873,431.0
AWS-JAI-01,Jaipur Sanganer,2016-01-12 21:00:00,15.2,1014.5,79.0,26.9124,75.7873,431.0
AWS-JAI-01,Jaipur Sanganer,2016-01-13 00:00:00,13.4,1014.9,96.0,26.9124,75.7873,431.0
AWS-JAI-01,Jaipur Sanganer,2016-01-13 03:00:00,13.6,1017.2,88.0,26.9124,75.7873,431.0
AWS-JAI-01,Jaipur Sanganer,2016-01-13 06:00:00,14.6,1018.3,82.0,26.9124,75.7873,431.0
AWS-JAI-01,Jaipur Sanganer,2016-01-13 09:00:00,21.4,1014.4,50.0,26.9124,75.7873,431.0
AWS-JAI-01,Jaipur Sanganer,2016-01-13 12:00:00,18.6,1014.1,61.0,26.9124,75.7873,431.0
AWS-JAI-01,Jaipur Sanganer,2016-01-13 15:00:00,13.0,1017.2,88.0,26.9124,75.7873,431.0
AWS-JAI-01,Jaipur Sanganer,2016-01-13 18:00:00,11.4,1017.4,88.0,26.9124,75.7873,431.0
AWS-JAI-01,Jaipur Sanganer,2016-01-13 21:00:00,9.0,1017.5,92.0,26.9124,75.7873,431.0
AWS-JAI-01,Jaipur Sanganer,2016-01-14 00:00:00,9.0,1016.7,95.0,26.9124,75.7873,431.0
AWS-JAI-01,Jaipur Sanganer,2016-01-14 03:00:00,10.6,1017.4,92.0,26.9124,75.7873,431.0
AWS-JAI-01,Jaipur Sanganer,2016-01-14 06:00:00,13.0,1019.4,82.0,26.9124,75.7873,431.0
AWS-JAI-01,Jaipur Sanganer,2016-01-14 09:00:00,19.0,1015.1,54.0,26.9124,75.7873,431.0
AWS-JAI-01,Jaipur Sanganer,2016-01-14 12:00:00,17.6,1015.1,56.0,26.9124,75.7873,431.0
AWS-JAI-01,Jaipur Sanganer,2016-01-14 15:00:00,13.0,1016.8,77.0,26.9124,75.7873,431.0
AWS-JAI-01,Jaipur Sanganer,2016-01-14 18:00:00,9.6,1017.7,84.0,26.9124,75.7873,431.0
AWS-JAI-01,Jaipur Sanganer,2016-01-14 21:00:00,7.4,1017.3,85.0,26.9124,75.7873,431.0
AWS-JAI-01,Jaipur Sanganer,2016-01-15 00:00:00,9.0,1017.3,100.0,26.9124,75.7873,431.0
AWS-JAI-01,Jaipur Sanganer,2016-01-15 03:00:00,9.6,1018.7,100.0,26.9124,75.7873,431.0
AWS-JAI-01,Jaipur Sanganer,2016-01-15 06:00:00,10.4,1019.9,97.0,26.9124,75.7873,431.0
AWS-JAI-01,Jaipur Sanganer,2016-01-15 09:00:00,13.0,1017.8,77.0,26.9124,75.7873,431.0
AWS-JAI-01,Jaipur Sanganer,2016-01-15 12:00:00,14.0,1016.7,76.0,26.9124,75.7873,431.0
AWS-JAI-01,Jaipur Sanganer,2016-01-15 15:00:00,10.4,1017.8,87.0,26.9124,75.7873,431.0
AWS-JAI-01,Jaipur Sanganer,2016-01-15 18:00:00,7.0,1018.3,91.0,26.9124,75.7873,431.0
AWS-JAI-01,Jaipur Sanganer,2016-01-15 21:00:00,5.0,1017.2,94.0,26.9124,75.7873,431.0
AWS-JAI-01,Jaipur Sanganer,2016-01-16 00:00:00,5.0,1015.9,100.0,26.9124,75.7873,431.0
AWS-JAI-01,Jaipur Sanganer,2016-01-16 03:00:00,7.0,1016.4,100.0,26.9124,75.7873,431.0
AWS-JAI-01,Jaipur Sanganer,2016-01-16 06:00:00,10.0,1017.5,97.0,26.9124,75.7873,431.0
AWS-JAI-01,Jaipur Sanganer,2016-01-16 09:00:00,14.8,1014.2,74.0,26.9124,75.7873,431.0
AWS-JAI-01,Jaipur Sanganer,2016-01-16 12:00:00,16.8,1013.3,62.0,26.9124,75.7873,431.0
AWS-JAI-01,Jaipur Sanganer,2016-01-16 15:00:00,10.2,1015.3,84.0,26.9124,75.7873,431.0
AWS-JAI-01,Jaipur Sanganer,2016-01-16 18:00:00,6.0,1016.4,91.0,26.9124,75.7873,431.0
AWS-JAI-01,Jaipur Sanganer,2016-01-16 21:00:00,5.0,1015.9,91.0,26.9124,75.7873,431.0
AWS-JAI-01,Jaipur Sanganer,2016-01-17 00:00:00,3.4,1016.1,96.0,26.9124,75.7873,431.0
AWS-JAI-01,Jaipur Sanganer,2016-01-17 03:00:00,3.0,1017.6,96.0,26.9124,75.7873,431.0
AWS-JAI-01,Jaipur Sanganer,2016-01-17 06:00:00,18.0,1016.1,53.0,26.9124,75.7873,431.0
AWS-JAI-01,Jaipur Sanganer,2016-01-17 12:00:00,20.0,1013.3,36.0,26.9124,75.7873,431.0
AWS-JAI-01,Jaipur Sanganer,2016-01-17 15:00:00,14.0,1015.6,71.0,26.9124,75.7873,431.0
AWS-JAI-01,Jaipur Sanganer,2016-01-17 18:00:00,10.4,1016.9,82.0,26.9124,75.7873,431.0
AWS-JAI-01,Jaipur Sanganer,2016-01-17 21:00:00,8.4,1016.4,86.0,26.9124,75.7873,431.0
AWS-JAI-01,Jaipur Sanganer,2016-01-18 00:00:00,7.0,1015.9,100.0,26.9124,75.7873,431.0
AWS-JAI-01,Jaipur Sanganer,2016-01-18 03:00:00,7.0,1017.6,100.0,26.9124,75.7873,431.0
AWS-JAI-01,Jaipur Sanganer,2016-01-18 06:00:00,12.0,1018.1,88.0,26.9124,75.7873,431.0
AWS-JAI-01,Jaipur Sanganer,2016-01-18 09:00:00,21.4,1013.3,27.0,26.9124,75.7873,431.0
AWS-JAI-01,Jaipur Sanganer,2016-01-18 12:00:00,19.6,1012.0,30.0,26.9124,75.7873,431.0
AWS-JAI-01,Jaipur Sanganer,2016-01-18 15:00:00,14.0,1014.7,57.0,26.9124,75.7873,431.0
AWS-JAI-01,Jaipur Sanganer,2016-01-18 18:00:00,9.4,1015.2,100.0,26.9124,75.7873,431.0
AWS-JAI-01,Jaipur Sanganer,2016-01-18 21:00:00,9.0,1014.9,100.0,26.9124,75.7873,431.0
AWS-JAI-01,Jaipur Sanganer,2016-01-19 00:00:00,8.2,1014.6,100.0,26.9124,75.7873,431.0
AWS-JAI-01,Jaipur Sanganer,2016-01-19 03:00:00,8.0,1016.1,100.0,26.9124,75.7873,431.0
AWS-JAI-01,Jaipur Sanganer,2016-01-19 06:00:00,12.0,1017.3,81.0,26.9124,75.7873,431.0
AWS-JAI-01,Jaipur Sanganer,2016-01-19 09:00:00,17.0,1014.4,52.0,26.9124,75.7873,431.0
AWS-JAI-01,Jaipur Sanganer,2016-01-19 12:00:00,16.8,1014.2,50.0,26.9124,75.7873,431.0
AWS-JAI-01,Jaipur Sanganer,2016-01-19 15:00:00,12.4,1017.3,65.0,26.9124,75.7873,431.0
AWS-JAI-01,Jaipur Sanganer,2016-01-19 18:00:00,10.0,1018.9,79.0,26.9124,75.7873,431.0
AWS-JAI-01,Jaipur Sanganer,2016-01-19 21:00:00,7.8,1018.6,80.0,26.9124,75.7873,431.0
AWS-JAI-01,Jaipur Sanganer,2016-01-20 00:00:00,7.0,1018.6,100.0,26.9124,75.7873,431.0
AWS-JAI-01,Jaipur Sanganer,2016-01-20 03:00:00,7.4,1019.9,92.0,26.9124,75.7873,431.0
AWS-JAI-01,Jaipur Sanganer,2016-01-20 06:00:00,12.0,1020.1,70.0,26.9124,75.7873,431.0
AWS-JAI-01,Jaipur Sanganer,2016-01-20 09:00:00,19.0,1017.6,41.0,26.9124,75.7873,431.0
AWS-JAI-01,Jaipur Sanganer,2016-01-20 12:00:00,17.8,1017.5,43.0,26.9124,75.7873,431.0
AWS-JAI-01,Jaipur Sanganer,2016-01-20 15:00:00,10.6,1020.5,73.0,26.9124,75.7873,431.0
AWS-JAI-01,Jaipur Sanganer,2016-01-20 18:00:00,9.0,1021.4,87.0,26.9124,75.7873,431.0
AWS-JAI-01,Jaipur Sanganer,2016-01-20 21:00:00,6.2,1021.0,100.0,26.9124,75.7873,431.0
AWS-JAI-01,Jaipur Sanganer,2016-01-21 00:00:00,5.4,1020.5,100.0,26.9124,75.7873,431.0
AWS-JAI-01,Jaipur Sanganer,2016-01-21 03:00:00,5.0,1022.7,100.0,26.9124,75.7873,431.0
AWS-JAI-01,Jaipur Sanganer,2016-01-21 06:00:00,10.0,1023.4,87.0,26.9124,75.7873,431.0
AWS-JAI-01,Jaipur Sanganer,2016-01-21 09:00:00,20.4,1019.2,35.0,26.9124,75.7873,431.0
AWS-JAI-01,Jaipur Sanganer,2016-01-21 12:00:00,19.8,1018.1,34.0,26.9124,75.7873,431.0
AWS-JAI-01,Jaipur Sanganer,2016-01-21 15:00:00,13.4,1019.8,52.0,26.9124,75.7873,431.0
AWS-JAI-01,Jaipur Sanganer,2016-01-21 18:00:00,8.2,1021.2,75.0,26.9124,75.7873,431.0
AWS-JAI-01,Jaipur Sanganer,2016-01-21 21:00:00,5.0,1021.1,78.0,26.9124,75.7873,431.0
AWS-JAI-01,Jaipur Sanganer,2016-01-22 00:00:00,3.6,1019.3,90.0,26.9124,75.7873,431.0
AWS-JAI-01,Jaipur Sanganer,2016-01-22 03:00:00,3.0,1020.4,92.0,26.9124,75.7873,431.0
AWS-JAI-01,Jaipur Sanganer,2016-01-22 09:00:00,26.0,1016.2,14.0,26.9124,75.7873,431.0
AWS-JAI-01,Jaipur Sanganer,2016-01-22 12:00:00,22.0,1016.1,25.0,26.9124,75.7873,431.0
AWS-JAI-01,Jaipur Sanganer,2016-01-22 18:00:00,11.0,1020.5,82.0,26.9124,75.7873,431.0
AWS-JAI-01,Jaipur Sanganer,2016-01-22 21:00:00,8.4,1019.9,95.0,26.9124,75.7873,431.0
AWS-JAI-01,Jaipur Sanganer,2016-01-23 00:00:00,6.6,1019.5,100.0,26.9124,75.7873,431.0
AWS-JAI-01,Jaipur Sanganer,2016-01-23 03:00:00,5.6,1021.5,97.0,26.9124,75.7873,431.0
AWS-JAI-01,Jaipur Sanganer,2016-01-23 06:00:00,15.8,1021.3,56.0,26.9124,75.7873,431.0
AWS-JAI-01,Jaipur Sanganer,2016-01-23 09:00:00,22.8,1017.7,28.0,26.9124,75.7873,431.0
AWS-JAI-01,Jaipur Sanganer,2016-01-23 12:00:00,21.0,1017.7,34.0,26.9124,75.7873,431.0
AWS-JAI-01,Jaipur Sanganer,2016-01-23 15:00:00,14.2,1019.9,65.0,26.9124,75.7873,431.0
AWS-JAI-01,Jaipur Sanganer,2016-01-23 18:00:00,10.0,1021.2,82.0,26.9124,75.7873,431.0
AWS-JAI-01,Jaipur Sanganer,2016-01-23 21:00:00,7.0,1021.1,88.0,26.9124,75.7873,431.0
AWS-JAI-01,Jaipur Sanganer,2016-01-24 00:00:00,7.0,1019.7,100.0,26.9124,75.7873,431.0
AWS-JAI-01,Jaipur Sanganer,2016-01-24 03:00:00,6.6,1020.5,97.0,26.9124,75.7873,431.0
AWS-JAI-01,Jaipur Sanganer,2016-01-24 06:00:00,9.4,1021.3,87.0,26.9124,75.7873,431.0
AWS-JAI-01,Jaipur Sanganer,2016-01-24 09:00:00,15.2,1018.5,60.0,26.9124,75.7873,431.0
AWS-JAI-01,Jaipur Sanganer,2016-01-24 12:00:00,16.0,1017.7,58.0,26.9124,75.7873,431.0
AWS-JAI-01,Jaipur Sanganer,2016-01-24 15:00:00,10.6,1019.6,80.0,26.9124,75.7873,431.0
AWS-JAI-01,Jaipur Sanganer,2016-01-24 18:00:00,7.0,1020.5,91.0,26.9124,75.7873,431.0
AWS-JAI-01,Jaipur Sanganer,2016-01-24 21:00:00,4.4,1019.2,100.0,26.9124,75.7873,431.0
AWS-JAI-01,Jaipur Sanganer,2016-01-25 00:00:00,4.0,1019.3,100.0,26.9124,75.7873,431.0
AWS-JAI-01,Jaipur Sanganer,2016-01-25 03:00:00,4.0,1020.5,100.0,26.9124,75.7873,431.0
AWS-JAI-01,Jaipur Sanganer,2016-01-25 06:00:00,7.2,1020.6,97.0,26.9124,75.7873,431.0
AWS-JAI-01,Jaipur Sanganer,2016-01-25 09:00:00,17.8,1015.8,48.0,26.9124,75.7873,431.0
AWS-JAI-01,Jaipur Sanganer,2016-01-25 12:00:00,18.8,1014.8,32.0,26.9124,75.7873,431.0
AWS-JAI-01,Jaipur Sanganer,2016-01-25 15:00:00,11.6,1016.1,64.0,26.9124,75.7873,431.0
AWS-JAI-01,Jaipur Sanganer,2016-01-25 18:00:00,11.2,1016.9,66.0,26.9124,75.7873,431.0
AWS-JAI-01,Jaipur Sanganer,2016-01-25 21:00:00,8.6,1016.1,86.0,26.9124,75.7873,431.0
AWS-JAI-01,Jaipur Sanganer,2016-01-26 00:00:00,6.8,1015.9,94.0,26.9124,75.7873,431.0
AWS-JAI-01,Jaipur Sanganer,2016-01-26 03:00:00,5.8,1017.3,100.0,26.9124,75.7873,431.0
AWS-JAI-01,Jaipur Sanganer,2016-01-26 06:00:00,17.4,1016.4,57.0,26.9124,75.7873,431.0
AWS-JAI-01,Jaipur Sanganer,2016-01-26 09:00:00,24.8,1012.0,28.0,26.9124,75.7873,431.0
AWS-JAI-01,Jaipur Sanganer,2016-01-26 12:00:00,23.0,1011.6,34.0,26.9124,75.7873,431.0
AWS-JAI-01,Jaipur Sanganer,2016-01-26 15:00:00,17.0,1014.1,68.0,26.9124,75.7873,431.0
AWS-JAI-01,Jaipur Sanganer,2016-01-26 18:00:00,15.0,1014.8,78.0,26.9124,75.7873,431.0
AWS-JAI-01,Jaipur Sanganer,2016-01-26 21:00:00,12.6,1014.6,91.0,26.9124,75.7873,431.0
AWS-JAI-01,Jaipur Sanganer,2016-01-27 00:00:00,10.4,1013.7,95.0,26.9124,75.7873,431.0
AWS-JAI-01,Jaipur Sanganer,2016-01-27 03:00:00,9.0,1016.2,92.0,26.9124,75.7873,431.0
AWS-JAI-01,Jaipur Sanganer,2016-01-27 06:00:00,21.0,1015.6,42.0,26.9124,75.7873,431.0
AWS-JAI-01,Jaipur Sanganer,2016-01-27 09:00:00,26.6,1012.0,29.0,26.9124,75.7873,431.0
AWS-JAI-01,Jaipur Sanganer,2016-01-27 12:00:00,23.8,1012.1,38.0,26.9124,75.7873,431.0
AWS-JAI-01,Jaipur Sanganer,2016-01-27 15:00:00,19.0,1015.0,63.0,26.9124,75.7873,431.0
AWS-JAI-01,Jaipur Sanganer,2016-01-27 18:00:00,16.0,1016.2,79.0,26.9124,75.7873,431.0
AWS-JAI-01,Jaipur Sanganer,2016-01-27 21:00:00,13.8,1016.0,84.0,26.9124,75.7873,431.0
AWS-JAI-01,Jaipur Sanganer,2016-01-28 00:00:00,10.4,1015.9,100.0,26.9124,75.7873,431.0
AWS-JAI-01,Jaipur Sanganer,2016-01-28 03:00:00,10.6,1017.5,100.0,26.9124,75.7873,431.0
AWS-JAI-01,Jaipur Sanganer,2016-01-28 06:00:00,18.2,1018.0,66.0,26.9124,75.7873,431.0
AWS-JAI-01,Jaipur Sanganer,2016-01-28 09:00:00,24.6,1014.2,36.0,26.9124,75.7873,431.0
AWS-JAI-01,Jaipur Sanganer,2016-01-28 12:00:00,23.4,1013.8,42.0,26.9124,75.7873,431.0
AWS-JAI-01,Jaipur Sanganer,2016-01-28 15:00:00,17.0,1016.3,66.0,26.9124,75.7873,431.0
AWS-JAI-01,Jaipur Sanganer,2016-01-28 18:00:00,16.4,1017.9,58.0,26.9124,75.7873,431.0
AWS-JAI-01,Jaipur Sanganer,2016-01-28 21:00:00,14.4,1016.5,68.0,26.9124,75.7873,431.0
AWS-JAI-01,Jaipur Sanganer,2016-01-29 00:00:00,13.4,1016.5,77.0,26.9124,75.7873,431.0
AWS-JAI-01,Jaipur Sanganer,2016-01-29 03:00:00,13.4,1018.3,77.0,26.9124,75.7873,431.0
AWS-JAI-01,Jaipur Sanganer,2016-01-29 06:00:00,22.0,1018.0,50.0,26.9124,75.7873,431.0
AWS-JAI-01,Jaipur Sanganer,2016-01-29 09:00:00,27.8,1014.8,35.0,26.9124,75.7873,431.0
AWS-JAI-01,Jaipur Sanganer,2016-01-29 12:00:00,26.4,1013.5,43.0,26.9124,75.7873,431.0
AWS-JAI-01,Jaipur Sanganer,2016-01-29 15:00:00,21.0,1015.2,62.0,26.9124,75.7873,431.0
AWS-JAI-01,Jaipur Sanganer,2016-01-29 18:00:00,18.0,1016.0,78.0,26.9124,75.7873,431.0
AWS-JAI-01,Jaipur Sanganer,2016-01-29 21:00:00,16.6,1013.9,85.0,26.9124,75.7873,431.0
AWS-JAI-01,Jaipur Sanganer,2016-01-30 00:00:00,14.0,1014.3,89.0,26.9124,75.7873,431.0
AWS-JAI-01,Jaipur Sanganer,2016-01-30 03:00:00,13.4,1016.4,88.0,26.9124,75.7873,431.0
AWS-JAI-01,Jaipur Sanganer,2016-01-30 06:00:00,26.4,1016.0,42.0,26.9124,75.7873,431.0
AWS-JAI-01,Jaipur Sanganer,2016-01-30 09:00:00,28.4,1013.5,39.0,26.9124,75.7873,431.0
AWS-JAI-01,Jaipur Sanganer,2016-01-30 12:00:00,26.6,1012.6,43.0,26.9124,75.7873,431.0
AWS-JAI-01,Jaipur Sanganer,2016-01-30 15:00:00,21.4,1014.9,60.0,26.9124,75.7873,431.0
AWS-JAI-01,Jaipur Sanganer,2016-01-30 18:00:00,18.0,1016.5,84.0,26.9124,75.7873,431.0
AWS-JAI-01,Jaipur Sanganer,2016-01-30 21:00:00,15.6,1015.8,89.0,26.9124,75.7873,431.0
AWS-JAI-01,Jaipur Sanganer,2016-01-31 00:00:00,14.4,1015.1,94.0,26.9124,75.7873,431.0
AWS-JAI-01,Jaipur Sanganer,2016-01-31 03:00:00,13.8,1017.5,91.0,26.9124,75.7873,431.0
AWS-JAI-01,Jaipur Sanganer,2016-01-31 06:00:00,18.0,1018.4,71.0,26.9124,75.7873,431.0
AWS-JAI-01,Jaipur Sanganer,2016-01-31 09:00:00,21.8,1015.5,39.0,26.9124,75.7873,431.0
AWS-JAI-01,Jaipur Sanganer,2016-01-31 12:00:00,21.6,1015.4,41.0,26.9124,75.7873,431.0
AWS-JAI-01,Jaipur Sanganer,2016-01-31 15:00:00,17.4,1017.1,44.0,26.9124,75.7873,431.0
AWS-JAI-01,Jaipur Sanganer,2016-01-31 18:00:00,14.4,1018.7,63.0,26.9124,75.7873,431.0
AWS-JAI-01,Jaipur Sanganer,2016-01-31 21:00:00,11.8,1018.6,77.0,26.9124,75.7873,431.0
AWS-JAI-01,Jaipur Sanganer,2016-02-01 00:00:00,8.0,1018.8,86.0,26.9124,75.7873,431.0
AWS-JAI-01,Jaipur Sanganer,2016-02-01 03:00:00,6.2,1020.2,94.0,26.9124,75.7873,431.0
AWS-JAI-01,Jaipur Sanganer,2016-02-01 06:00:00,21.4,1014.9,41.0,26.9124,75.7873,431.0
AWS-JAI-01,Jaipur Sanganer,2016-02-01 09:00:00,23.6,1016.6,25.0,26.9124,75.7873,431.0
AWS-JAI-01,Jaipur Sanganer,2016-02-01 12:00:00,22.4,1015.3,21.0,26.9124,75.7873,431.0
AWS-JAI-01,Jaipur Sanganer,2016-02-01 15:00:00,17.0,1018.1,36.0,26.9124,75.7873,431.0
AWS-JAI-01,Jaipur Sanganer,2016-02-01 18:00:00,12.0,1019.8,54.0,26.9124,75.7873,431.0
AWS-JAI-01,Jaipur Sanganer,2016-02-01 21:00:00,8.2,1019.1,65.0,26.9124,75.7873,431.0
AWS-JAI-01,Jaipur Sanganer,2016-02-02 00:00:00,5.8,1018.8,76.0,26.9124,75.7873,431.0
AWS-JAI-01,Jaipur Sanganer,2016-02-02 03:00:00,5.6,1020.5,79.0,26.9124,75.7873,431.0
AWS-JAI-01,Jaipur Sanganer,2016-02-02 06:00:00,20.4,1020.4,30.0,26.9124,75.7873,431.0
AWS-JAI-01,Jaipur Sanganer,2016-02-02 09:00:00,24.2,1017.4,20.0,26.9124,75.7873,431.0
AWS-JAI-01,Jaipur Sanganer,2016-02-02 12:00:00,22.0,1018.6,23.0,26.9124,75.7873,431.0
AWS-JAI-01,Jaipur Sanganer,2016-02-02 15:00:00,14.6,1019.5,38.0,26.9124,75.7873,431.0
AWS-JAI-01,Jaipur Sanganer,2016-02-02 18:00:00,10.8,1020.6,59.0,26.9124,75.7873,431.0
AWS-JAI-01,Jaipur Sanganer,2016-02-02 21:00:00,7.8,1020.3,64.0,26.9124,75.7873,431.0
AWS-JAI-01,Jaipur Sanganer,2016-02-03 00:00:00,5.4,1019.5,69.0,26.9124,75.7873,431.0
AWS-JAI-01,Jaipur Sanganer,2016-02-03 03:00:00,5.4,1021.4,78.0,26.9124,75.7873,431.0
AWS-JAI-01,Jaipur Sanganer,2016-02-03 06:00:00,21.2,1020.7,29.0,26.9124,75.7873,431.0
AWS-JAI-01,Jaipur Sanganer,2016-02-03 09:00:00,24.4,1017.1,19.0,26.9124,75.7873,431.0
AWS-JAI-01,Jaipur Sanganer,2016-02-03 12:00:00,22.0,1016.8,23.0,26.9124,75.7873,431.0
AWS-JAI-01,Jaipur Sanganer,2016-02-03 21:00:00,6.2,1019.4,67.0,26.9124,75.7873,431.0
AWS-JAI-01,Jaipur Sanganer,2016-02-04 00:00:00,4.0,1019.0,74.0,26.9124,75.7873,431.0
AWS-JAI-01,Jaipur Sanganer,2016-02-04 03:00:00,6.4,1020.6,59.0,26.9124,75.7873,431.0
AWS-JAI-01,Jaipur Sanganer,2016-02-04 06:00:00,21.6,1019.5,27.0,26.9124,75.7873,431.0
AWS-JAI-01,Jaipur Sanganer,2016-02-04 09:00:00,25.0,1016.6,18.0,26.9124,75.7873,431.0
AWS-JAI-01,Jaipur Sanganer,2016-02-04 12:00:00,23.0,1015.9,21.0,26.9124,75.7873,431.0
AWS-JAI-01,Jaipur Sanganer,2016-02-04 15:00:00,17.2,1017.7,35.0,26.9124,75.7873,431.0
AWS-JAI-01,Jaipur Sanganer,2016-02-04 18:00:00,12.0,1019.0,58.0,26.9124,75.7873,431.0
AWS-JAI-01,Jaipur Sanganer,2016-02-04 21:00:00,8.4,1018.9,67.0,26.9124,75.7873,431.0
AWS-JAI-01,Jaipur Sanganer,2016-02-05 00:00:00,6.0,1018.1,70.0,26.9124,75.7873,431.0
AWS-JAI-01,Jaipur Sanganer,2016-02-05 03:00:00,6.4,1019.4,70.0,26.9124,75.7873,431.0
AWS-JAI-01,Jaipur Sanganer,2016-02-05 06:00:00,22.4,1018.3,24.0,26.9124,75.7873,431.0
AWS-JAI-01,Jaipur Sanganer,2016-02-05 12:00:00,24.4,1013.1,19.0,26.9124,75.7873,431.0
AWS-JAI-01,Jaipur Sanganer,2016-02-05 18:00:00,12.4,1015.0,56.0,26.9124,75.7873,431.0
AWS-JAI-01,Jaipur Sanganer,2016-02-06 00:00:00,7.4,1013.4,75.0,26.9124,75.7873,431.0
AWS-JAI-01,Jaipur Sanganer,2016-02-06 03:00:00,7.8,1014.2,75.0,26.9124,75.7873,431.0
AWS-JAI-01,Jaipur Sanganer,2016-02-06 06:00:00,24.4,1009.8,27.0,26.9124,75.7873,431.0
AWS-JAI-01,Jaipur Sanganer,2016-02-06 12:00:00,26.4,1008.6,28.0,26.9124,75.7873,431.0
AWS-JAI-01,Jaipur Sanganer,2016-02-06 15:00:00,19.4,1010.8,50.0,26.9124,75.7873,431.0
AWS-JAI-01,Jaipur Sanganer,2016-02-06 18:00:00,17.6,1012.2,60.0,26.9124,75.7873,431.0
AWS-JAI-01,Jaipur Sanganer,2016-02-06 21:00:00,15.4,1011.6,66.0,26.9124,75.7873,431.0
AWS-JAI-01,Jaipur Sanganer,2016-02-07 00:00:00,15.0,1012.7,76.0,26.9124,75.7873,431.0
AWS-JAI-01,Jaipur Sanganer,2016-02-07 03:00:00,13.6,1016.0,77.0,26.9124,75.7873,431.0
AWS-JAI-01,Jaipur Sanganer,2016-02-07 06:00:00,22.0,1016.9,50.0,26.9124,75.7873,431.0
AWS-JAI-01,Jaipur Sanganer,2016-02-07 09:00:00,25.4,1014.2,28.0,26.9124,75.7873,431.0
AWS-JAI-01,Jaipur Sanganer,2016-02-07 12:00:00,24.0,1013.8,26.0,26.9124,75.7873,431.0
AWS-JAI-01,Jaipur Sanganer,2016-02-07 15:00:00,19.4,1016.9,47.0,26.9124,75.7873,431.0
AWS-JAI-01,Jaipur Sanganer,2016-02-07 18:00:00,16.0,1018.3,75.0,26.9124,75.7873,431.0
AWS-JAI-01,Jaipur Sanganer,2016-02-07 21:00:00,13.8,1017.2,91.0,26.9124,75.7873,431.0
AWS-JAI-01,Jaipur Sanganer,2016-02-08 00:00:00,12.4,1017.7,100.0,26.9124,75.7873,431.0
AWS-JAI-01,Jaipur Sanganer,2016-02-08 03:00:00,11.0,1019.4,100.0,26.9124,75.7873,431.0
AWS-JAI-01,Jaipur Sanganer,2016-02-08 06:00:00,16.6,1019.8,84.0,26.9124,75.7873,431.0
AWS-JAI-01,Jaipur Sanganer,2016-02-08 09:00:00,24.0,1016.8,37.0,26.9124,75.7873,431.0
AWS-JAI-01,Jaipur Sanganer,2016-02-08 12:00:00,22.4,1015.6,36.0,26.9124,75.7873,431.0
AWS-JAI-01,Jaipur Sanganer,2016-02-08 15:00:00,16.4,1017.5,56.0,26.9124,75.7873,431.0
AWS-JAI-01,Jaipur Sanganer,2016-02-08 18:00:00,10.8,1018.0,77.0,26.9124,75.7873,431.0
AWS-JAI-01,Jaipur Sanganer,2016-02-08 21:00:00,10.8,1018.0,77.0,26.9124,75.7873,431.0
AWS-JAI-01,Jaipur Sanganer,2016-02-09 00:00:00,7.4,1017.6,85.0,26.9124,75.7873,431.0
AWS-JAI-01,Jaipur Sanganer,2016-02-09 03:00:00,8.4,1018.6,86.0,26.9124,75.7873,431.0
AWS-JAI-01,Jaipur Sanganer,2016-02-09 06:00:00,21.4,1017.2,42.0,26.9124,75.7873,431.0
AWS-JAI-01,Jaipur Sanganer,2016-02-09 09:00:00,25.6,1014.2,27.0,26.9124,75.7873,431.0
AWS-JAI-01,Jaipur Sanganer,2016-02-09 12:00:00,25.4,1012.3,29.0,26.9124,75.7873,431.0
AWS-JAI-01,Jaipur Sanganer,2016-02-09 15:00:00,18.6,1013.9,44.0,26.9124,75.7873,431.0
AWS-JAI-01,Jaipur Sanganer,2016-02-09 18:00:00,14.0,1014.5,67.0,26.9124,75.7873,431.0
AWS-JAI-01,Jaipur Sanganer,2016-02-09 21:00:00,10.8,1013.8,73.0,26.9124,75.7873,431.0
AWS-JAI-01,Jaipur Sanganer,2016-02-10 00:00:00,9.0,1013.5,82.0,26.9124,75.7873,431.0
AWS-JAI-01,Jaipur Sanganer,2016-02-10 03:00:00,8.8,1015.1,81.0,26.9124,75.7873,431.0
AWS-JAI-01,Jaipur Sanganer,2016-02-10 06:00:00,25.8,1014.1,33.0,26.9124,75.7873,431.0
AWS-JAI-01,Jaipur Sanganer,2016-02-10 09:00:00,29.6,1010.0,19.0,26.9124,75.7873,431.0
AWS-JAI-01,Jaipur Sanganer,2016-02-10 12:00:00,27.0,1008.4,26.0,26.9124,75.7873,431.0
AWS-JAI-01,Jaipur Sanganer,2016-02-10 15:00:00,19.0,1008.7,41.0,26.9124,75.7873,431.0
AWS-JAI-01,Jaipur Sanganer,2016-02-10 18:00:00,15.4,1010.1,49.0,26.9124,75.7873,431.0
AWS-JAI-01,Jaipur Sanganer,2016-02-10 21:00:00,12.4,1010.2,56.0,26.9124,75.7873,431.0
AWS-JAI-01,Jaipur Sanganer,2016-02-11 00:00:00,11.6,1009.0,58.0,26.9124,75.7873,431.0
AWS-JAI-01,Jaipur Sanganer,2016-02-11 03:00:00,12.0,1011.1,41.0,26.9124,75.7873,431.0
AWS-JAI-01,Jaipur Sanganer,2016-02-11 06:00:00,21.6,1011.8,24.0,26.9124,75.7873,431.0
AWS-JAI-01,Jaipur Sanganer,2016-02-11 09:00:00,25.6,1009.4,15.0,26.9124,75.7873,431.0
AWS-JAI-01,Jaipur Sanganer,2016-02-11 12:00:00,23.0,1010.0,16.0,26.9124,75.7873,431.0
AWS-JAI-01,Jaipur Sanganer,2016-02-11 18:00:00,14.4,1014.8,44.0,26.9124,75.7873,431.0
AWS-JAI-01,Jaipur Sanganer,2016-02-11 21:00:00,12.0,1014.7,54.0,26.9124,75.7873,431.0
AWS-JAI-01,Jaipur Sanganer,2016-02-12 00:00:00,9.8,1014.6,60.0,26.9124,75.7873,431.0
AWS-JAI-01,Jaipur Sanganer,2016-02-12 03:00:00,9.6,1015.3,72.0,26.9124,75.7873,431.0
AWS-JAI-01,Jaipur Sanganer,2016-02-12 06:00:00,21.0,1014.2,27.0,26.9124,75.7873,431.0
AWS-JAI-01,Jaipur Sanganer,2016-02-12 12:00:00,25.4,1007.4,27.0,26.9124,75.7873,431.0
AWS-JAI-01,Jaipur Sanganer,2016-02-12 15:00:00,19.8,1012.0,34.0,26.9124,75.7873,431.0
AWS-JAI-01,Jaipur Sanganer,2016-02-12 18:00:00,16.0,1013.3,54.0,26.9124,75.7873,431.0
AWS-JAI-01,Jaipur Sanganer,2016-02-12 21:00:00,13.8,1013.0,63.0,26.9124,75.7873,431.0
AWS-JAI-01,Jaipur Sanganer,2016-02-13 03:00:00,12.2,1015.1,70.0,26.9124,75.7873,431.0
AWS-JAI-01,Jaipur Sanganer,2016-02-13 06:00:00,20.6,1016.0,36.0,26.9124,75.7873,431.0
AWS-JAI-01,Jaipur Sanganer,2016-02-13 09:00:00,23.2,1013.2,33.0,26.9124,75.7873,431.0
AWS-JAI-01,Jaipur Sanganer,2016-02-13 12:00:00,22.4,1013.7,36.0,26.9124,75.7873,431.0
AWS-JAI-01,Jaipur Sanganer,2016-02-13 15:00:00,17.4,1016.9,52.0,26.9124,75.7873,431.0
AWS-JAI-01,Jaipur Sanganer,2016-02-13 18:00:00,14.0,1018.4,67.0,26.9124,75.7873,431.0
AWS-JAI-01,Jaipur Sanganer,2016-02-13 21:00:00,11.0,1018.4,75.0,26.9124,75.7873,431.0
AWS-JAI-01,Jaipur Sanganer,2016-02-14 00:00:00,8.6,1017.9,86.0,26.9124,75.7873,431.0
AWS-JAI-01,Jaipur Sanganer,2016-02-14 03:00:00,8.4,1020.0,86.0,26.9124,75.7873,431.0
AWS-JAI-01,Jaipur Sanganer,2016-02-14 06:00:00,20.4,1019.6,45.0,26.9124,75.7873,431.0
AWS-JAI-01,Jaipur Sanganer,2016-02-14 09:00:00,23.8,1016.5,30.0,26.9124,75.7873,431.0
AWS-JAI-01,Jaipur Sanganer,2016-02-14 12:00:00,23.4,1015.5,27.0,26.9124,75.7873,431.0
AWS-JAI-01,Jaipur Sanganer,2016-02-14 15:00:00,16.4,1017.9,42.0,26.9124,75.7873,431.0
AWS-JAI-01,Jaipur Sanganer,2016-02-14 18:00:00,15.4,1019.5,49.0,26.9124,75.7873,431.0
AWS-JAI-01,Jaipur Sanganer,2016-02-14 21:00:00,13.0,1019.3,56.0,26.9124,75.7873,431.0
AWS-JAI-01,Jaipur Sanganer,2016-02-15 00:00:00,9.4,1019.4,68.0,26.9124,75.7873,431.0
AWS-JAI-01,Jaipur Sanganer,2016-02-15 03:00:00,10.4,1020.9,70.0,26.9124,75.7873,431.0
AWS-JAI-01,Jaipur Sanganer,2016-02-15 06:00:00,20.4,1020.5,44.0,26.9124,75.7873,431.0
AWS-JAI-01,Jaipur Sanganer,2016-02-15 09:00:00,24.0,1017.9,23.0,26.9124,75.7873,431.0
AWS-JAI-01,Jaipur Sanganer,2016-02-15 18:00:00,13.8,1020.8,58.0,26.9124,75.7873,431.0
AWS-JAI-01,Jaipur Sanganer,2016-02-15 21:00:00,10.0,1020.6,67.0,26.9124,75.7873,431.0
AWS-JAI-01,Jaipur Sanganer,2016-02-16 00:00:00,6.6,1020.8,77.0,26.9124,75.7873,431.0
AWS-JAI-01,Jaipur Sanganer,2016-02-16 03:00:00,5.6,1022.7,82.0,26.9124,75.7873,431.0
AWS-JAI-01,Jaipur Sanganer,2016-02-16 06:00:00,21.2,1021.6,31.0,26.9124,75.7873,431.0
AWS-JAI-01,Jaipur Sanganer,2016-02-16 09:00:00,24.8,1018.4,16.0,26.9124,75.7873,431.0
AWS-JAI-01,Jaipur Sanganer,2016-02-16 12:00:00,23.6,1017.4,19.0,26.9124,75.7873,431.0
AWS-JAI-01,Jaipur Sanganer,2016-02-16 15:00:00,18.4,1020.0,37.0,26.9124,75.7873,431.0
AWS-JAI-01,Jaipur Sanganer,2016-02-16 18:00:00,15.0,1021.5,48.0,26.9124,75.7873,431.0
AWS-JAI-01,Jaipur Sanganer,2016-02-16 21:00:00,12.0,1021.3,54.0,26.9124,75.7873,431.0
AWS-JAI-01,Jaipur Sanganer,2016-02-17 00:00:00,12.8,1020.3,57.0,26.9124,75.7873,431.0
AWS-JAI-01,Jaipur Sanganer,2016-02-17 03:00:00,12.2,1021.8,61.0,26.9124,75.7873,431.0
AWS-JAI-01,Jaipur Sanganer,2016-02-17 06:00:00,20.0,1022.1,24.0,26.9124,75.7873,431.0
AWS-JAI-01,Jaipur Sanganer,2016-02-17 09:00:00,25.0,1018.0,20.0,26.9124,75.7873,431.0
AWS-JAI-01,Jaipur Sanganer,2016-02-17 12:00:00,24.2,1016.6,22.0,26.9124,75.7873,431.0
AWS-JAI-01,Jaipur Sanganer,2016-02-17 15:00:00,19.6,1017.6,42.0,26.9124,75.7873,431.0
AWS-JAI-01,Jaipur Sanganer,2016-02-17 18:00:00,16.2,1018.8,71.0,26.9124,75.7873,431.0
AWS-JAI-01,Jaipur Sanganer,2016-02-18 00:00:00,14.0,1018.5,84.0,26.9124,75.7873,431.0
AWS-JAI-01,Jaipur Sanganer,2016-02-18 03:00:00,13.8,1020.6,84.0,26.9124,75.7873,431.0
AWS-JAI-01,Jaipur Sanganer,2016-02-18 06:00:00,19.4,1020.1,53.0,26.9124,75.7873,431.0
AWS-JAI-01,Jaipur Sanganer,2016-02-18 09:00:00,18.4,1018.1,71.0,26.9124,75.7873,431.0
AWS-JAI-01,Jaipur Sanganer,2016-02-18 18:00:00,16.6,1016.7,79.0,26.9124,75.7873,431.0
AWS-JAI-01,Jaipur Sanganer,2016-02-18 21:00:00,14.4,1016.4,89.0,26.9124,75.7873,431.0
AWS-JAI-01,Jaipur Sanganer,2016-02-19 00:00:00,14.4,1015.7,89.0,26.9124,75.7873,431.0
AWS-JAI-01,Jaipur Sanganer,2016-02-19 03:00:00,17.4,1017.2,76.0,26.9124,75.7873,431.0
AWS-JAI-01,Jaipur Sanganer,2016-02-19 06:00:00,23.0,1017.8,56.0,26.9124,75.7873,431.0
AWS-JAI-01,Jaipur Sanganer,2016-02-19 09:00:00,25.8,1014.1,46.0,26.9124,75.7873,431.0
AWS-JAI-01,Jaipur Sanganer,2016-02-19 12:00:00,25.0,1012.6,51.0,26.9124,75.7873,431.0
AWS-JAI-01,Jaipur Sanganer,2016-02-19 15:00:00,22.4,1013.8,63.0,26.9124,75.7873,431.0
AWS-JAI-01,Jaipur Sanganer,2016-02-19 18:00:00,20.4,1014.2,71.0,26.9124,75.7873,431.0
AWS-JAI-01,Jaipur Sanganer,2016-02-19 21:00:00,20.0,1013.7,81.0,26.9124,75.7873,431.0
AWS-JAI-01,Jaipur Sanganer,2016-02-20 00:00:00,20.2,1013.9,81.0,26.9124,75.7873,431.0
AWS-JAI-01,Jaipur Sanganer,2016-02-20 03:00:00,17.6,1016.8,90.0,26.9124,75.7873,431.0
AWS-JAI-01,Jaipur Sanganer,2016-02-20 06:00:00,25.0,1016.6,57.0,26.9124,75.7873,431.0
AWS-JAI-01,Jaipur Sanganer,2016-02-20 09:00:00,27.0,1014.3,48.0,26.9124,75.7873,431.0
AWS-JAI-01,Jaipur Sanganer,2016-02-20 12:00:00,25.2,1014.0,45.0,26.9124,75.7873,431.0
AWS-JAI-01,Jaipur Sanganer,2016-02-20 15:00:00,20.2,1016.4,62.0,26.9124,75.7873,431.0
AWS-JAI-01,Jaipur Sanganer,2016-02-20 18:00:00,16.4,1017.7,75.0,26.9124,75.7873,431.0
AWS-JAI-01,Jaipur Sanganer,2016-02-20 21:00:00,13.2,1018.0,88.0,26.9124,75.7873,431.0
AWS-JAI-01,Jaipur Sanganer,2016-02-21 00:00:00,10.6,1017.0,92.0,26.9124,75.7873,431.0
AWS-JAI-01,Jaipur Sanganer,2016-02-21 03:00:00,9.8,1019.0,100.0,26.9124,75.7873,431.0
AWS-JAI-01,Jaipur Sanganer,2016-02-21 06:00:00,23.4,1018.4,48.0,26.9124,75.7873,431.0
AWS-JAI-01,Jaipur Sanganer,2016-02-21 09:00:00,28.4,1014.9,19.0,26.9124,75.7873,431.0
AWS-JAI-01,Jaipur Sanganer,2016-02-21 12:00:00,26.6,1013.5,21.0,26.9124,75.7873,431.0
AWS-JAI-01,Jaipur Sanganer,2016-02-21 15:00:00,19.0,1016.1,43.0,26.9124,75.7873,431.0
AWS-JAI-01,Jaipur Sanganer,2016-02-21 18:00:00,13.4,1017.5,56.0,26.9124,75.7873,431.0
AWS-JAI-01,Jaipur Sanganer,2016-02-21 21:00:00,9.6,1016.8,69.0,26.9124,75.7873,431.0
AWS-JAI-01,Jaipur Sanganer,2016-02-22 00:00:00,7.2,1016.4,74.0,26.9124,75.7873,431.0
AWS-JAI-01,Jaipur Sanganer,2016-02-22 03:00:00,8.6,1018.6,65.0,26.9124,75.7873,431.0
AWS-JAI-01,Jaipur Sanganer,2016-02-22 06:00:00,27.0,1017.3,21.0,26.9124,75.7873,431.0
AWS-JAI-01,Jaipur Sanganer,2016-02-22 09:00:00,31.0,1014.5,14.0,26.9124,75.7873,431.0
AWS-JAI-01,Jaipur Sanganer,2016-02-22 12:00:00,29.6,1013.6,14.0,26.9124,75.7873,431.0
AWS-JAI-01,Jaipur Sanganer,2016-02-22 15:00:00,19.6,1015.0,36.0,26.9124,75.7873,431.0
AWS-JAI-01,Jaipur Sanganer,2016-02-22 18:00:00,14.2,1016.2,49.0,26.9124,75.7873,431.0
AWS-JAI-01,Jaipur Sanganer,2016-02-22 21:00:00,11.2,1015.1,59.0,26.9124,75.7873,431.0
AWS-JAI-01,Jaipur Sanganer,2016-02-23 00:00:00,8.4,1015.1,60.0,26.9124,75.7873,431.0
AWS-JAI-01,Jaipur Sanganer,2016-02-23 03:00:00,10.6,1016.4,52.0,26.9124,75.7873,431.0
AWS-JAI-01,Jaipur Sanganer,2016-02-23 06:00:00,29.4,1014.7,15.0,26.9124,75.7873,431.0
AWS-JAI-01,Jaipur Sanganer,2016-02-23 09:00:00,32.6,1010.9,10.0,26.9124,75.7873,431.0
AWS-JAI-01,Jaipur Sanganer,2016-02-23 12:00:00,30.4,1009.5,12.0,26.9124,75.7873,431.0
AWS-JAI-01,Jaipur Sanganer,2016-02-23 15:00:00,23.2,1011.8,26.0,26.9124,75.7873,431.0
AWS-JAI-01,Jaipur Sanganer,2016-02-23 18:00:00,15.0,1013.8,43.0,26.9124,75.7873,431.0
AWS-JAI-01,Jaipur Sanganer,2016-02-23 21:00:00,11.8,1013.6,54.0,26.9124,75.7873,431.0
AWS-JAI-01,Jaipur Sanganer,2016-02-24 00:00:00,9.8,1012.7,45.0,26.9124,75.7873,431.0
AWS-JAI-01,Jaipur Sanganer,2016-02-24 03:00:00,13.2,1014.2,35.0,26.9124,75.7873,431.0
AWS-JAI-01,Jaipur Sanganer,2016-02-24 06:00:00,30.2,1012.8,17.0,26.9124,75.7873,431.0
AWS-JAI-01,Jaipur Sanganer,2016-02-24 09:00:00,33.2,1010.1,10.0,26.9124,75.7873,431.0
AWS-JAI-01,Jaipur Sanganer,2016-02-24 12:00:00,30.8,1008.9,13.0,26.9124,75.7873,431.0
AWS-JAI-01,Jaipur Sanganer,2016-02-24 15:00:00,21.0,1011.9,36.0,26.9124,75.7873,431.0
AWS-JAI-01,Jaipur Sanganer,2016-02-24 18:00:00,19.2,1013.4,42.0,26.9124,75.7873,431.0
AWS-JAI-01,Jaipur Sanganer,2016-02-24 21:00:00,16.6,1013.1,49.0,26.9124,75.7873,431.0
AWS-JAI-01,Jaipur Sanganer,2016-02-25 00:00:00,11.0,1014.2,57.0,26.9124,75.7873,431.0
AWS-JAI-01,Jaipur Sanganer,2016-02-25 03:00:00,11.4,1016.2,57.0,26.9124,75.7873,431.0
AWS-JAI-01,Jaipur Sanganer,2016-02-25 06:00:00,32.2,1014.2,14.0,26.9124,75.7873,431.0
AWS-JAI-01,Jaipur Sanganer,2016-02-25 09:00:00,35.0,1012.0,10.0,26.9124,75.7873,431.0
AWS-JAI-01,Jaipur Sanganer,2016-02-25 12:00:00,32.0,1011.4,13.0,26.9124,75.7873,431.0
AWS-JAI-01,Jaipur Sanganer,2016-02-25 15:00:00,26.0,1014.5,34.0,26.9124,75.7873,431.0
AWS-JAI-01,Jaipur Sanganer,2016-02-25 18:00:00,21.8,1015.8,44.0,26.9124,75.7873,431.0
AWS-JAI-01,Jaipur Sanganer,2016-02-25 21:00:00,18.2,1016.3,57.0,26.9124,75.7873,431.0
AWS-JAI-01,Jaipur Sanganer,2016-02-26 00:00:00,13.8,1017.0,67.0,26.9124,75.7873,431.0
AWS-JAI-01,Jaipur Sanganer,2016-02-26 03:00:00,14.4,1019.4,65.0,26.9124,75.7873,431.0
AWS-JAI-01,Jaipur Sanganer,2016-02-26 06:00:00,31.0,1018.3,24.0,26.9124,75.7873,431.0
AWS-JAI-01,Jaipur Sanganer,2016-02-26 09:00:00,33.0,1015.9,13.0,26.9124,75.7873,431.0
AWS-JAI-01,Jaipur Sanganer,2016-02-26 12:00:00,31.6,1014.7,14.0,26.9124,75.7873,431.0
AWS-JAI-01,Jaipur Sanganer,2016-02-26 15:00:00,25.4,1016.4,41.0,26.9124,75.7873,431.0
AWS-JAI-01,Jaipur Sanganer,2016-02-26 21:00:00,14.6,1017.9,66.0,26.9124,75.7873,431.0
AWS-JAI-01,Jaipur Sanganer,2016-02-27 00:00:00,13.4,1017.8,79.0,26.9124,75.7873,431.0
AWS-JAI-01,Jaipur Sanganer,2016-02-27 03:00:00,14.0,1020.5,67.0,26.9124,75.7873,431.0
AWS-JAI-01,Jaipur Sanganer,2016-02-27 06:00:00,29.4,1018.4,28.0,26.9124,75.7873,431.0
AWS-JAI-01,Jaipur Sanganer,2016-02-27 09:00:00,33.2,1015.4,16.0,26.9124,75.7873,431.0
AWS-JAI-01,Jaipur Sanganer,2016-02-27 12:00:00,32.0,1014.4,15.0,26.9124,75.7873,431.0
AWS-JAI-01,Jaipur Sanganer,2016-02-27 15:00:00,25.0,1016.8,43.0,26.9124,75.7873,431.0
AWS-JAI-01,Jaipur Sanganer,2016-02-27 18:00:00,21.0,1017.6,60.0,26.9124,75.7873,431.0
AWS-JAI-01,Jaipur Sanganer,2016-02-27 21:00:00,18.2,1017.5,69.0,26.9124,75.7873,431.0
AWS-JAI-01,Jaipur Sanganer,2016-02-28 00:00:00,15.0,1017.5,78.0,26.9124,75.7873,431.0
AWS-JAI-01,Jaipur Sanganer,2016-02-28 03:00:00,14.4,1020.3,80.0,26.9124,75.7873,431.0
AWS-JAI-01,Jaipur Sanganer,2016-02-28 06:00:00,29.4,1019.1,28.0,26.9124,75.7873,431.0
AWS-JAI-01,Jaipur Sanganer,2016-02-28 09:00:00,33.6,1015.4,17.0,26.9124,75.7873,431.0
AWS-JAI-01,Jaipur Sanganer,2016-02-28 12:00:00,31.6,1014.5,18.0,26.9124,75.7873,431.0
AWS-JAI-01,Jaipur Sanganer,2016-02-28 15:00:00,25.4,1017.5,41.0,26.9124,75.7873,431.0
AWS-JAI-01,Jaipur Sanganer,2016-02-28 18:00:00,21.4,1018.6,65.0,26.9124,75.7873,431.0
AWS-JAI-01,Jaipur Sanganer,2016-02-28 21:00:00,19.0,1018.4,72.0,26.9124,75.7873,431.0
AWS-JAI-01,Jaipur Sanganer,2016-02-29 00:00:00,16.4,1018.7,90.0,26.9124,75.7873,431.0
AWS-JAI-01,Jaipur Sanganer,2016-02-29 03:00:00,16.4,1020.1,87.0,26.9124,75.7873,431.0
AWS-JAI-01,Jaipur Sanganer,2016-02-29 06:00:00,29.8,1019.2,34.0,26.9124,75.7873,431.0
AWS-JAI-01,Jaipur Sanganer,2016-02-29 09:00:00,33.8,1015.0,19.0,26.9124,75.7873,431.0
AWS-JAI-01,Jaipur Sanganer,2016-02-29 12:00:00,32.6,1013.8,20.0,26.9124,75.7873,431.0
AWS-JAI-01,Jaipur Sanganer,2016-02-29 15:00:00,26.0,1015.9,48.0,26.9124,75.7873,431.0
AWS-JAI-01,Jaipur Sanganer,2016-02-29 18:00:00,22.0,1016.5,58.0,26.9124,75.7873,431.0
AWS-JAI-01,Jaipur Sanganer,2016-02-29 21:00:00,19.6,1016.1,67.0,26.9124,75.7873,431.0
AWS-JAI-01,Jaipur Sanganer,2016-03-01 00:00:00,17.0,1015.8,76.0,26.9124,75.7873,431.0
AWS-JAI-01,Jaipur Sanganer,2016-03-01 03:00:00,17.4,1017.4,76.0,26.9124,75.7873,431.0
AWS-JAI-01,Jaipur Sanganer,2016-03-01 06:00:00,29.4,1016.4,34.0,26.9124,75.7873,431.0
AWS-JAI-01,Jaipur Sanganer,2016-03-01 09:00:00,33.4,1013.1,24.0,26.9124,75.7873,431.0
AWS-JAI-01,Jaipur Sanganer,2016-03-01 12:00:00,32.4,1012.2,27.0,26.9124,75.7873,431.0
AWS-JAI-01,Jaipur Sanganer,2016-03-01 15:00:00,26.4,1014.1,44.0,26.9124,75.7873,431.0
AWS-JAI-01,Jaipur Sanganer,2016-03-01 18:00:00,23.2,1014.7,59.0,26.9124,75.7873,431.0
AWS-JAI-01,Jaipur Sanganer,2016-03-01 21:00:00,20.0,1014.8,66.0,26.9124,75.7873,431.0
AWS-JAI-01,Jaipur Sanganer,2016-03-02 00:00:00,18.4,1014.0,71.0,26.9124,75.7873,431.0
AWS-JAI-01,Jaipur Sanganer,2016-03-02 03:00:00,19.0,1016.8,72.0,26.9124,75.7873,431.0
AWS-JAI-01,Jaipur Sanganer,2016-03-02 06:00:00,30.0,1016.0,38.0,26.9124,75.7873,431.0
AWS-JAI-01,Jaipur Sanganer,2016-03-02 09:00:00,36.0,1012.0,21.0,26.9124,75.7873,431.0
AWS-JAI-01,Jaipur Sanganer,2016-03-02 12:00:00,34.0,1011.2,20.0,26.9124,75.7873,431.0
AWS-JAI-01,Jaipur Sanganer,2016-03-02 15:00:00,27.4,1013.6,49.0,26.9124,75.7873,431.0
AWS-JAI-01,Jaipur Sanganer,2016-03-02 18:00:00,24.0,1015.0,60.0,26.9124,75.7873,431.0
AWS-JAI-01,Jaipur Sanganer,2016-03-02 21:00:00,21.6,1014.5,69.0,26.9124,75.7873,431.0
AWS-JAI-01,Jaipur Sanganer,2016-03-03 00:00:00,19.4,1014.8,74.0,26.9124,75.7873,431.0
AWS-JAI-01,Jaipur Sanganer,2016-03-03 03:00:00,19.4,1017.7,74.0,26.9124,75.7873,431.0
AWS-JAI-01,Jaipur Sanganer,2016-03-03 06:00:00,31.2,1016.2,33.0,26.9124,75.7873,431.0
AWS-JAI-01,Jaipur Sanganer,2016-03-03 09:00:00,35.6,1013.0,22.0,26.9124,75.7873,431.0
AWS-JAI-01,Jaipur Sanganer,2016-03-03 12:00:00,34.0,1011.2,24.0,26.9124,75.7873,431.0
AWS-JAI-01,Jaipur Sanganer,2016-03-03 15:00:00,27.0,1013.3,43.0,26.9124,75.7873,431.0
AWS-JAI-01,Jaipur Sanganer,2016-03-03 18:00:00,24.0,1014.0,60.0,26.9124,75.7873,431.0
AWS-JAI-01,Jaipur Sanganer,2016-03-03 21:00:00,20.4,1012.2,73.0,26.9124,75.7873,431.0
AWS-JAI-01,Jaipur Sanganer,2016-03-04 00:00:00,18.4,1013.0,76.0,26.9124,75.7873,431.0
AWS-JAI-01,Jaipur Sanganer,2016-03-04 03:00:00,19.0,1015.5,70.0,26.9124,75.7873,431.0
AWS-JAI-01,Jaipur Sanganer,2016-03-04 06:00:00,28.6,1014.6,43.0,26.9124,75.7873,431.0
AWS-JAI-01,Jaipur Sanganer,2016-03-04 09:00:00,33.8,1010.9,25.0,26.9124,75.7873,431.0
AWS-JAI-01,Jaipur Sanganer,2016-03-04 12:00:00,31.6,1014.8,34.0,26.9124,75.7873,431.0
AWS-JAI-01,Jaipur Sanganer,2016-03-04 15:00:00,23.2,1012.4,48.0,26.9124,75.7873,431.0
AWS-JAI-01,Jaipur Sanganer,2016-03-04 18:00:00,22.0,1014.8,55.0,26.9124,75.7873,431.0
AWS-JAI-01,Jaipur Sanganer,2016-03-04 21:00:00,19.4,1013.7,72.0,26.9124,75.7873,431.0
AWS-JAI-01,Jaipur Sanganer,2016-03-05 00:00:00,19.0,1011.5,72.0,26.9124,75.7873,431.0
AWS-JAI-01,Jaipur Sanganer,2016-03-05 03:00:00,18.8,1013.1,73.0,26.9124,75.7873,431.0
AWS-JAI-01,Jaipur Sanganer,2016-03-05 06:00:00,28.8,1012.2,40.0,26.9124,75.7873,431.0
AWS-JAI-01,Jaipur Sanganer,2016-03-05 09:00:00,32.4,1008.7,32.0,26.9124,75.7873,431.0
AWS-JAI-01,Jaipur Sanganer,2016-03-05 12:00:00,18.4,1010.2,61.0,26.9124,75.7873,431.0
AWS-JAI-01,Jaipur Sanganer,2016-03-05 15:00:00,16.6,1012.3,90.0,26.9124,75.7873,431.0
AWS-JAI-01,Jaipur Sanganer,2016-03-05 18:00:00,15.4,1013.5,91.0,26.9124,75.7873,431.0
AWS-JAI-01,Jaipur Sanganer,2016-03-05 21:00:00,14.4,1013.3,91.0,26.9124,75.7873,431.0
AWS-JAI-01,Jaipur Sanganer,2016-03-06 00:00:00,14.4,1011.8,93.0,26.9124,75.7873,431.0
AWS-JAI-01,Jaipur Sanganer,2016-03-06 03:00:00,15.0,1015.1,93.0,26.9124,75.7873,431.0
AWS-JAI-01,Jaipur Sanganer,2016-03-06 06:00:00,22.0,1007.4,70.0,26.9124,75.7873,431.0
AWS-JAI-01,Jaipur Sanganer,2016-03-06 09:00:00,25.6,1012.5,58.0,26.9124,75.7873,431.0
AWS-JAI-01,Jaipur Sanganer,2016-03-06 12:00:00,25.6,1011.1,55.0,26.9124,75.7873,431.0
AWS-JAI-01,Jaipur Sanganer,2016-03-06 15:00:00,22.4,1013.4,71.0,26.9124,75.7873,431.0
AWS-JAI-01,Jaipur Sanganer,2016-03-06 18:00:00,20.4,1014.1,87.0,26.9124,75.7873,431.0
AWS-JAI-01,Jaipur Sanganer,2016-03-06 21:00:00,18.4,1013.8,90.0,26.9124,75.7873,431.0
AWS-JAI-01,Jaipur Sanganer,2016-03-07 00:00:00,16.4,1013.8,96.0,26.9124,75.7873,431.0
AWS-JAI-01,Jaipur Sanganer,2016-03-07 03:00:00,16.0,1016.0,94.0,26.9124,75.7873,431.0
AWS-JAI-01,Jaipur Sanganer,2016-03-07 06:00:00,23.0,1015.8,70.0,26.9124,75.7873,431.0
AWS-JAI-01,Jaipur Sanganer,2016-03-07 09:00:00,25.8,1012.3,55.0,26.9124,75.7873,431.0
AWS-JAI-01,Jaipur Sanganer,2016-03-07 12:00:00,25.8,1010.7,52.0,26.9124,75.7873,431.0
AWS-JAI-01,Jaipur Sanganer,2016-03-07 15:00:00,23.0,1012.4,62.0,26.9124,75.7873,431.0
AWS-JAI-01,Jaipur Sanganer,2016-03-07 18:00:00,20.4,1013.8,73.0,26.9124,75.7873,431.0
AWS-JAI-01,Jaipur Sanganer,2016-03-07 21:00:00,18.0,1013.7,86.0,26.9124,75.7873,431.0
AWS-JAI-01,Jaipur Sanganer,2016-03-08 00:00:00,16.4,1012.6,87.0,26.9124,75.7873,431.0
AWS-JAI-01,Jaipur Sanganer,2016-03-08 03:00:00,17.2,1014.3,92.0,26.9124,75.7873,431.0
AWS-JAI-01,Jaipur Sanganer,2016-03-08 06:00:00,25.0,1014.5,54.0,26.9124,75.7873,431.0
AWS-JAI-01,Jaipur Sanganer,2016-03-08 09:00:00,28.6,1011.6,38.0,26.9124,75.7873,431.0
AWS-JAI-01,Jaipur Sanganer,2016-03-08 12:00:00,27.6,1009.9,41.0,26.9124,75.7873,431.0
AWS-JAI-01,Jaipur Sanganer,2016-03-08 15:00:00,23.4,1011.0,60.0,26.9124,75.7873,431.0
AWS-JAI-01,Jaipur Sanganer,2016-03-08 18:00:00,21.2,1012.2,65.0,26.9124,75.7873,431.0
AWS-JAI-01,Jaipur Sanganer,2016-03-08 21:00:00,18.4,1011.6,81.0,26.9124,75.7873,431.0
AWS-JAI-01,Jaipur Sanganer,2016-03-09 00:00:00,17.4,1011.6,82.0,26.9124,75.7873,431.0
AWS-JAI-01,Jaipur Sanganer,2016-03-09 03:00:00,19.0,1013.9,75.0,26.9124,75.7873,431.0
AWS-JAI-01,Jaipur Sanganer,2016-03-09 06:00:00,29.0,1013.5,35.0,26.9124,75.7873,431.0
AWS-JAI-01,Jaipur Sanganer,2016-03-09 09:00:00,31.8,1011.0,27.0,26.9124,75.7873,431.0
AWS-JAI-01,Jaipur Sanganer,2016-03-09 12:00:00,30.0,1010.4,32.0,26.9124,75.7873,431.0
AWS-JAI-01,Jaipur Sanganer,2016-03-09 15:00:00,24.4,1012.8,46.0,26.9124,75.7873,431.0
AWS-JAI-01,Jaipur Sanganer,2016-03-09 18:00:00,22.4,1013.8,58.0,26.9124,75.7873,431.0
AWS-JAI-01,Jaipur Sanganer,2016-03-09 21:00:00,20.0,1013.8,64.0,26.9124,75.7873,431.0
AWS-JAI-01,Jaipur Sanganer,2016-03-10 00:00:00,18.0,1012.5,74.0,26.9124,75.7873,431.0
AWS-JAI-01,Jaipur Sanganer,2016-03-10 03:00:00,19.2,1014.8,74.0,26.9124,75.7873,431.0
AWS-JAI-01,Jaipur Sanganer,2016-03-10 06:00:00,31.4,1014.1,31.0,26.9124,75.7873,431.0
AWS-JAI-01,Jaipur Sanganer,2016-03-10 09:00:00,33.6,1011.0,27.0,26.9124,75.7873,431.0
AWS-JAI-01,Jaipur Sanganer,2016-03-10 12:00:00,33.0,1009.2,25.0,26.9124,75.7873,431.0
AWS-JAI-01,Jaipur Sanganer,2016-03-10 15:00:00,28.0,1010.8,39.0,26.9124,75.7873,431.0
AWS-JAI-01,Jaipur Sanganer,2016-03-10 18:00:00,25.6,1011.9,51.0,26.9124,75.7873,431.0
AWS-JAI-01,Jaipur Sanganer,2016-03-10 21:00:00,22.4,1010.8,63.0,26.9124,75.7873,431.0
AWS-JAI-01,Jaipur Sanganer,2016-03-11 00:00:00,20.2,1011.2,68.0,26.9124,75.7873,431.0
AWS-JAI-01,Jaipur Sanganer,2016-03-11 03:00:00,23.0,1013.7,52.0,26.9124,75.7873,431.0
AWS-JAI-01,Jaipur Sanganer,2016-03-11 06:00:00,31.8,1012.8,31.0,26.9124,75.7873,431.0
AWS-JAI-01,Jaipur Sanganer,2016-03-11 09:00:00,34.2,1009.3,23.0,26.9124,75.7873,431.0
AWS-JAI-01,Jaipur Sanganer,2016-03-11 12:00:00,23.8,1010.1,66.0,26.9124,75.7873,431.0
AWS-JAI-01,Jaipur Sanganer,2016-03-11 15:00:00,23.4,1011.0,64.0,26.9124,75.7873,431.0
AWS-JAI-01,Jaipur Sanganer,2016-03-11 18:00:00,22.6,1010.6,56.0,26.9124,75.7873,431.0
AWS-JAI-01,Jaipur Sanganer,2016-03-11 21:00:00,20.8,1009.5,71.0,26.9124,75.7873,431.0
AWS-JAI-01,Jaipur Sanganer,2016-03-12 00:00:00,18.4,1008.5,81.0,26.9124,75.7873,431.0
AWS-JAI-01,Jaipur Sanganer,2016-03-12 03:00:00,20.6,1009.9,71.0,26.9124,75.7873,431.0
AWS-JAI-01,Jaipur Sanganer,2016-03-12 06:00:00,30.0,1009.4,38.0,26.9124,75.7873,431.0
AWS-JAI-01,Jaipur Sanganer,2016-03-12 09:00:00,32.2,1006.4,26.0,26.9124,75.7873,431.0
AWS-JAI-01,Jaipur Sanganer,2016-03-12 12:00:00,30.4,1005.4,24.0,26.9124,75.7873,431.0
AWS-JAI-01,Jaipur Sanganer,2016-03-12 15:00:00,25.8,1007.8,46.0,26.9124,75.7873,431.0
AWS-JAI-01,Jaipur Sanganer,2016-03-12 18:00:00,19.6,1009.4,79.0,26.9124,75.7873,431.0
AWS-JAI-01,Jaipur Sanganer,2016-03-12 21:00:00,19.0,1009.4,75.0,26.9124,75.7873,431.0
AWS-JAI-01,Jaipur Sanganer,2016-03-13 00:00:00,17.4,1009.0,80.0,26.9124,75.7873,431.0
AWS-JAI-01,Jaipur Sanganer,2016-03-13 03:00:00,18.0,1011.7,80.0,26.9124,75.7873,431.0
AWS-JAI-01,Jaipur Sanganer,2016-03-13 06:00:00,28.4,1011.8,39.0,26.9124,75.7873,431.0
AWS-JAI-01,Jaipur Sanganer,2016-03-13 09:00:00,31.6,1008.9,25.0,26.9124,75.7873,431.0
AWS-JAI-01,Jaipur Sanganer,2016-03-13 12:00:00,30.0,1008.5,28.0,26.9124,75.7873,431.0
AWS-JAI-01,Jaipur Sanganer,2016-03-13 15:00:00,24.0,1010.1,46.0,26.9124,75.7873,431.0
AWS-JAI-01,Jaipur Sanganer,2016-03-13 18:00:00,22.0,1012.0,70.0,26.9124,75.7873,431.0
AWS-JAI-01,Jaipur Sanganer,2016-03-13 21:00:00,20.0,1011.5,81.0,26.9124,75.7873,431.0
AWS-JAI-01,Jaipur Sanganer,2016-03-14 00:00:00,19.4,1011.7,85.0,26.9124,75.7873,431.0
AWS-JAI-01,Jaipur Sanganer,2016-03-14 03:00:00,20.0,1014.8,81.0,26.9124,75.7873,431.0
AWS-JAI-01,Jaipur Sanganer,2016-03-14 06:00:00,26.0,1016.1,58.0,26.9124,75.7873,431.0
AWS-JAI-01,Jaipur Sanganer,2016-03-14 09:00:00,27.5,1012.4,44.0,26.9124,75.7873,431.0
AWS-JAI-01,Jaipur Sanganer,2016-03-14 12:00:00,29.0,1011.2,30.0,26.9124,75.7873,431.0
AWS-JAI-01,Jaipur Sanganer,2016-03-14 15:00:00,24.4,1012.9,44.0,26.9124,75.7873,431.0
AWS-JAI-01,Jaipur Sanganer,2016-03-14 18:00:00,21.4,1014.9,54.0,26.9124,75.7873,431.0
AWS-JAI-01,Jaipur Sanganer,2016-03-14 21:00:00,19.4,1014.6,60.0,26.9124,75.7873,431.0
AWS-JAI-01,Jaipur Sanganer,2016-03-15 00:00:00,17.0,1014.7,74.0,26.9124,75.7873,431.0
AWS-JAI-01,Jaipur Sanganer,2016-03-15 03:00:00,19.2,1017.6,70.0,26.9124,75.7873,431.0
AWS-JAI-01,Jaipur Sanganer,2016-03-15 06:00:00,29.4,1016.4,35.0,26.9124,75.7873,431.0
AWS-JAI-01,Jaipur Sanganer,2016-03-15 09:00:00,32.0,1013.4,24.0,26.9124,75.7873,431.0
AWS-JAI-01,Jaipur Sanganer,2016-03-15 12:00:00,29.2,1012.3,22.0,26.9124,75.7873,431.0
AWS-JAI-01,Jaipur Sanganer,2016-03-15 15:00:00,25.4,1014.6,35.0,26.9124,75.7873,431.0
AWS-JAI-01,Jaipur Sanganer,2016-03-15 18:00:00,22.6,1015.6,57.0,26.9124,75.7873,431.0
AWS-JAI-01,Jaipur Sanganer,2016-03-15 21:00:00,20.2,1015.3,62.0,26.9124,75.7873,431.0
AWS-JAI-01,Jaipur Sanganer,2016-03-16 00:00:00,18.4,1014.4,81.0,26.9124,75.7873,431.0
AWS-JAI-01,Jaipur Sanganer,2016-03-16 03:00:00,18.8,1015.6,77.0,26.9124,75.7873,431.0
AWS-JAI-01,Jaipur Sanganer,2016-03-16 06:00:00,27.6,1014.3,37.0,26.9124,75.7873,431.0
AWS-JAI-01,Jaipur Sanganer,2016-03-16 09:00:00,33.0,1010.7,19.0,26.9124,75.7873,431.0
AWS-JAI-01,Jaipur Sanganer,2016-03-16 12:00:00,30.8,1009.8,23.0,26.9124,75.7873,431.0
AWS-JAI-01,Jaipur Sanganer,2016-03-16 15:00:00,26.4,1011.9,34.0,26.9124,75.7873,431.0
AWS-JAI-01,Jaipur Sanganer,2016-03-16 18:00:00,22.4,1011.8,55.0,26.9124,75.7873,431.0
AWS-JAI-01,Jaipur Sanganer,2016-03-16 21:00:00,20.0,1010.0,64.0,26.9124,75.7873,431.0
AWS-JAI-01,Jaipur Sanganer,2016-03-17 00:00:00,18.4,1009.4,64.0,26.9124,75.7873,431.0
AWS-JAI-01,Jaipur Sanganer,2016-03-17 03:00:00,19.4,1010.8,60.0,26.9124,75.7873,431.0
AWS-JAI-01,Jaipur Sanganer,2016-03-17 06:00:00,32.4,1009.5,20.0,26.9124,75.7873,431.0
AWS-JAI-01,Jaipur Sanganer,2016-03-17 09:00:00,32.8,1006.8,23.0,26.9124,75.7873,431.0
AWS-JAI-01,Jaipur Sanganer,2016-03-17 12:00:00,32.2,1005.3,28.0,26.9124,75.7873,431.0
AWS-JAI-01,Jaipur Sanganer,2016-03-17 15:00:00,27.2,1008.1,50.0,26.9124,75.7873,431.0
AWS-JAI-01,Jaipur Sanganer,2016-03-17 18:00:00,24.4,1009.8,65.0,26.9124,75.7873,431.0
AWS-JAI-01,Jaipur Sanganer,2016-03-17 21:00:00,21.8,1008.8,72.0,26.9124,75.7873,431.0
AWS-JAI-01,Jaipur Sanganer,2016-03-18 00:00:00,20.0,1009.4,90.0,26.9124,75.7873,431.0
AWS-JAI-01,Jaipur Sanganer,2016-03-18 03:00:00,21.0,1012.0,82.0,26.9124,75.7873,431.0
AWS-JAI-01,Jaipur Sanganer,2016-03-18 06:00:00,28.0,1011.3,60.0,26.9124,75.7873,431.0
AWS-JAI-01,Jaipur Sanganer,2016-03-18 09:00:00,32.4,1007.5,29.0,26.9124,75.7873,431.0
AWS-JAI-01,Jaipur Sanganer,2016-03-18 12:00:00,32.0,1005.7,26.0,26.9124,75.7873,431.0
AWS-JAI-01,Jaipur Sanganer,2016-03-18 15:00:00,27.0,1007.4,48.0,26.9124,75.7873,431.0
AWS-JAI-01,Jaipur Sanganer,2016-03-18 18:00:00,24.8,1008.5,58.0,26.9124,75.7873,431.0
AWS-JAI-01,Jaipur Sanganer,2016-03-18 21:00:00,22.4,1008.2,66.0,26.9124,75.7873,431.0
AWS-JAI-01,Jaipur Sanganer,2016-03-19 00:00:00,20.6,1007.9,73.0,26.9124,75.7873,431.0
AWS-JAI-01,Jaipur Sanganer,2016-03-19 03:00:00,22.8,1009.2,62.0,26.9124,75.7873,431.0
AWS-JAI-01,Jaipur Sanganer,2016-03-19 06:00:00,33.0,1009.3,32.0,26.9124,75.7873,431.0
AWS-JAI-01,Jaipur Sanganer,2016-03-19 09:00:00,33.6,1006.5,28.0,26.9124,75.7873,431.0
AWS-JAI-01,Jaipur Sanganer,2016-03-19 12:00:00,34.0,1005.4,18.0,26.9124,75.7873,431.0
AWS-JAI-01,Jaipur Sanganer,2016-03-19 15:00:00,28.2,1008.0,40.0,26.9124,75.7873,431.0
AWS-JAI-01,Jaipur Sanganer,2016-03-19 18:00:00,24.4,1008.6,56.0,26.9124,75.7873,431.0
AWS-JAI-01,Jaipur Sanganer,2016-03-19 21:00:00,22.4,1009.4,60.0,26.9124,75.7873,431.0
AWS-JAI-01,Jaipur Sanganer,2016-03-20 00:00:00,19.0,1007.5,68.0,26.9124,75.7873,431.0
AWS-JAI-01,Jaipur Sanganer,2016-03-20 03:00:00,21.2,1010.7,65.0,26.9124,75.7873,431.0
AWS-JAI-01,Jaipur Sanganer,2016-03-20 06:00:00,29.0,1011.2,39.0,26.9124,75.7873,431.0
AWS-JAI-01,Jaipur Sanganer,2016-03-20 09:00:00,32.8,1009.3,20.0,26.9124,75.7873,431.0
AWS-JAI-01,Jaipur Sanganer,2016-03-20 12:00:00,32.4,1008.5,16.0,26.9124,75.7873,431.0
AWS-JAI-01,Jaipur Sanganer,2016-03-20 15:00:00,27.8,1010.7,20.0,26.9124,75.7873,431.0
AWS-JAI-01,Jaipur Sanganer,2016-03-20 18:00:00,24.0,1012.5,39.0,26.9124,75.7873,431.0
AWS-JAI-01,Jaipur Sanganer,2016-03-20 21:00:00,21.6,1012.3,45.0,26.9124,75.7873,431.0
AWS-JAI-01,Jaipur Sanganer,2016-03-21 00:00:00,19.0,1012.1,63.0,26.9124,75.7873,431.0
AWS-JAI-01,Jaipur Sanganer,2016-03-21 03:00:00,21.0,1014.1,70.0,26.9124,75.7873,431.0
AWS-JAI-01,Jaipur Sanganer,2016-03-21 06:00:00,29.4,1014.3,28.0,26.9124,75.7873,431.0
AWS-JAI-01,Jaipur Sanganer,2016-03-21 09:00:00,33.0,1011.4,13.0,26.9124,75.7873,431.0
AWS-JAI-01,Jaipur Sanganer,2016-03-21 12:00:00,31.4,1010.2,15.0,26.9124,75.7873,431.0
AWS-JAI-01,Jaipur Sanganer,2016-03-21 15:00:00,25.4,1011.9,33.0,26.9124,75.7873,431.0
AWS-JAI-01,Jaipur Sanganer,2016-03-21 18:00:00,21.8,1012.8,44.0,26.9124,75.7873,431.0
AWS-JAI-01,Jaipur Sanganer,2016-03-21 21:00:00,20.0,1012.6,48.0,26.9124,75.7873,431.0
AWS-JAI-01,Jaipur Sanganer,2016-03-22 00:00:00,15.0,1011.9,58.0,26.9124,75.7873,431.0
AWS-JAI-01,Jaipur Sanganer,2016-03-22 03:00:00,19.0,1013.4,43.0,26.9124,75.7873,431.0
AWS-JAI-01,Jaipur Sanganer,2016-03-22 06:00:00,28.8,1012.4,17.0,26.9124,75.7873,431.0
AWS-JAI-01,Jaipur Sanganer,2016-03-22 09:00:00,33.6,1009.0,12.0,26.9124,75.7873,431.0
AWS-JAI-01,Jaipur Sanganer,2016-03-22 12:00:00,32.0,1008.2,15.0,26.9124,75.7873,431.0
AWS-JAI-01,Jaipur Sanganer,2016-03-22 15:00:00,25.6,1010.6,36.0,26.9124,75.7873,431.0
AWS-JAI-01,Jaipur Sanganer,2016-03-22 18:00:00,20.0,1011.5,48.0,26.9124,75.7873,431.0
AWS-JAI-01,Jaipur Sanganer,2016-03-22 21:00:00,18.0,1011.0,53.0,26.9124,75.7873,431.0
AWS-JAI-01,Jaipur Sanganer,2016-03-23 09:00:00,35.8,1008.0,11.0,26.9124,75.7873,431.0
AWS-JAI-01,Jaipur Sanganer,2016-03-23 15:00:00,27.2,1008.8,34.0,26.9124,75.7873,431.0
AWS-JAI-01,Jaipur Sanganer,2016-03-23 18:00:00,24.0,1011.1,36.0,26.9124,75.7873,431.0
AWS-JAI-01,Jaipur Sanganer,2016-03-23 21:00:00,21.2,1011.3,40.0,26.9124,75.7873,431.0
AWS-JAI-01,Jaipur Sanganer,2016-03-24 00:00:00,18.0,1011.2,48.0,26.9124,75.7873,431.0
AWS-JAI-01,Jaipur Sanganer,2016-03-24 03:00:00,24.4,1012.9,29.0,26.9124,75.7873,431.0
AWS-JAI-01,Jaipur Sanganer,2016-03-24 06:00:00,38.0,1012.1,11.0,26.9124,75.7873,431.0
AWS-JAI-01,Jaipur Sanganer,2016-03-24 09:00:00,40.0,1009.5,9.0,26.9124,75.7873,431.0
AWS-JAI-01,Jaipur Sanganer,2016-03-24 12:00:00,38.4,1008.6,14.0,26.9124,75.7873,431.0
AWS-JAI-01,Jaipur Sanganer,2016-03-24 15:00:00,30.0,1010.9,41.0,26.9124,75.7873,431.0
AWS-JAI-01,Jaipur Sanganer,2016-03-24 18:00:00,25.4,1012.7,35.0,26.9124,75.7873,431.0
AWS-JAI-01,Jaipur Sanganer,2016-03-24 21:00:00,22.4,1012.1,38.0,26.9124,75.7873,431.0
AWS-JAI-01,Jaipur Sanganer,2016-03-25 00:00:00,24.4,1011.5,29.0,26.9124,75.7873,431.0
AWS-JAI-01,Jaipur Sanganer,2016-03-25 03:00:00,26.4,1013.2,26.0,26.9124,75.7873,431.0
AWS-JAI-01,Jaipur Sanganer,2016-03-25 06:00:00,38.4,1012.3,14.0,26.9124,75.7873,431.0
AWS-JAI-01,Jaipur Sanganer,2016-03-25 09:00:00,39.4,1009.4,12.0,26.9124,75.7873,431.0
AWS-JAI-01,Jaipur Sanganer,2016-03-25 12:00:00,34.0,1009.4,23.0,26.9124,75.7873,431.0
AWS-JAI-01,Jaipur Sanganer,2016-03-25 15:00:00,27.4,1013.0,48.0,26.9124,75.7873,431.0
AWS-JAI-01,Jaipur Sanganer,2016-03-25 18:00:00,24.8,1013.9,47.0,26.9124,75.7873,431.0
AWS-JAI-01,Jaipur Sanganer,2016-03-25 21:00:00,21.8,1013.3,52.0,26.9124,75.7873,431.0
AWS-JAI-01,Jaipur Sanganer,2016-03-26 00:00:00,20.4,1015.0,56.0,26.9124,75.7873,431.0
AWS-JAI-01,Jaipur Sanganer,2016-03-26 03:00:00,21.6,1017.2,54.0,26.9124,75.7873,431.0
AWS-JAI-01,Jaipur Sanganer,2016-03-26 06:00:00,28.0,1016.2,33.0,26.9124,75.7873,431.0
AWS-JAI-01,Jaipur Sanganer,2016-03-26 09:00:00,33.0,1013.0,25.0,26.9124,75.7873,431.0
AWS-JAI-01,Jaipur Sanganer,2016-03-26 12:00:00,32.0,1011.3,24.0,26.9124,75.7873,431.0
AWS-JAI-01,Jaipur Sanganer,2016-03-26 15:00:00,27.2,1012.9,27.0,26.9124,75.7873,431.0
AWS-JAI-01,Jaipur Sanganer,2016-03-26 18:00:00,23.8,1014.3,46.0,26.9124,75.7873,431.0
AWS-JAI-01,Jaipur Sanganer,2016-03-26 21:00:00,21.8,1013.6,44.0,26.9124,75.7873,431.0
AWS-JAI-01,Jaipur Sanganer,2016-03-27 00:00:00,19.4,1014.0,72.0,26.9124,75.7873,431.0
AWS-JAI-01,Jaipur Sanganer,2016-03-27 03:00:00,20.0,1015.7,69.0,26.9124,75.7873,431.0
AWS-JAI-01,Jaipur Sanganer,2016-03-27 06:00:00,28.6,1014.8,36.0,26.9124,75.7873,431.0
AWS-JAI-01,Jaipur Sanganer,2016-03-27 09:00:00,33.4,1011.6,13.0,26.9124,75.7873,431.0
AWS-JAI-01,Jaipur Sanganer,2016-03-27 12:00:00,32.0,1010.3,15.0,26.9124,75.7873,431.0
AWS-JAI-01,Jaipur Sanganer,2016-03-27 15:00:00,25.4,1013.0,27.0,26.9124,75.7873,431.0
AWS-JAI-01,Jaipur Sanganer,2016-03-27 18:00:00,25.0,1014.5,31.0,26.9124,75.7873,431.0
AWS-JAI-01,Jaipur Sanganer,2016-03-27 21:00:00,23.6,1014.2,32.0,26.9124,75.7873,431.0
AWS-JAI-01,Jaipur Sanganer,2016-03-28 00:00:00,18.0,1013.8,48.0,26.9124,75.7873,431.0
AWS-JAI-01,Jaipur Sanganer,2016-03-28 03:00:00,21.8,1014.5,47.0,26.9124,75.7873,431.0
AWS-JAI-01,Jaipur Sanganer,2016-03-28 06:00:00,31.2,1013.9,20.0,26.9124,75.7873,431.0
AWS-JAI-01,Jaipur Sanganer,2016-03-28 09:00:00,33.8,1011.3,19.0,26.9124,75.7873,431.0
AWS-JAI-01,Jaipur Sanganer,2016-03-28 12:00:00,32.8,1010.4,17.0,26.9124,75.7873,431.0
AWS-JAI-01,Jaipur Sanganer,2016-03-28 15:00:00,28.4,1012.0,28.0,26.9124,75.7873,431.0
AWS-JAI-01,Jaipur Sanganer,2016-03-28 18:00:00,25.0,1012.9,41.0,26.9124,75.7873,431.0
AWS-JAI-01,Jaipur Sanganer,2016-03-28 21:00:00,20.4,1012.6,53.0,26.9124,75.7873,431.0
AWS-JAI-01,Jaipur Sanganer,2016-03-29 00:00:00,18.0,1012.5,56.0,26.9124,75.7873,431.0
AWS-JAI-01,Jaipur Sanganer,2016-03-29 03:00:00,22.2,1013.9,45.0,26.9124,75.7873,431.0
AWS-JAI-01,Jaipur Sanganer,2016-03-29 06:00:00,33.0,1012.5,25.0,26.9124,75.7873,431.0
AWS-JAI-01,Jaipur Sanganer,2016-03-29 09:00:00,35.4,1010.2,17.0,26.9124,75.7873,431.0
AWS-JAI-01,Jaipur Sanganer,2016-03-29 12:00:00,35.0,1008.7,18.0,26.9124,75.7873,431.0
AWS-JAI-01,Jaipur Sanganer,2016-03-29 15:00:00,30.0,1010.4,25.0,26.9124,75.7873,431.0
AWS-JAI-01,Jaipur Sanganer,2016-03-29 18:00:00,25.8,1011.5,43.0,26.9124,75.7873,431.0
AWS-JAI-01,Jaipur Sanganer,2016-03-29 21:00:00,21.8,1011.4,52.0,26.9124,75.7873,431.0
AWS-JAI-01,Jaipur Sanganer,2016-03-30 00:00:00,20.0,1011.5,54.0,26.9124,75.7873,431.0
AWS-JAI-01,Jaipur Sanganer,2016-03-30 03:00:00,23.0,1013.1,49.0,26.9124,75.7873,431.0
AWS-JAI-01,Jaipur Sanganer,2016-03-30 06:00:00,36.4,1012.4,16.0,26.9124,75.7873,431.0
AWS-JAI-01,Jaipur Sanganer,2016-03-30 09:00:00,39.0,1008.8,13.0,26.9124,75.7873,431.0
AWS-JAI-01,Jaipur Sanganer,2016-03-30 12:00:00,38.4,1007.3,14.0,26.9124,75.7873,431.0
AWS-JAI-01,Jaipur Sanganer,2016-03-30 15:00:00,30.4,1009.4,29.0,26.9124,75.7873,431.0
AWS-JAI-01,Jaipur Sanganer,2016-03-30 18:00:00,28.0,1010.3,30.0,26.9124,75.7873,431.0
AWS-JAI-01,Jaipur Sanganer,2016-03-30 21:00:00,25.0,1009.8,41.0,26.9124,75.7873,431.0
AWS-JAI-01,Jaipur Sanganer,2016-03-31 00:00:00,22.4,1009.8,38.0,26.9124,75.7873,431.0
AWS-JAI-01,Jaipur Sanganer,2016-03-31 03:00:00,24.6,1011.2,33.0,26.9124,75.7873,431.0
AWS-JAI-01,Jaipur Sanganer,2016-03-31 06:00:00,37.4,1009.8,11.0,26.9124,75.7873,431.0
AWS-JAI-01,Jaipur Sanganer,2016-03-31 09:00:00,40.0,1007.8,10.0,26.9124,75.7873,431.0
AWS-JAI-01,Jaipur Sanganer,2016-03-31 12:00:00,38.8,1005.8,10.0,26.9124,75.7873,431.0
AWS-JAI-01,Jaipur Sanganer,2016-03-31 15:00:00,30.4,1007.7,29.0,26.9124,75.7873,431.0
AWS-JAI-01,Jaipur Sanganer,2016-03-31 18:00:00,29.0,1008.0,27.0,26.9124,75.7873,431.0
AWS-JAI-01,Jaipur Sanganer,2016-03-31 21:00:00,25.6,1007.9,37.0,26.9124,75.7873,431.0
AWS-JAI-01,Jaipur Sanganer,2016-04-01 00:00:00,24.0,1006.8,45.0,26.9124,75.7873,431.0
AWS-JAI-01,Jaipur Sanganer,2016-04-01 03:00:00,25.4,1008.7,43.0,26.9124,75.7873,431.0
AWS-JAI-01,Jaipur Sanganer,2016-04-01 06:00:00,36.2,1007.4,22.0,26.9124,75.7873,431.0
AWS-JAI-01,Jaipur Sanganer,2016-04-01 09:00:00,40.4,1004.3,17.0,26.9124,75.7873,431.0
AWS-JAI-01,Jaipur Sanganer,2016-04-01 12:00:00,38.6,1003.4,19.0,26.9124,75.7873,431.0
AWS-JAI-01,Jaipur Sanganer,2016-04-01 15:00:00,33.4,1005.2,24.0,26.9124,75.7873,431.0
AWS-JAI-01,Jaipur Sanganer,2016-04-01 18:00:00,29.0,1007.9,37.0,26.9124,75.7873,431.0
AWS-JAI-01,Jaipur Sanganer,2016-04-01 21:00:00,26.0,1008.0,48.0,26.9124,75.7873,431.0
AWS-JAI-01,Jaipur Sanganer,2016-04-02 00:00:00,24.4,1008.0,51.0,26.9124,75.7873,431.0
AWS-JAI-01,Jaipur Sanganer,2016-04-02 03:00:00,27.4,1009.3,42.0,26.9124,75.7873,431.0
AWS-JAI-01,Jaipur Sanganer,2016-04-02 06:00:00,38.2,1008.2,23.0,26.9124,75.7873,431.0
AWS-JAI-01,Jaipur Sanganer,2016-04-02 09:00:00,41.6,1005.4,20.0,26.9124,75.7873,431.0
AWS-JAI-01,Jaipur Sanganer,2016-04-02 12:00:00,40.4,1004.1,20.0,26.9124,75.7873,431.0
AWS-JAI-01,Jaipur Sanganer,2016-04-02 15:00:00,33.8,1006.2,39.0,26.9124,75.7873,431.0
AWS-JAI-01,Jaipur Sanganer,2016-04-02 18:00:00,30.4,1007.6,42.0,26.9124,75.7873,431.0
AWS-JAI-01,Jaipur Sanganer,2016-04-02 21:00:00,27.4,1007.8,45.0,26.9124,75.7873,431.0
AWS-JAI-01,Jaipur Sanganer,2016-04-03 00:00:00,25.8,1007.0,49.0,26.9124,75.7873,431.0
AWS-JAI-01,Jaipur Sanganer,2016-04-03 03:00:00,28.0,1010.2,39.0,26.9124,75.7873,431.0
AWS-JAI-01,Jaipur Sanganer,2016-04-03 06:00:00,36.0,1009.9,23.0,26.9124,75.7873,431.0
AWS-JAI-01,Jaipur Sanganer,2016-04-03 09:00:00,38.8,1007.2,18.0,26.9124,75.7873,431.0
AWS-JAI-01,Jaipur Sanganer,2016-04-03 12:00:00,36.0,1006.3,15.0,26.9124,75.7873,431.0
AWS-JAI-01,Jaipur Sanganer,2016-04-03 15:00:00,30.6,1008.0,32.0,26.9124,75.7873,431.0
AWS-JAI-01,Jaipur Sanganer,2016-04-03 18:00:00,30.6,1008.0,32.0,26.9124,75.7873,431.0
AWS-JAI-01,Jaipur Sanganer,2016-04-03 21:00:00,26.6,1008.1,24.0,26.9124,75.7873,431.0
AWS-JAI-01,Jaipur Sanganer,2016-04-04 00:00:00,25.0,1007.4,41.0,26.9124,75.7873,431.0
AWS-JAI-01,Jaipur Sanganer,2016-04-04 03:00:00,28.2,1008.4,40.0,26.9124,75.7873,431.0
AWS-JAI-01,Jaipur Sanganer,2016-04-04 06:00:00,34.4,1008.2,36.0,26.9124,75.7873,431.0
AWS-JAI-01,Jaipur Sanganer,2016-04-04 09:00:00,38.2,1005.2,21.0,26.9124,75.7873,431.0
AWS-JAI-01,Jaipur Sanganer,2016-04-04 12:00:00,35.6,1004.2,20.0,26.9124,75.7873,431.0
AWS-JAI-01,Jaipur Sanganer,2016-04-04 15:00:00,31.4,1006.1,41.0,26.9124,75.7873,431.0
AWS-JAI-01,Jaipur Sanganer,2016-04-04 18:00:00,28.0,1008.0,41.0,26.9124,75.7873,431.0
AWS-JAI-01,Jaipur Sanganer,2016-04-04 21:00:00,26.4,1007.6,43.0,26.9124,75.7873,431.0
AWS-JAI-01,Jaipur Sanganer,2016-04-05 00:00:00,23.4,1007.8,57.0,26.9124,75.7873,431.0
AWS-JAI-01,Jaipur Sanganer,2016-04-05 03:00:00,26.8,1009.2,47.0,26.9124,75.7873,431.0
AWS-JAI-01,Jaipur Sanganer,2016-04-05 06:00:00,35.4,1007.8,20.0,26.9124,75.7873,431.0
AWS-JAI-01,Jaipur Sanganer,2016-04-05 09:00:00,39.0,1005.2,16.0,26.9124,75.7873,431.0
AWS-JAI-01,Jaipur Sanganer,2016-04-05 12:00:00,36.0,1003.7,20.0,26.9124,75.7873,431.0
AWS-JAI-01,Jaipur Sanganer,2016-04-05 15:00:00,31.8,1005.5,22.0,26.9124,75.7873,431.0
AWS-JAI-01,Jaipur Sanganer,2016-04-05 18:00:00,29.2,1007.4,28.0,26.9124,75.7873,431.0
AWS-JAI-01,Jaipur Sanganer,2016-04-05 21:00:00,24.4,1006.8,51.0,26.9124,75.7873,431.0
AWS-JAI-01,Jaipur Sanganer,2016-04-06 00:00:00,23.4,1006.1,54.0,26.9124,75.7873,431.0
AWS-JAI-01,Jaipur Sanganer,2016-04-06 03:00:00,25.8,1008.5,42.0,26.9124,75.7873,431.0
AWS-JAI-01,Jaipur Sanganer,2016-04-06 06:00:00,33.2,1008.3,21.0,26.9124,75.7873,431.0
AWS-JAI-01,Jaipur Sanganer,2016-04-06 09:00:00,38.0,1005.3,15.0,26.9124,75.7873,431.0
AWS-JAI-01,Jaipur Sanganer,2016-04-06 12:00:00,36.2,1003.8,17.0,26.9124,75.7873,431.0
AWS-JAI-01,Jaipur Sanganer,2016-04-06 15:00:00,30.8,1006.2,25.0,26.9124,75.7873,431.0
AWS-JAI-01,Jaipur Sanganer,2016-04-06 18:00:00,27.4,1008.4,38.0,26.9124,75.7873,431.0
AWS-JAI-01,Jaipur Sanganer,2016-04-06 21:00:00,24.8,1007.9,43.0,26.9124,75.7873,431.0
AWS-JAI-01,Jaipur Sanganer,2016-04-07 00:00:00,20.4,1007.7,59.0,26.9124,75.7873,431.0
AWS-JAI-01,Jaipur Sanganer,2016-04-07 03:00:00,23.6,1010.7,44.0,26.9124,75.7873,431.0
AWS-JAI-01,Jaipur Sanganer,2016-04-07 06:00:00,32.6,1010.1,24.0,26.9124,75.7873,431.0
AWS-JAI-01,Jaipur Sanganer,2016-04-07 09:00:00,35.6,1007.3,16.0,26.9124,75.7873,431.0
AWS-JAI-01,Jaipur Sanganer,2016-04-07 12:00:00,34.2,1006.0,15.0,26.9124,75.7873,431.0
AWS-JAI-01,Jaipur Sanganer,2016-04-07 18:00:00,26.4,1009.8,27.0,26.9124,75.7873,431.0
AWS-JAI-01,Jaipur Sanganer,2016-04-07 21:00:00,23.2,1009.0,33.0,26.9124,75.7873,431.0
AWS-JAI-01,Jaipur Sanganer,2016-04-08 00:00:00,19.4,1009.2,58.0,26.9124,75.7873,431.0
AWS-JAI-01,Jaipur Sanganer,2016-04-08 03:00:00,25.0,1010.9,35.0,26.9124,75.7873,431.0
AWS-JAI-01,Jaipur Sanganer,2016-04-08 06:00:00,36.2,1009.7,15.0,26.9124,75.7873,431.0
AWS-JAI-01,Jaipur Sanganer,2016-04-08 09:00:00,38.2,1007.4,8.0,26.9124,75.7873,431.0
AWS-JAI-01,Jaipur Sanganer,2016-04-08 12:00:00,36.4,1005.5,11.0,26.9124,75.7873,431.0
AWS-JAI-01,Jaipur Sanganer,2016-04-08 15:00:00,29.4,1007.5,26.0,26.9124,75.7873,431.0
AWS-JAI-01,Jaipur Sanganer,2016-04-08 18:00:00,27.0,1008.9,24.0,26.9124,75.7873,431.0
AWS-JAI-01,Jaipur Sanganer,2016-04-08 21:00:00,24.2,1008.7,29.0,26.9124,75.7873,431.0
AWS-JAI-01,Jaipur Sanganer,2016-04-09 00:00:00,22.0,1009.1,32.0,26.9124,75.7873,431.0
AWS-JAI-01,Jaipur Sanganer,2016-04-09 03:00:00,24.2,1010.1,33.0,26.9124,75.7873,431.0
AWS-JAI-01,Jaipur Sanganer,2016-04-09 06:00:00,34.6,1009.5,15.0,26.9124,75.7873,431.0
AWS-JAI-01,Jaipur Sanganer,2016-04-09 09:00:00,37.8,1007.2,12.0,26.9124,75.7873,431.0
AWS-JAI-01,Jaipur Sanganer,2016-04-09 12:00:00,37.4,1006.0,14.0,26.9124,75.7873,431.0
AWS-JAI-01,Jaipur Sanganer,2016-04-09 15:00:00,32.4,1008.6,20.0,26.9124,75.7873,431.0
AWS-JAI-01,Jaipur Sanganer,2016-04-09 18:00:00,29.0,1010.6,31.0,26.9124,75.7873,431.0
AWS-JAI-01,Jaipur Sanganer,2016-04-09 21:00:00,26.6,1010.0,37.0,26.9124,75.7873,431.0
AWS-JAI-01,Jaipur Sanganer,2016-04-10 00:00:00,23.4,1010.4,49.0,26.9124,75.7873,431.0
AWS-JAI-01,Jaipur Sanganer,2016-04-10 03:00:00,26.0,1012.1,38.0,26.9124,75.7873,431.0
AWS-JAI-01,Jaipur Sanganer,2016-04-10 06:00:00,33.6,1010.9,19.0,26.9124,75.7873,431.0
AWS-JAI-01,Jaipur Sanganer,2016-04-10 09:00:00,37.0,1008.3,17.0,26.9124,75.7873,431.0
AWS-JAI-01,Jaipur Sanganer,2016-04-10 12:00:00,36.0,1006.5,17.0,26.9124,75.7873,431.0
AWS-JAI-01,Jaipur Sanganer,2016-04-10 15:00:00,30.6,1007.4,31.0,26.9124,75.7873,431.0
AWS-JAI-01,Jaipur Sanganer,2016-04-10 18:00:00,27.6,1008.4,32.0,26.9124,75.7873,431.0
AWS-JAI-01,Jaipur Sanganer,2016-04-10 21:00:00,25.2,1007.7,36.0,26.9124,75.7873,431.0
AWS-JAI-01,Jaipur Sanganer,2016-04-11 00:00:00,20.4,1010.8,62.0,26.9124,75.7873,431.0
AWS-JAI-01,Jaipur Sanganer,2016-04-11 03:00:00,24.0,1012.1,49.0,26.9124,75.7873,431.0
AWS-JAI-01,Jaipur Sanganer,2016-04-11 06:00:00,33.0,1011.9,27.0,26.9124,75.7873,431.0
AWS-JAI-01,Jaipur Sanganer,2016-04-11 09:00:00,35.4,1008.9,19.0,26.9124,75.7873,431.0
AWS-JAI-01,Jaipur Sanganer,2016-04-11 12:00:00,33.4,1008.2,20.0,26.9124,75.7873,431.0
AWS-JAI-01,Jaipur Sanganer,2016-04-11 15:00:00,29.2,1010.2,25.0,26.9124,75.7873,431.0
AWS-JAI-01,Jaipur Sanganer,2016-04-11 18:00:00,25.4,1011.3,39.0,26.9124,75.7873,431.0
AWS-JAI-01,Jaipur Sanganer,2016-04-11 21:00:00,22.8,1011.2,46.0,26.9124,75.7873,431.0
AWS-JAI-01,Jaipur Sanganer,2016-04-12 00:00:00,20.0,1009.9,59.0,26.9124,75.7873,431.0
AWS-JAI-01,Jaipur Sanganer,2016-04-12 03:00:00,24.6,1010.6,49.0,26.9124,75.7873,431.0
AWS-JAI-01,Jaipur Sanganer,2016-04-12 06:00:00,32.0,1009.8,29.0,26.9124,75.7873,431.0
AWS-JAI-01,Jaipur Sanganer,2016-04-12 09:00:00,35.4,1006.7,19.0,26.9124,75.7873,431.0
AWS-JAI-01,Jaipur Sanganer,2016-04-12 12:00:00,33.8,1004.7,21.0,26.9124,75.7873,431.0
AWS-JAI-01,Jaipur Sanganer,2016-04-12 15:00:00,30.0,1006.6,33.0,26.9124,75.7873,431.0
AWS-JAI-01,Jaipur Sanganer,2016-04-12 18:00:00,25.0,1008.1,41.0,26.9124,75.7873,431.0
AWS-JAI-01,Jaipur Sanganer,2016-04-12 21:00:00,22.6,1007.8,50.0,26.9124,75.7873,431.0
AWS-JAI-01,Jaipur Sanganer,2016-04-13 00:00:00,20.0,1007.2,51.0,26.9124,75.7873,431.0
AWS-JAI-01,Jaipur Sanganer,2016-04-13 03:00:00,25.0,1007.4,37.0,26.9124,75.7873,431.0
AWS-JAI-01,Jaipur Sanganer,2016-04-13 06:00:00,36.6,1005.8,18.0,26.9124,75.7873,431.0
AWS-JAI-01,Jaipur Sanganer,2016-04-13 09:00:00,39.6,1001.6,13.0,26.9124,75.7873,431.0
AWS-JAI-01,Jaipur Sanganer,2016-04-13 12:00:00,37.6,1000.3,14.0,26.9124,75.7873,431.0
AWS-JAI-01,Jaipur Sanganer,2016-04-13 15:00:00,33.4,1002.3,22.0,26.9124,75.7873,431.0
AWS-JAI-01,Jaipur Sanganer,2016-04-13 18:00:00,28.0,1003.9,33.0,26.9124,75.7873,431.0
AWS-JAI-01,Jaipur Sanganer,2016-04-13 21:00:00,23.6,1004.0,41.0,26.9124,75.7873,431.0
AWS-JAI-01,Jaipur Sanganer,2016-04-14 00:00:00,21.4,1003.7,44.0,26.9124,75.7873,431.0
AWS-JAI-01,Jaipur Sanganer,2016-04-14 03:00:00,27.8,1005.0,30.0,26.9124,75.7873,431.0
AWS-JAI-01,Jaipur Sanganer,2016-04-14 06:00:00,38.4,1004.4,14.0,26.9124,75.7873,431.0
AWS-JAI-01,Jaipur Sanganer,2016-04-14 09:00:00,42.0,1002.1,12.0,26.9124,75.7873,431.0
AWS-JAI-01,Jaipur Sanganer,2016-04-14 12:00:00,40.4,1000.9,10.0,26.9124,75.7873,431.0
AWS-JAI-01,Jaipur Sanganer,2016-04-14 15:00:00,34.2,1002.9,26.0,26.9124,75.7873,431.0
AWS-JAI-01,Jaipur Sanganer,2016-04-14 18:00:00,30.6,1004.5,26.0,26.9124,75.7873,431.0
AWS-JAI-01,Jaipur Sanganer,2016-04-14 21:00:00,28.0,1004.3,30.0,26.9124,75.7873,431.0
AWS-JAI-01,Jaipur Sanganer,2016-04-15 00:00:00,27.6,1004.9,32.0,26.9124,75.7873,431.0
AWS-JAI-01,Jaipur Sanganer,2016-04-15 03:00:00,30.0,1007.0,24.0,26.9124,75.7873,431.0
AWS-JAI-01,Jaipur Sanganer,2016-04-15 06:00:00,39.0,1005.9,17.0,26.9124,75.7873,431.0
AWS-JAI-01,Jaipur Sanganer,2016-04-15 09:00:00,43.0,1003.5,14.0,26.9124,75.7873,431.0
AWS-JAI-01,Jaipur Sanganer,2016-04-15 12:00:00,41.0,1002.4,14.0,26.9124,75.7873,431.0
AWS-JAI-01,Jaipur Sanganer,2016-04-15 15:00:00,35.4,1003.8,24.0,26.9124,75.7873,431.0
AWS-JAI-01,Jaipur Sanganer,2016-04-15 18:00:00,31.2,1004.8,32.0,26.9124,75.7873,431.0
AWS-JAI-01,Jaipur Sanganer,2016-04-15 21:00:00,29.4,1004.4,36.0,26.9124,75.7873,431.0
AWS-JAI-01,Jaipur Sanganer,2016-04-16 00:00:00,26.0,1004.3,41.0,26.9124,75.7873,431.0
AWS-JAI-01,Jaipur Sanganer,2016-04-16 03:00:00,31.0,1005.6,30.0,26.9124,75.7873,431.0
AWS-JAI-01,Jaipur Sanganer,2016-04-16 06:00:00,40.6,1004.3,23.0,26.9124,75.7873,431.0
AWS-JAI-01,Jaipur Sanganer,2016-04-16 09:00:00,43.8,1001.5,15.0,26.9124,75.7873,431.0
AWS-JAI-01,Jaipur Sanganer,2016-04-16 12:00:00,41.2,1000.0,14.0,26.9124,75.7873,431.0
AWS-JAI-01,Jaipur Sanganer,2016-04-16 15:00:00,35.4,1001.8,25.0,26.9124,75.7873,431.0
AWS-JAI-01,Jaipur Sanganer,2016-04-16 18:00:00,32.8,1003.0,19.0,26.9124,75.7873,431.0
AWS-JAI-01,Jaipur Sanganer,2016-04-16 21:00:00,30.0,1002.5,21.0,26.9124,75.7873,431.0
AWS-JAI-01,Jaipur Sanganer,2016-04-17 00:00:00,27.6,1001.8,32.0,26.9124,75.7873,431.0
AWS-JAI-01,Jaipur Sanganer,2016-04-17 03:00:00,29.6,1003.3,30.0,26.9124,75.7873,431.0
AWS-JAI-01,Jaipur Sanganer,2016-04-17 06:00:00,37.8,1002.8,26.0,26.9124,75.7873,431.0
AWS-JAI-01,Jaipur Sanganer,2016-04-17 09:00:00,41.0,1000.8,19.0,26.9124,75.7873,431.0
AWS-JAI-01,Jaipur Sanganer,2016-04-17 12:00:00,39.0,999.7,27.0,26.9124,75.7873,431.0
AWS-JAI-01,Jaipur Sanganer,2016-04-17 15:00:00,35.0,1001.9,33.0,26.9124,75.7873,431.0
AWS-JAI-01,Jaipur Sanganer,2016-04-17 18:00:00,32.0,1004.2,36.0,26.9124,75.7873,431.0
AWS-JAI-01,Jaipur Sanganer,2016-04-17 21:00:00,28.4,1004.4,55.0,26.9124,75.7873,431.0
AWS-JAI-01,Jaipur Sanganer,2016-04-18 00:00:00,26.0,1005.4,62.0,26.9124,75.7873,431.0
AWS-JAI-01,Jaipur Sanganer,2016-04-18 03:00:00,29.8,1007.1,46.0,26.9124,75.7873,431.0
AWS-JAI-01,Jaipur Sanganer,2016-04-18 06:00:00,37.4,1006.0,22.0,26.9124,75.7873,431.0
AWS-JAI-01,Jaipur Sanganer,2016-04-18 09:00:00,40.4,1003.7,18.0,26.9124,75.7873,431.0
AWS-JAI-01,Jaipur Sanganer,2016-04-18 12:00:00,40.0,1002.0,18.0,26.9124,75.7873,431.0
AWS-JAI-01,Jaipur Sanganer,2016-04-18 15:00:00,35.0,1004.3,24.0,26.9124,75.7873,431.0
AWS-JAI-01,Jaipur Sanganer,2016-04-18 18:00:00,31.4,1005.9,33.0,26.9124,75.7873,431.0
AWS-JAI-01,Jaipur Sanganer,2016-04-18 21:00:00,29.4,1005.8,36.0,26.9124,75.7873,431.0
AWS-JAI-01,Jaipur Sanganer,2016-04-19 00:00:00,28.0,1005.0,39.0,26.9124,75.7873,431.0
AWS-JAI-01,Jaipur Sanganer,2016-04-19 03:00:00,32.0,1006.9,29.0,26.9124,75.7873,431.0
AWS-JAI-01,Jaipur Sanganer,2016-04-19 06:00:00,39.4,1007.0,18.0,26.9124,75.7873,431.0
AWS-JAI-01,Jaipur Sanganer,2016-04-19 09:00:00,40.4,1005.1,13.0,26.9124,75.7873,431.0
AWS-JAI-01,Jaipur Sanganer,2016-04-19 12:00:00,38.4,1003.7,16.0,26.9124,75.7873,431.0
AWS-JAI-01,Jaipur Sanganer,2016-04-19 15:00:00,32.4,1005.8,27.0,26.9124,75.7873,431.0
AWS-JAI-01,Jaipur Sanganer,2016-04-19 18:00:00,27.4,1007.6,32.0,26.9124,75.7873,431.0
AWS-JAI-01,Jaipur Sanganer,2016-04-19 21:00:00,25.4,1007.3,33.0,26.9124,75.7873,431.0
AWS-JAI-01,Jaipur Sanganer,2016-04-20 00:00:00,23.8,1007.9,44.0,26.9124,75.7873,431.0
AWS-JAI-01,Jaipur Sanganer,2016-04-20 03:00:00,27.0,1010.1,41.0,26.9124,75.7873,431.0
AWS-JAI-01,Jaipur Sanganer,2016-04-20 06:00:00,36.2,1009.4,21.0,26.9124,75.7873,431.0
AWS-JAI-01,Jaipur Sanganer,2016-04-20 09:00:00,39.0,1006.6,15.0,26.9124,75.7873,431.0
AWS-JAI-01,Jaipur Sanganer,2016-04-20 12:00:00,38.2,1004.7,16.0,26.9124,75.7873,431.0
AWS-JAI-01,Jaipur Sanganer,2016-04-20 15:00:00,32.8,1007.2,28.0,26.9124,75.7873,431.0
AWS-JAI-01,Jaipur Sanganer,2016-04-20 18:00:00,29.4,1008.2,31.0,26.9124,75.7873,431.0
AWS-JAI-01,Jaipur Sanganer,2016-04-20 21:00:00,27.0,1007.7,37.0,26.9124,75.7873,431.0
AWS-JAI-01,Jaipur Sanganer,2016-04-21 00:00:00,22.8,1006.5,49.0,26.9124,75.7873,431.0
AWS-JAI-01,Jaipur Sanganer,2016-04-21 03:00:00,29.0,1007.4,37.0,26.9124,75.7873,431.0
AWS-JAI-01,Jaipur Sanganer,2016-04-21 06:00:00,38.4,1006.7,19.0,26.9124,75.7873,431.0
AWS-JAI-01,Jaipur Sanganer,2016-04-21 09:00:00,40.4,1003.2,12.0,26.9124,75.7873,431.0
AWS-JAI-01,Jaipur Sanganer,2016-04-21 12:00:00,39.4,1001.8,14.0,26.9124,75.7873,431.0
AWS-JAI-01,Jaipur Sanganer,2016-04-21 15:00:00,33.0,1002.2,27.0,26.9124,75.7873,431.0
AWS-JAI-01,Jaipur Sanganer,2016-04-21 18:00:00,29.0,1003.0,31.0,26.9124,75.7873,431.0
AWS-JAI-01,Jaipur Sanganer,2016-04-21 21:00:00,26.4,1001.7,34.0,26.9124,75.7873,431.0
AWS-JAI-01,Jaipur Sanganer,2016-04-22 00:00:00,26.0,1002.6,24.0,26.9124,75.7873,431.0
AWS-JAI-01,Jaipur Sanganer,2016-04-22 03:00:00,30.0,1002.3,26.0,26.9124,75.7873,431.0
AWS-JAI-01,Jaipur Sanganer,2016-04-22 06:00:00,38.8,1002.3,16.0,26.9124,75.7873,431.0
AWS-JAI-01,Jaipur Sanganer,2016-04-22 09:00:00,41.6,1000.2,27.0,26.9124,75.7873,431.0
AWS-JAI-01,Jaipur Sanganer,2016-04-22 12:00:00,38.8,998.4,10.0,26.9124,75.7873,431.0
AWS-JAI-01,Jaipur Sanganer,2016-04-22 15:00:00,34.6,999.8,12.0,26.9124,75.7873,431.0
AWS-JAI-01,Jaipur Sanganer,2016-04-22 18:00:00,29.6,1002.7,24.0,26.9124,75.7873,431.0
AWS-JAI-01,Jaipur Sanganer,2016-04-22 21:00:00,27.4,1001.6,30.0,26.9124,75.7873,431.0
AWS-JAI-01,Jaipur Sanganer,2016-04-23 00:00:00,21.6,1003.1,41.0,26.9124,75.7873,431.0
AWS-JAI-01,Jaipur Sanganer,2016-04-23 03:00:00,27.0,1004.2,34.0,26.9124,75.7873,431.0
AWS-JAI-01,Jaipur Sanganer,2016-04-23 06:00:00,37.0,1003.1,10.0,26.9124,75.7873,431.0
AWS-JAI-01,Jaipur Sanganer,2016-04-23 09:00:00,39.4,1000.3,5.0,26.9124,75.7873,431.0
AWS-JAI-01,Jaipur Sanganer,2016-04-23 12:00:00,37.4,999.4,4.0,26.9124,75.7873,431.0
AWS-JAI-01,Jaipur Sanganer,2016-04-23 15:00:00,29.4,1001.6,23.0,26.9124,75.7873,431.0
AWS-JAI-01,Jaipur Sanganer,2016-04-23 18:00:00,25.6,1003.2,17.0,26.9124,75.7873,431.0
AWS-JAI-01,Jaipur Sanganer,2016-04-23 21:00:00,23.0,1002.7,25.0,26.9124,75.7873,431.0
AWS-JAI-01,Jaipur Sanganer,2016-04-24 00:00:00,20.6,1002.2,34.0,26.9124,75.7873,431.0
AWS-JAI-01,Jaipur Sanganer,2016-04-24 03:00:00,26.4,1003.8,21.0,26.9124,75.7873,431.0
AWS-JAI-01,Jaipur Sanganer,2016-04-24 06:00:00,37.6,1003.0,11.0,26.9124,75.7873,431.0
AWS-JAI-01,Jaipur Sanganer,2016-04-24 09:00:00,40.0,1001.2,8.0,26.9124,75.7873,431.0
AWS-JAI-01,Jaipur Sanganer,2016-04-24 12:00:00,38.0,1000.5,5.0,26.9124,75.7873,431.0
AWS-JAI-01,Jaipur Sanganer,2016-04-24 15:00:00,30.4,1002.7,20.0,26.9124,75.7873,431.0
AWS-JAI-01,Jaipur Sanganer,2016-04-24 18:00:00,26.4,1003.9,25.0,26.9124,75.7873,431.0
AWS-JAI-01,Jaipur Sanganer,2016-04-24 21:00:00,23.8,1003.8,26.0,26.9124,75.7873,431.0
AWS-JAI-01,Jaipur Sanganer,2016-04-25 00:00:00,20.2,1004.0,32.0,26.9124,75.7873,431.0
AWS-JAI-01,Jaipur Sanganer,2016-04-25 03:00:00,27.0,1005.7,23.0,26.9124,75.7873,431.0
AWS-JAI-01,Jaipur Sanganer,2016-04-25 06:00:00,39.4,1004.4,8.0,26.9124,75.7873,431.0
AWS-JAI-01,Jaipur Sanganer,2016-04-25 09:00:00,40.6,1002.6,6.0,26.9124,75.7873,431.0
AWS-JAI-01,Jaipur Sanganer,2016-04-25 12:00:00,39.8,1001.3,8.0,26.9124,75.7873,431.0
AWS-JAI-01,Jaipur Sanganer,2016-04-25 15:00:00,32.8,1003.5,26.0,26.9124,75.7873,431.0
AWS-JAI-01,Jaipur Sanganer,2016-04-25 18:00:00,30.0,1005.7,23.0,26.9124,75.7873,431.0
AWS-JAI-01,Jaipur Sanganer,2016-04-25 21:00:00,28.0,1006.0,28.0,26.9124,75.7873,431.0
AWS-JAI-01,Jaipur Sanganer,2016-04-26 00:00:00,24.0,1006.4,32.0,26.9124,75.7873,431.0
AWS-JAI-01,Jaipur Sanganer,2016-04-26 03:00:00,29.0,1007.7,25.0,26.9124,75.7873,431.0
AWS-JAI-01,Jaipur Sanganer,2016-04-26 06:00:00,38.6,1007.0,12.0,26.9124,75.7873,431.0
AWS-JAI-01,Jaipur Sanganer,2016-04-26 09:00:00,42.0,1004.9,10.0,26.9124,75.7873,431.0
AWS-JAI-01,Jaipur Sanganer,2016-04-26 12:00:00,41.0,1003.5,8.0,26.9124,75.7873,431.0
AWS-JAI-01,Jaipur Sanganer,2016-04-26 15:00:00,34.0,1005.2,16.0,26.9124,75.7873,431.0
AWS-JAI-01,Jaipur Sanganer,2016-04-26 18:00:00,30.0,1006.5,23.0,26.9124,75.7873,431.0
AWS-JAI-01,Jaipur Sanganer,2016-04-26 21:00:00,28.4,1006.8,25.0,26.9124,75.7873,431.0
AWS-JAI-01,Jaipur Sanganer,2016-04-27 00:00:00,25.0,1006.4,28.0,26.9124,75.7873,431.0
AWS-JAI-01,Jaipur Sanganer,2016-04-27 03:00:00,29.4,1007.5,25.0,26.9124,75.7873,431.0
AWS-JAI-01,Jaipur Sanganer,2016-04-27 06:00:00,39.4,1006.4,11.0,26.9124,75.7873,431.0
AWS-JAI-01,Jaipur Sanganer,2016-04-27 09:00:00,40.4,1004.2,7.0,26.9124,75.7873,431.0
AWS-JAI-01,Jaipur Sanganer,2016-04-27 12:00:00,40.0,1002.9,8.0,26.9124,75.7873,431.0
AWS-JAI-01,Jaipur Sanganer,2016-04-27 15:00:00,33.4,1004.6,20.0,26.9124,75.7873,431.0
AWS-JAI-01,Jaipur Sanganer,2016-04-27 18:00:00,31.4,1005.9,19.0,26.9124,75.7873,431.0
AWS-JAI-01,Jaipur Sanganer,2016-04-27 21:00:00,30.2,1007.7,21.0,26.9124,75.7873,431.0
AWS-JAI-01,Jaipur Sanganer,2016-04-28 00:00:00,23.6,1006.1,37.0,26.9124,75.7873,431.0
AWS-JAI-01,Jaipur Sanganer,2016-04-28 03:00:00,28.6,1007.1,22.0,26.9124,75.7873,431.0
AWS-JAI-01,Jaipur Sanganer,2016-04-28 06:00:00,41.0,1005.8,8.0,26.9124,75.7873,431.0
AWS-JAI-01,Jaipur Sanganer,2016-04-28 09:00:00,42.4,1003.3,7.0,26.9124,75.7873,431.0
AWS-JAI-01,Jaipur Sanganer,2016-04-28 12:00:00,40.8,1002.6,8.0,26.9124,75.7873,431.0
AWS-JAI-01,Jaipur Sanganer,2016-04-28 15:00:00,34.8,1004.5,24.0,26.9124,75.7873,431.0
AWS-JAI-01,Jaipur Sanganer,2016-04-28 18:00:00,29.2,1005.9,25.0,26.9124,75.7873,431.0
AWS-JAI-01,Jaipur Sanganer,2016-04-28 21:00:00,26.6,1005.8,28.0,26.9124,75.7873,431.0
AWS-JAI-01,Jaipur Sanganer,2016-04-29 00:00:00,24.4,1005.9,34.0,26.9124,75.7873,431.0
AWS-JAI-01,Jaipur Sanganer,2016-04-29 03:00:00,31.0,1006.8,22.0,26.9124,75.7873,431.0
AWS-JAI-01,Jaipur Sanganer,2016-04-29 06:00:00,40.0,1006.2,10.0,26.9124,75.7873,431.0
AWS-JAI-01,Jaipur Sanganer,2016-04-29 09:00:00,42.4,1004.5,7.0,26.9124,75.7873,431.0
AWS-JAI-01,Jaipur Sanganer,2016-04-29 12:00:00,40.6,1002.7,7.0,26.9124,75.7873,431.0
AWS-JAI-01,Jaipur Sanganer,2016-04-29 15:00:00,35.4,1004.7,12.0,26.9124,75.7873,431.0
AWS-JAI-01,Jaipur Sanganer,2016-04-29 18:00:00,32.4,1006.0,18.0,26.9124,75.7873,431.0
AWS-JAI-01,Jaipur Sanganer,2016-04-29 21:00:00,29.8,1006.1,20.0,26.9124,75.7873,431.0
AWS-JAI-01,Jaipur Sanganer,2016-04-30 00:00:00,24.0,1006.3,29.0,26.9124,75.7873,431.0
AWS-JAI-01,Jaipur Sanganer,2016-04-30 03:00:00,30.8,1006.2,26.0,26.9124,75.7873,431.0
AWS-JAI-01,Jaipur Sanganer,2016-04-30 06:00:00,41.4,1005.4,10.0,26.9124,75.7873,431.0
AWS-JAI-01,Jaipur Sanganer,2016-04-30 09:00:00,44.0,1003.2,7.0,26.9124,75.7873,431.0
AWS-JAI-01,Jaipur Sanganer,2016-04-30 12:00:00,42.0,1002.2,8.0,26.9124,75.7873,431.0
AWS-JAI-01,Jaipur Sanganer,2016-04-30 15:00:00,33.8,1003.6,21.0,26.9124,75.7873,431.0
AWS-JAI-01,Jaipur Sanganer,2016-04-30 18:00:00,28.4,1004.4,23.0,26.9124,75.7873,431.0
AWS-JAI-01,Jaipur Sanganer,2016-04-30 21:00:00,26.8,1003.8,28.0,26.9124,75.7873,431.0
AWS-JAI-01,Jaipur Sanganer,2016-05-01 00:00:00,24.0,1011.5,28.0,26.9124,75.7873,431.0
AWS-JAI-01,Jaipur Sanganer,2016-05-01 03:00:00,32.0,1004.5,21.0,26.9124,75.7873,431.0
AWS-JAI-01,Jaipur Sanganer,2016-05-01 06:00:00,42.6,1003.5,10.0,26.9124,75.7873,431.0
AWS-JAI-01,Jaipur Sanganer,2016-05-01 09:00:00,45.4,1000.2,5.0,26.9124,75.7873,431.0
AWS-JAI-01,Jaipur Sanganer,2016-05-01 12:00:00,43.4,999.0,6.0,26.9124,75.7873,431.0
AWS-JAI-01,Jaipur Sanganer,2016-05-01 15:00:00,34.8,1000.6,22.0,26.9124,75.7873,431.0
AWS-JAI-01,Jaipur Sanganer,2016-05-01 18:00:00,29.8,1002.0,23.0,26.9124,75.7873,431.0
AWS-JAI-01,Jaipur Sanganer,2016-05-01 21:00:00,28.2,1001.5,25.0,26.9124,75.7873,431.0
AWS-JAI-01,Jaipur Sanganer,2016-05-02 00:00:00,27.2,1001.9,27.0,26.9124,75.7873,431.0
AWS-JAI-01,Jaipur Sanganer,2016-05-02 03:00:00,34.4,1003.1,20.0,26.9124,75.7873,431.0
AWS-JAI-01,Jaipur Sanganer,2016-05-02 06:00:00,40.4,1002.6,17.0,26.9124,75.7873,431.0
AWS-JAI-01,Jaipur Sanganer,2016-05-02 09:00:00,44.0,999.8,10.0,26.9124,75.7873,431.0
AWS-JAI-01,Jaipur Sanganer,2016-05-02 12:00:00,44.4,999.3,11.0,26.9124,75.7873,431.0
AWS-JAI-01,Jaipur Sanganer,2016-05-02 15:00:00,36.8,1002.4,14.0,26.9124,75.7873,431.0
AWS-JAI-01,Jaipur Sanganer,2016-05-02 18:00:00,33.2,1004.0,27.0,26.9124,75.7873,431.0
AWS-JAI-01,Jaipur Sanganer,2016-05-02 21:00:00,30.6,1003.8,28.0,26.9124,75.7873,431.0
AWS-JAI-01,Jaipur Sanganer,2016-05-03 00:00:00,29.0,1002.6,35.0,26.9124,75.7873,431.0
AWS-JAI-01,Jaipur Sanganer,2016-05-03 03:00:00,34.0,1004.3,28.0,26.9124,75.7873,431.0
AWS-JAI-01,Jaipur Sanganer,2016-05-03 06:00:00,40.4,1003.6,18.0,26.9124,75.7873,431.0
AWS-JAI-01,Jaipur Sanganer,2016-05-03 09:00:00,43.2,1001.0,10.0,26.9124,75.7873,431.0
AWS-JAI-01,Jaipur Sanganer,2016-05-03 12:00:00,41.6,999.3,8.0,26.9124,75.7873,431.0
AWS-JAI-01,Jaipur Sanganer,2016-05-03 15:00:00,35.6,1000.9,20.0,26.9124,75.7873,431.0
AWS-JAI-01,Jaipur Sanganer,2016-05-03 18:00:00,33.2,1003.0,23.0,26.9124,75.7873,431.0
AWS-JAI-01,Jaipur Sanganer,2016-05-03 21:00:00,32.4,1001.3,23.0,26.9124,75.7873,431.0
AWS-JAI-01,Jaipur Sanganer,2016-05-04 00:00:00,30.4,1001.9,27.0,26.9124,75.7873,431.0
AWS-JAI-01,Jaipur Sanganer,2016-05-04 03:00:00,33.2,1003.5,25.0,26.9124,75.7873,431.0
AWS-JAI-01,Jaipur Sanganer,2016-05-04 06:00:00,34.8,1004.7,28.0,26.9124,75.7873,431.0
AWS-JAI-01,Jaipur Sanganer,2016-05-04 09:00:00,41.0,1001.8,18.0,26.9124,75.7873,431.0
AWS-JAI-01,Jaipur Sanganer,2016-05-04 12:00:00,39.4,1000.2,18.0,26.9124,75.7873,431.0
AWS-JAI-01,Jaipur Sanganer,2016-05-04 15:00:00,34.6,1001.6,28.0,26.9124,75.7873,431.0
AWS-JAI-01,Jaipur Sanganer,2016-05-04 18:00:00,32.2,1003.8,26.0,26.9124,75.7873,431.0
AWS-JAI-01,Jaipur Sanganer,2016-05-04 21:00:00,28.8,1006.0,41.0,26.9124,75.7873,431.0
AWS-JAI-01,Jaipur Sanganer,2016-05-05 00:00:00,22.6,1005.6,74.0,26.9124,75.7873,431.0
AWS-JAI-01,Jaipur Sanganer,2016-05-05 03:00:00,27.0,1006.7,59.0,26.9124,75.7873,431.0
AWS-JAI-01,Jaipur Sanganer,2016-05-05 06:00:00,30.6,1009.2,50.0,26.9124,75.7873,431.0
AWS-JAI-01,Jaipur Sanganer,2016-05-05 09:00:00,33.8,1006.3,43.0,26.9124,75.7873,431.0
AWS-JAI-01,Jaipur Sanganer,2016-05-05 12:00:00,34.6,1003.8,38.0,26.9124,75.7873,431.0
AWS-JAI-01,Jaipur Sanganer,2016-05-05 15:00:00,22.4,1006.6,81.0,26.9124,75.7873,431.0
AWS-JAI-01,Jaipur Sanganer,2016-05-05 18:00:00,23.0,1007.7,79.0,26.9124,75.7873,431.0
AWS-JAI-01,Jaipur Sanganer,2016-05-05 21:00:00,22.6,1006.4,86.0,26.9124,75.7873,431.0
AWS-JAI-01,Jaipur Sanganer,2016-05-06 00:00:00,22.4,1006.8,87.0,26.9124,75.7873,431.0
AWS-JAI-01,Jaipur Sanganer,2016-05-06 03:00:00,24.4,1007.4,69.0,26.9124,75.7873,431.0
AWS-JAI-01,Jaipur Sanganer,2016-05-06 06:00:00,30.6,1008.2,52.0,26.9124,75.7873,431.0
AWS-JAI-01,Jaipur Sanganer,2016-05-06 09:00:00,34.8,1005.3,37.0,26.9124,75.7873,431.0
AWS-JAI-01,Jaipur Sanganer,2016-05-06 12:00:00,34.4,1003.6,30.0,26.9124,75.7873,431.0
AWS-JAI-01,Jaipur Sanganer,2016-05-06 15:00:00,30.0,1005.1,59.0,26.9124,75.7873,431.0
AWS-JAI-01,Jaipur Sanganer,2016-05-06 18:00:00,28.0,1005.7,63.0,26.9124,75.7873,431.0
AWS-JAI-01,Jaipur Sanganer,2016-05-06 21:00:00,26.2,1005.6,68.0,26.9124,75.7873,431.0
AWS-JAI-01,Jaipur Sanganer,2016-05-07 00:00:00,25.0,1005.5,71.0,26.9124,75.7873,431.0
AWS-JAI-01,Jaipur Sanganer,2016-05-07 03:00:00,28.6,1006.6,50.0,26.9124,75.7873,431.0
AWS-JAI-01,Jaipur Sanganer,2016-05-07 06:00:00,37.0,1005.5,30.0,26.9124,75.7873,431.0
AWS-JAI-01,Jaipur Sanganer,2016-05-07 09:00:00,39.8,1003.1,18.0,26.9124,75.7873,431.0
AWS-JAI-01,Jaipur Sanganer,2016-05-07 12:00:00,39.0,1001.8,18.0,26.9124,75.7873,431.0
AWS-JAI-01,Jaipur Sanganer,2016-05-07 15:00:00,33.0,1003.3,42.0,26.9124,75.7873,431.0
AWS-JAI-01,Jaipur Sanganer,2016-05-07 18:00:00,30.0,1004.8,49.0,26.9124,75.7873,431.0
AWS-JAI-01,Jaipur Sanganer,2016-05-07 21:00:00,27.4,1004.6,60.0,26.9124,75.7873,431.0
AWS-JAI-01,Jaipur Sanganer,2016-05-08 00:00:00,26.6,1005.1,65.0,26.9124,75.7873,431.0
AWS-JAI-01,Jaipur Sanganer,2016-05-08 03:00:00,31.0,1005.9,46.0,26.9124,75.7873,431.0
AWS-JAI-01,Jaipur Sanganer,2016-05-08 06:00:00,39.6,1005.9,22.0,26.9124,75.7873,431.0
AWS-JAI-01,Jaipur Sanganer,2016-05-08 09:00:00,42.0,1003.7,22.0,26.9124,75.7873,431.0
AWS-JAI-01,Jaipur Sanganer,2016-05-08 12:00:00,41.4,1002.0,20.0,26.9124,75.7873,431.0
AWS-JAI-01,Jaipur Sanganer,2016-05-08 15:00:00,35.2,1002.9,28.0,26.9124,75.7873,431.0
AWS-JAI-01,Jaipur Sanganer,2016-05-08 18:00:00,31.6,1004.1,41.0,26.9124,75.7873,431.0
AWS-JAI-01,Jaipur Sanganer,2016-05-08 21:00:00,30.4,1003.7,45.0,26.9124,75.7873,431.0
AWS-JAI-01,Jaipur Sanganer,2016-05-09 00:00:00,27.4,1004.6,55.0,26.9124,75.7873,431.0
AWS-JAI-01,Jaipur Sanganer,2016-05-09 03:00:00,33.0,1005.5,35.0,26.9124,75.7873,431.0
AWS-JAI-01,Jaipur Sanganer,2016-05-09 06:00:00,41.0,1004.9,22.0,26.9124,75.7873,431.0
AWS-JAI-01,Jaipur Sanganer,2016-05-09 09:00:00,44.0,1002.3,18.0,26.9124,75.7873,431.0
AWS-JAI-01,Jaipur Sanganer,2016-05-09 12:00:00,43.0,999.2,15.0,26.9124,75.7873,431.0
AWS-JAI-01,Jaipur Sanganer,2016-05-09 15:00:00,38.4,1001.3,21.0,26.9124,75.7873,431.0
AWS-JAI-01,Jaipur Sanganer,2016-05-09 18:00:00,34.8,1003.4,36.0,26.9124,75.7873,431.0
AWS-JAI-01,Jaipur Sanganer,2016-05-09 21:00:00,31.6,1003.7,44.0,26.9124,75.7873,431.0
AWS-JAI-01,Jaipur Sanganer,2016-05-10 00:00:00,29.8,1004.3,42.0,26.9124,75.7873,431.0
AWS-JAI-01,Jaipur Sanganer,2016-05-10 03:00:00,32.8,1005.3,35.0,26.9124,75.7873,431.0
AWS-JAI-01,Jaipur Sanganer,2016-05-10 06:00:00,42.0,1004.5,16.0,26.9124,75.7873,431.0
AWS-JAI-01,Jaipur Sanganer,2016-05-10 09:00:00,43.6,1001.7,16.0,26.9124,75.7873,431.0
AWS-JAI-01,Jaipur Sanganer,2016-05-10 12:00:00,39.4,1000.1,22.0,26.9124,75.7873,431.0
AWS-JAI-01,Jaipur Sanganer,2016-05-10 15:00:00,38.4,1003.0,41.0,26.9124,75.7873,431.0
AWS-JAI-01,Jaipur Sanganer,2016-05-10 18:00:00,32.8,1006.0,43.0,26.9124,75.7873,431.0
AWS-JAI-01,Jaipur Sanganer,2016-05-10 21:00:00,30.0,1006.1,47.0,26.9124,75.7873,431.0
AWS-JAI-01,Jaipur Sanganer,2016-05-11 00:00:00,28.4,1005.6,61.0,26.9124,75.7873,431.0
AWS-JAI-01,Jaipur Sanganer,2016-05-11 03:00:00,30.4,1007.1,48.0,26.9124,75.7873,431.0
AWS-JAI-01,Jaipur Sanganer,2016-05-11 06:00:00,39.0,1005.8,27.0,26.9124,75.7873,431.0
AWS-JAI-01,Jaipur Sanganer,2016-05-11 09:00:00,42.8,1003.2,18.0,26.9124,75.7873,431.0
AWS-JAI-01,Jaipur Sanganer,2016-05-11 12:00:00,41.4,1000.4,16.0,26.9124,75.7873,431.0
AWS-JAI-01,Jaipur Sanganer,2016-05-11 15:00:00,36.4,1002.1,24.0,26.9124,75.7873,431.0
AWS-JAI-01,Jaipur Sanganer,2016-05-11 18:00:00,33.6,1003.3,37.0,26.9124,75.7873,431.0
AWS-JAI-01,Jaipur Sanganer,2016-05-11 21:00:00,30.6,1002.8,52.0,26.9124,75.7873,431.0
AWS-JAI-01,Jaipur Sanganer,2016-05-12 00:00:00,28.4,1003.7,61.0,26.9124,75.7873,431.0
AWS-JAI-01,Jaipur Sanganer,2016-05-12 03:00:00,32.8,1003.8,49.0,26.9124,75.7873,431.0
AWS-JAI-01,Jaipur Sanganer,2016-05-12 06:00:00,41.0,1002.7,23.0,26.9124,75.7873,431.0
AWS-JAI-01,Jaipur Sanganer,2016-05-12 09:00:00,42.4,1000.4,21.0,26.9124,75.7873,431.0
AWS-JAI-01,Jaipur Sanganer,2016-05-12 12:00:00,41.8,999.7,23.0,26.9124,75.7873,431.0
AWS-JAI-01,Jaipur Sanganer,2016-05-12 15:00:00,34.6,999.9,28.0,26.9124,75.7873,431.0
AWS-JAI-01,Jaipur Sanganer,2016-05-12 18:00:00,31.6,1001.4,42.0,26.9124,75.7873,431.0
AWS-JAI-01,Jaipur Sanganer,2016-05-12 21:00:00,30.0,1001.2,50.0,26.9124,75.7873,431.0
AWS-JAI-01,Jaipur Sanganer,2016-05-13 00:00:00,29.0,1000.5,50.0,26.9124,75.7873,431.0
AWS-JAI-01,Jaipur Sanganer,2016-05-13 03:00:00,36.4,1000.9,26.0,26.9124,75.7873,431.0
AWS-JAI-01,Jaipur Sanganer,2016-05-13 06:00:00,41.0,1002.0,25.0,26.9124,75.7873,431.0
AWS-JAI-01,Jaipur Sanganer,2016-05-13 09:00:00,44.2,998.8,18.0,26.9124,75.7873,431.0
AWS-JAI-01,Jaipur Sanganer,2016-05-13 12:00:00,40.0,998.0,20.0,26.9124,75.7873,431.0
AWS-JAI-01,Jaipur Sanganer,2016-05-13 15:00:00,34.8,999.8,32.0,26.9124,75.7873,431.0
AWS-JAI-01,Jaipur Sanganer,2016-05-13 18:00:00,34.4,1001.4,31.0,26.9124,75.7873,431.0
AWS-JAI-01,Jaipur Sanganer,2016-05-13 21:00:00,31.2,1001.0,40.0,26.9124,75.7873,431.0
AWS-JAI-01,Jaipur Sanganer,2016-05-14 00:00:00,29.0,1001.7,46.0,26.9124,75.7873,431.0
AWS-JAI-01,Jaipur Sanganer,2016-05-14 03:00:00,35.0,1003.5,33.0,26.9124,75.7873,431.0
AWS-JAI-01,Jaipur Sanganer,2016-05-14 06:00:00,42.0,1003.1,23.0,26.9124,75.7873,431.0
AWS-JAI-01,Jaipur Sanganer,2016-05-14 09:00:00,45.0,1000.9,15.0,26.9124,75.7873,431.0
AWS-JAI-01,Jaipur Sanganer,2016-05-14 12:00:00,39.6,1000.9,27.0,26.9124,75.7873,431.0
AWS-JAI-01,Jaipur Sanganer,2016-05-14 15:00:00,36.0,1001.5,34.0,26.9124,75.7873,431.0
AWS-JAI-01,Jaipur Sanganer,2016-05-14 18:00:00,32.0,1003.0,38.0,26.9124,75.7873,431.0
AWS-JAI-01,Jaipur Sanganer,2016-05-14 21:00:00,30.2,1002.5,40.0,26.9124,75.7873,431.0
AWS-JAI-01,Jaipur Sanganer,2016-05-15 00:00:00,28.0,1003.7,47.0,26.9124,75.7873,431.0
AWS-JAI-01,Jaipur Sanganer,2016-05-15 03:00:00,33.4,1005.1,35.0,26.9124,75.7873,431.0
AWS-JAI-01,Jaipur Sanganer,2016-05-15 06:00:00,40.8,1004.8,20.0,26.9124,75.7873,431.0
AWS-JAI-01,Jaipur Sanganer,2016-05-15 09:00:00,43.8,1002.2,17.0,26.9124,75.7873,431.0
AWS-JAI-01,Jaipur Sanganer,2016-05-15 12:00:00,43.0,1000.6,16.0,26.9124,75.7873,431.0
AWS-JAI-01,Jaipur Sanganer,2016-05-15 15:00:00,37.0,1001.9,29.0,26.9124,75.7873,431.0
AWS-JAI-01,Jaipur Sanganer,2016-05-15 18:00:00,35.4,1002.2,27.0,26.9124,75.7873,431.0
AWS-JAI-01,Jaipur Sanganer,2016-05-15 21:00:00,31.0,1001.6,40.0,26.9124,75.7873,431.0
AWS-JAI-01,Jaipur Sanganer,2016-05-16 00:00:00,28.4,1001.5,49.0,26.9124,75.7873,431.0
AWS-JAI-01,Jaipur Sanganer,2016-05-16 03:00:00,35.0,1002.9,26.0,26.9124,75.7873,431.0
AWS-JAI-01,Jaipur Sanganer,2016-05-16 06:00:00,41.4,1002.1,18.0,26.9124,75.7873,431.0
AWS-JAI-01,Jaipur Sanganer,2016-05-16 09:00:00,45.0,998.6,14.0,26.9124,75.7873,431.0
AWS-JAI-01,Jaipur Sanganer,2016-05-16 12:00:00,44.0,997.0,12.0,26.9124,75.7873,431.0
AWS-JAI-01,Jaipur Sanganer,2016-05-16 15:00:00,35.8,999.5,26.0,26.9124,75.7873,431.0
AWS-JAI-01,Jaipur Sanganer,2016-05-16 18:00:00,33.0,1000.4,32.0,26.9124,75.7873,431.0
AWS-JAI-01,Jaipur Sanganer,2016-05-16 21:00:00,30.4,1000.3,38.0,26.9124,75.7873,431.0
AWS-JAI-01,Jaipur Sanganer,2016-05-17 00:00:00,27.4,1000.2,48.0,26.9124,75.7873,431.0
AWS-JAI-01,Jaipur Sanganer,2016-05-17 03:00:00,34.6,1001.2,31.0,26.9124,75.7873,431.0
AWS-JAI-01,Jaipur Sanganer,2016-05-17 06:00:00,42.8,1000.7,15.0,26.9124,75.7873,431.0
AWS-JAI-01,Jaipur Sanganer,2016-05-17 09:00:00,46.0,997.4,13.0,26.9124,75.7873,431.0
AWS-JAI-01,Jaipur Sanganer,2016-05-17 12:00:00,45.0,995.8,13.0,26.9124,75.7873,431.0
AWS-JAI-01,Jaipur Sanganer,2016-05-17 15:00:00,38.4,997.0,21.0,26.9124,75.7873,431.0
AWS-JAI-01,Jaipur Sanganer,2016-05-17 18:00:00,32.6,998.2,33.0,26.9124,75.7873,431.0
AWS-JAI-01,Jaipur Sanganer,2016-05-17 21:00:00,29.4,997.6,40.0,26.9124,75.7873,431.0
AWS-JAI-01,Jaipur Sanganer,2016-05-18 00:00:00,27.2,998.7,48.0,26.9124,75.7873,431.0
AWS-JAI-01,Jaipur Sanganer,2016-05-18 03:00:00,36.4,999.4,26.0,26.9124,75.7873,431.0
AWS-JAI-01,Jaipur Sanganer,2016-05-18 06:00:00,44.6,998.0,15.0,26.9124,75.7873,431.0
AWS-JAI-01,Jaipur Sanganer,2016-05-18 09:00:00,47.6,995.5,10.0,26.9124,75.7873,431.0
AWS-JAI-01,Jaipur Sanganer,2016-05-18 12:00:00,47.2,993.8,15.0,26.9124,75.7873,431.0
AWS-JAI-01,Jaipur Sanganer,2016-05-18 15:00:00,38.8,995.5,26.0,26.9124,75.7873,431.0
AWS-JAI-01,Jaipur Sanganer,2016-05-18 18:00:00,33.8,997.0,27.0,26.9124,75.7873,431.0
AWS-JAI-01,Jaipur Sanganer,2016-05-18 21:00:00,30.4,997.1,34.0,26.9124,75.7873,431.0
AWS-JAI-01,Jaipur Sanganer,2016-05-19 00:00:00,28.8,996.5,35.0,26.9124,75.7873,431.0
AWS-JAI-01,Jaipur Sanganer,2016-05-19 03:00:00,36.4,997.6,22.0,26.9124,75.7873,431.0
AWS-JAI-01,Jaipur Sanganer,2016-05-19 06:00:00,45.0,996.5,15.0,26.9124,75.7873,431.0
AWS-JAI-01,Jaipur Sanganer,2016-05-19 09:00:00,48.8,994.0,10.0,26.9124,75.7873,431.0
AWS-JAI-01,Jaipur Sanganer,2016-05-19 12:00:00,48.0,991.7,15.0,26.9124,75.7873,431.0
AWS-JAI-01,Jaipur Sanganer,2016-05-19 15:00:00,40.0,993.4,26.0,26.9124,75.7873,431.0
AWS-JAI-01,Jaipur Sanganer,2016-05-19 18:00:00,36.6,995.1,33.0,26.9124,75.7873,431.0
AWS-JAI-01,Jaipur Sanganer,2016-05-19 21:00:00,34.4,994.7,39.0,26.9124,75.7873,431.0
AWS-JAI-01,Jaipur Sanganer,2016-05-20 00:00:00,31.4,995.4,52.0,26.9124,75.7873,431.0
AWS-JAI-01,Jaipur Sanganer,2016-05-20 03:00:00,35.8,996.7,39.0,26.9124,75.7873,431.0
AWS-JAI-01,Jaipur Sanganer,2016-05-20 06:00:00,44.4,995.3,20.0,26.9124,75.7873,431.0
AWS-JAI-01,Jaipur Sanganer,2016-05-20 09:00:00,47.6,993.3,14.0,26.9124,75.7873,431.0
AWS-JAI-01,Jaipur Sanganer,2016-05-20 12:00:00,46.0,991.4,15.0,26.9124,75.7873,431.0
AWS-JAI-01,Jaipur Sanganer,2016-05-20 15:00:00,40.0,992.9,26.0,26.9124,75.7873,431.0
AWS-JAI-01,Jaipur Sanganer,2016-05-20 18:00:00,37.0,994.9,30.0,26.9124,75.7873,431.0
AWS-JAI-01,Jaipur Sanganer,2016-05-20 21:00:00,34.8,994.8,33.0,26.9124,75.7873,431.0
AWS-JAI-01,Jaipur Sanganer,2016-05-21 00:00:00,32.0,994.8,38.0,26.9124,75.7873,431.0
AWS-JAI-01,Jaipur Sanganer,2016-05-21 03:00:00,38.0,996.3,36.0,26.9124,75.7873,431.0
AWS-JAI-01,Jaipur Sanganer,2016-05-21 06:00:00,43.6,995.9,25.0,26.9124,75.7873,431.0
AWS-JAI-01,Jaipur Sanganer,2016-05-21 09:00:00,48.4,992.5,12.0,26.9124,75.7873,431.0
AWS-JAI-01,Jaipur Sanganer,2016-05-21 12:00:00,47.0,991.0,11.0,26.9124,75.7873,431.0
AWS-JAI-01,Jaipur Sanganer,2016-05-21 15:00:00,42.0,993.0,22.0,26.9124,75.7873,431.0
AWS-JAI-01,Jaipur Sanganer,2016-05-21 18:00:00,39.0,994.5,33.0,26.9124,75.7873,431.0
AWS-JAI-01,Jaipur Sanganer,2016-05-21 21:00:00,36.4,994.8,43.0,26.9124,75.7873,431.0
AWS-JAI-01,Jaipur Sanganer,2016-05-22 00:00:00,34.0,995.8,51.0,26.9124,75.7873,431.0
AWS-JAI-01,Jaipur Sanganer,2016-05-22 03:00:00,35.6,998.3,51.0,26.9124,75.7873,431.0
AWS-JAI-01,Jaipur Sanganer,2016-05-22 06:00:00,42.4,996.7,33.0,26.9124,75.7873,431.0
AWS-JAI-01,Jaipur Sanganer,2016-05-22 09:00:00,46.2,994.9,26.0,26.9124,75.7873,431.0
AWS-JAI-01,Jaipur Sanganer,2016-05-22 12:00:00,46.0,992.6,20.0,26.9124,75.7873,431.0
AWS-JAI-01,Jaipur Sanganer,2016-05-22 15:00:00,41.0,995.7,26.0,26.9124,75.7873,431.0
AWS-JAI-01,Jaipur Sanganer,2016-05-22 18:00:00,37.8,996.9,38.0,26.9124,75.7873,431.0
AWS-JAI-01,Jaipur Sanganer,2016-05-22 21:00:00,35.4,996.9,45.0,26.9124,75.7873,431.0
AWS-JAI-01,Jaipur Sanganer,2016-05-23 00:00:00,33.4,997.9,54.0,26.9124,75.7873,431.0
AWS-JAI-01,Jaipur Sanganer,2016-05-23 03:00:00,34.4,998.0,56.0,26.9124,75.7873,431.0
AWS-JAI-01,Jaipur Sanganer,2016-05-23 06:00:00,40.4,997.2,38.0,26.9124,75.7873,431.0
AWS-JAI-01,Jaipur Sanganer,2016-05-23 09:00:00,44.4,995.6,29.0,26.9124,75.7873,431.0
AWS-JAI-01,Jaipur Sanganer,2016-05-23 12:00:00,42.6,993.0,27.0,26.9124,75.7873,431.0
AWS-JAI-01,Jaipur Sanganer,2016-05-23 15:00:00,27.6,999.4,69.0,26.9124,75.7873,431.0
AWS-JAI-01,Jaipur Sanganer,2016-05-23 18:00:00,27.0,998.5,72.0,26.9124,75.7873,431.0
AWS-JAI-01,Jaipur Sanganer,2016-05-23 21:00:00,31.6,996.6,43.0,26.9124,75.7873,431.0
AWS-JAI-01,Jaipur Sanganer,2016-05-24 00:00:00,28.4,998.5,61.0,26.9124,75.7873,431.0
AWS-JAI-01,Jaipur Sanganer,2016-05-24 03:00:00,30.8,1001.2,57.0,26.9124,75.7873,431.0
AWS-JAI-01,Jaipur Sanganer,2016-05-24 06:00:00,36.6,999.7,44.0,26.9124,75.7873,431.0
AWS-JAI-01,Jaipur Sanganer,2016-05-24 09:00:00,39.6,997.6,39.0,26.9124,75.7873,431.0
AWS-JAI-01,Jaipur Sanganer,2016-05-24 12:00:00,40.2,995.3,28.0,26.9124,75.7873,431.0
AWS-JAI-01,Jaipur Sanganer,2016-05-24 15:00:00,36.6,996.7,28.0,26.9124,75.7873,431.0
AWS-JAI-01,Jaipur Sanganer,2016-05-24 18:00:00,32.4,998.3,46.0,26.9124,75.7873,431.0
AWS-JAI-01,Jaipur Sanganer,2016-05-24 21:00:00,30.8,997.4,54.0,26.9124,75.7873,431.0
AWS-JAI-01,Jaipur Sanganer,2016-05-25 00:00:00,29.8,997.4,60.0,26.9124,75.7873,431.0
AWS-JAI-01,Jaipur Sanganer,2016-05-25 03:00:00,34.6,998.8,54.0,26.9124,75.7873,431.0
AWS-JAI-01,Jaipur Sanganer,2016-05-25 06:00:00,37.4,999.2,42.0,26.9124,75.7873,431.0
AWS-JAI-01,Jaipur Sanganer,2016-05-25 09:00:00,41.0,994.3,33.0,26.9124,75.7873,431.0
AWS-JAI-01,Jaipur Sanganer,2016-05-25 12:00:00,40.2,993.3,32.0,26.9124,75.7873,431.0
AWS-JAI-01,Jaipur Sanganer,2016-05-25 15:00:00,37.4,994.4,35.0,26.9124,75.7873,431.0
AWS-JAI-01,Jaipur Sanganer,2016-05-25 18:00:00,32.4,996.3,51.0,26.9124,75.7873,431.0
AWS-JAI-01,Jaipur Sanganer,2016-05-25 21:00:00,31.0,995.5,55.0,26.9124,75.7873,431.0
AWS-JAI-01,Jaipur Sanganer,2016-05-26 00:00:00,30.8,996.9,57.0,26.9124,75.7873,431.0
AWS-JAI-01,Jaipur Sanganer,2016-05-26 03:00:00,34.0,999.2,41.0,26.9124,75.7873,431.0
AWS-JAI-01,Jaipur Sanganer,2016-05-26 06:00:00,38.0,999.4,36.0,26.9124,75.7873,431.0
AWS-JAI-01,Jaipur Sanganer,2016-05-26 09:00:00,41.6,997.1,28.0,26.9124,75.7873,431.0
AWS-JAI-01,Jaipur Sanganer,2016-05-26 12:00:00,41.2,995.7,29.0,26.9124,75.7873,431.0
AWS-JAI-01,Jaipur Sanganer,2016-05-26 15:00:00,39.6,996.9,33.0,26.9124,75.7873,431.0
AWS-JAI-01,Jaipur Sanganer,2016-05-26 18:00:00,39.0,999.1,31.0,26.9124,75.7873,431.0
AWS-JAI-01,Jaipur Sanganer,2016-05-26 21:00:00,30.0,999.8,53.0,26.9124,75.7873,431.0
AWS-JAI-01,Jaipur Sanganer,2016-05-27 00:00:00,32.0,1001.7,47.0,26.9124,75.7873,431.0
AWS-JAI-01,Jaipur Sanganer,2016-05-27 03:00:00,32.8,1001.5,49.0,26.9124,75.7873,431.0
AWS-JAI-01,Jaipur Sanganer,2016-05-27 06:00:00,38.4,1000.9,34.0,26.9124,75.7873,431.0
AWS-JAI-01,Jaipur Sanganer,2016-05-27 09:00:00,42.2,998.9,24.0,26.9124,75.7873,431.0
AWS-JAI-01,Jaipur Sanganer,2016-05-27 12:00:00,41.8,997.9,22.0,26.9124,75.7873,431.0
AWS-JAI-01,Jaipur Sanganer,2016-05-27 15:00:00,37.8,999.1,32.0,26.9124,75.7873,431.0
AWS-JAI-01,Jaipur Sanganer,2016-05-27 18:00:00,35.0,999.8,37.0,26.9124,75.7873,431.0
AWS-JAI-01,Jaipur Sanganer,2016-05-27 21:00:00,34.4,998.9,39.0,26.9124,75.7873,431.0
AWS-JAI-01,Jaipur Sanganer,2016-05-28 00:00:00,32.2,1000.5,50.0,26.9124,75.7873,431.0
AWS-JAI-01,Jaipur Sanganer,2016-05-28 03:00:00,33.8,1002.0,48.0,26.9124,75.7873,431.0
AWS-JAI-01,Jaipur Sanganer,2016-05-28 06:00:00,38.6,1000.9,34.0,26.9124,75.7873,431.0
AWS-JAI-01,Jaipur Sanganer,2016-05-28 09:00:00,42.4,997.9,26.0,26.9124,75.7873,431.0
AWS-JAI-01,Jaipur Sanganer,2016-05-28 12:00:00,41.4,996.0,27.0,26.9124,75.7873,431.0
AWS-JAI-01,Jaipur Sanganer,2016-05-28 15:00:00,37.8,996.8,31.0,26.9124,75.7873,431.0
AWS-JAI-01,Jaipur Sanganer,2016-05-28 18:00:00,36.6,997.2,34.0,26.9124,75.7873,431.0
AWS-JAI-01,Jaipur Sanganer,2016-05-28 21:00:00,28.8,999.4,52.0,26.9124,75.7873,431.0
AWS-JAI-01,Jaipur Sanganer,2016-05-29 00:00:00,28.0,999.5,58.0,26.9124,75.7873,431.0
AWS-JAI-01,Jaipur Sanganer,2016-05-29 03:00:00,33.6,999.4,49.0,26.9124,75.7873,431.0
AWS-JAI-01,Jaipur Sanganer,2016-05-29 06:00:00,38.2,999.2,37.0,26.9124,75.7873,431.0
AWS-JAI-01,Jaipur Sanganer,2016-05-29 09:00:00,42.0,997.0,30.0,26.9124,75.7873,431.0
AWS-JAI-01,Jaipur Sanganer,2016-05-29 12:00:00,42.0,995.3,23.0,26.9124,75.7873,431.0
AWS-JAI-01,Jaipur Sanganer,2016-05-29 15:00:00,38.4,997.2,32.0,26.9124,75.7873,431.0
AWS-JAI-01,Jaipur Sanganer,2016-05-29 18:00:00,31.8,999.5,44.0,26.9124,75.7873,431.0
AWS-JAI-01,Jaipur Sanganer,2016-05-29 21:00:00,28.4,998.2,49.0,26.9124,75.7873,431.0
AWS-JAI-01,Jaipur Sanganer,2016-05-30 00:00:00,29.0,999.5,48.0,26.9124,75.7873,431.0
AWS-JAI-01,Jaipur Sanganer,2016-05-30 03:00:00,32.6,1001.6,42.0,26.9124,75.7873,431.0
AWS-JAI-01,Jaipur Sanganer,2016-05-30 06:00:00,33.0,1002.7,40.0,26.9124,75.7873,431.0
AWS-JAI-01,Jaipur Sanganer,2016-05-30 09:00:00,32.6,999.4,45.0,26.9124,75.7873,431.0
AWS-JAI-01,Jaipur Sanganer,2016-05-30 12:00:00,32.2,999.6,50.0,26.9124,75.7873,431.0
AWS-JAI-01,Jaipur Sanganer,2016-05-30 15:00:00,30.6,1000.7,52.0,26.9124,75.7873,431.0
AWS-JAI-01,Jaipur Sanganer,2016-05-30 18:00:00,29.6,1001.1,60.0,26.9124,75.7873,431.0
AWS-JAI-01,Jaipur Sanganer,2016-05-30 21:00:00,29.2,999.2,61.0,26.9124,75.7873,431.0
AWS-JAI-01,Jaipur Sanganer,2016-05-31 00:00:00,27.2,1001.3,66.0,26.9124,75.7873,431.0
AWS-JAI-01,Jaipur Sanganer,2016-05-31 03:00:00,31.0,1002.9,56.0,26.9124,75.7873,431.0
AWS-JAI-01,Jaipur Sanganer,2016-05-31 06:00:00,40.0,1002.3,35.0,26.9124,75.7873,431.0
AWS-JAI-01,Jaipur Sanganer,2016-05-31 09:00:00,42.0,999.7,28.0,26.9124,75.7873,431.0
AWS-JAI-01,Jaipur Sanganer,2016-05-31 12:00:00,35.4,999.6,40.0,26.9124,75.7873,431.0
AWS-JAI-01,Jaipur Sanganer,2016-05-31 15:00:00,25.4,1005.0,84.0,26.9124,75.7873,431.0
AWS-JAI-01,Jaipur Sanganer,2016-05-31 18:00:00,27.6,1003.1,70.0,26.9124,75.7873,431.0
AWS-JAI-01,Jaipur Sanganer,2016-05-31 21:00:00,26.4,1002.3,74.0,26.9124,75.7873,431.0
AWS-JAI-01,Jaipur Sanganer,2016-06-01 00:00:00,25.6,1003.4,72.0,26.9124,75.7873,431.0
AWS-JAI-01,Jaipur Sanganer,2016-06-01 03:00:00,33.0,1004.3,48.0,26.9124,75.7873,431.0
AWS-JAI-01,Jaipur Sanganer,2016-06-01 06:00:00,39.6,1003.3,32.0,26.9124,75.7873,431.0
AWS-JAI-01,Jaipur Sanganer,2016-06-01 09:00:00,43.0,1001.5,23.0,26.9124,75.7873,431.0
AWS-JAI-01,Jaipur Sanganer,2016-06-01 12:00:00,43.0,999.3,18.0,26.9124,75.7873,431.0
AWS-JAI-01,Jaipur Sanganer,2016-06-01 15:00:00,37.2,1000.4,30.0,26.9124,75.7873,431.0
AWS-JAI-01,Jaipur Sanganer,2016-06-01 18:00:00,32.8,1001.2,49.0,26.9124,75.7873,431.0
AWS-JAI-01,Jaipur Sanganer,2016-06-01 21:00:00,30.8,1001.4,57.0,26.9124,75.7873,431.0
AWS-JAI-01,Jaipur Sanganer,2016-06-02 00:00:00,29.0,1002.2,57.0,26.9124,75.7873,431.0
AWS-JAI-01,Jaipur Sanganer,2016-06-02 03:00:00,34.0,1005.2,39.0,26.9124,75.7873,431.0
AWS-JAI-01,Jaipur Sanganer,2016-06-02 06:00:00,40.0,1004.5,30.0,26.9124,75.7873,431.0
AWS-JAI-01,Jaipur Sanganer,2016-06-02 09:00:00,43.4,1001.8,22.0,26.9124,75.7873,431.0
AWS-JAI-01,Jaipur Sanganer,2016-06-02 12:00:00,43.8,999.4,19.0,26.9124,75.7873,431.0
AWS-JAI-01,Jaipur Sanganer,2016-06-02 15:00:00,38.8,1000.3,35.0,26.9124,75.7873,431.0
AWS-JAI-01,Jaipur Sanganer,2016-06-02 18:00:00,35.0,1001.4,42.0,26.9124,75.7873,431.0
AWS-JAI-01,Jaipur Sanganer,2016-06-02 21:00:00,33.6,1001.7,44.0,26.9124,75.7873,431.0
AWS-JAI-01,Jaipur Sanganer,2016-06-03 00:00:00,30.8,1002.5,49.0,26.9124,75.7873,431.0
AWS-JAI-01,Jaipur Sanganer,2016-06-03 03:00:00,36.4,1003.6,34.0,26.9124,75.7873,431.0
AWS-JAI-01,Jaipur Sanganer,2016-06-03 06:00:00,42.8,1003.4,23.0,26.9124,75.7873,431.0
AWS-JAI-01,Jaipur Sanganer,2016-06-03 09:00:00,45.0,1001.4,13.0,26.9124,75.7873,431.0
AWS-JAI-01,Jaipur Sanganer,2016-06-03 12:00:00,44.2,999.2,13.0,26.9124,75.7873,431.0
AWS-JAI-01,Jaipur Sanganer,2016-06-03 15:00:00,39.4,1000.7,20.0,26.9124,75.7873,431.0
AWS-JAI-01,Jaipur Sanganer,2016-06-03 18:00:00,35.0,1002.0,26.0,26.9124,75.7873,431.0
AWS-JAI-01,Jaipur Sanganer,2016-06-03 21:00:00,32.8,1001.9,29.0,26.9124,75.7873,431.0
AWS-JAI-01,Jaipur Sanganer,2016-06-04 00:00:00,31.0,1002.0,30.0,26.9124,75.7873,431.0
AWS-JAI-01,Jaipur Sanganer,2016-06-04 03:00:00,36.4,1003.6,19.0,26.9124,75.7873,431.0
AWS-JAI-01,Jaipur Sanganer,2016-06-04 06:00:00,44.6,1002.6,17.0,26.9124,75.7873,431.0
AWS-JAI-01,Jaipur Sanganer,2016-06-04 09:00:00,44.8,1000.6,15.0,26.9124,75.7873,431.0
AWS-JAI-01,Jaipur Sanganer,2016-06-04 12:00:00,44.8,998.8,17.0,26.9124,75.7873,431.0
AWS-JAI-01,Jaipur Sanganer,2016-06-04 15:00:00,39.4,1000.1,28.0,26.9124,75.7873,431.0
AWS-JAI-01,Jaipur Sanganer,2016-06-04 18:00:00,36.0,1001.5,21.0,26.9124,75.7873,431.0
AWS-JAI-01,Jaipur Sanganer,2016-06-04 21:00:00,34.0,1000.4,18.0,26.9124,75.7873,431.0
AWS-JAI-01,Jaipur Sanganer,2016-06-05 00:00:00,32.6,1001.6,25.0,26.9124,75.7873,431.0
AWS-JAI-01,Jaipur Sanganer,2016-06-05 03:00:00,37.8,1002.8,28.0,26.9124,75.7873,431.0
AWS-JAI-01,Jaipur Sanganer,2016-06-05 06:00:00,44.0,1002.2,19.0,26.9124,75.7873,431.0
AWS-JAI-01,Jaipur Sanganer,2016-06-05 09:00:00,46.4,1000.4,15.0,26.9124,75.7873,431.0
AWS-JAI-01,Jaipur Sanganer,2016-06-05 12:00:00,44.4,998.0,18.0,26.9124,75.7873,431.0
AWS-JAI-01,Jaipur Sanganer,2016-06-05 15:00:00,40.0,999.0,27.0,26.9124,75.7873,431.0
AWS-JAI-01,Jaipur Sanganer,2016-06-05 18:00:00,36.0,1000.2,38.0,26.9124,75.7873,431.0
AWS-JAI-01,Jaipur Sanganer,2016-06-05 21:00:00,34.4,999.3,41.0,26.9124,75.7873,431.0
AWS-JAI-01,Jaipur Sanganer,2016-06-06 00:00:00,32.2,1000.3,45.0,26.9124,75.7873,431.0
AWS-JAI-01,Jaipur Sanganer,2016-06-06 03:00:00,36.0,1001.8,38.0,26.9124,75.7873,431.0
AWS-JAI-01,Jaipur Sanganer,2016-06-06 06:00:00,44.4,1000.8,18.0,26.9124,75.7873,431.0
AWS-JAI-01,Jaipur Sanganer,2016-06-06 09:00:00,47.0,997.8,10.0,26.9124,75.7873,431.0
AWS-JAI-01,Jaipur Sanganer,2016-06-06 12:00:00,44.4,996.3,10.0,26.9124,75.7873,431.0
AWS-JAI-01,Jaipur Sanganer,2016-06-06 15:00:00,38.0,999.0,28.0,26.9124,75.7873,431.0
AWS-JAI-01,Jaipur Sanganer,2016-06-06 18:00:00,34.0,999.9,36.0,26.9124,75.7873,431.0
AWS-JAI-01,Jaipur Sanganer,2016-06-06 21:00:00,32.4,1000.3,37.0,26.9124,75.7873,431.0
AWS-JAI-01,Jaipur Sanganer,2016-06-07 00:00:00,30.0,1000.6,47.0,26.9124,75.7873,431.0
AWS-JAI-01,Jaipur Sanganer,2016-06-07 03:00:00,36.0,1000.9,34.0,26.9124,75.7873,431.0
AWS-JAI-01,Jaipur Sanganer,2016-06-07 06:00:00,44.8,999.6,15.0,26.9124,75.7873,431.0
AWS-JAI-01,Jaipur Sanganer,2016-06-07 09:00:00,47.4,997.0,10.0,26.9124,75.7873,431.0
AWS-JAI-01,Jaipur Sanganer,2016-06-07 12:00:00,42.2,996.2,32.0,26.9124,75.7873,431.0
AWS-JAI-01,Jaipur Sanganer,2016-06-07 15:00:00,29.2,999.8,57.0,26.9124,75.7873,431.0
AWS-JAI-01,Jaipur Sanganer,2016-06-07 18:00:00,30.0,999.5,62.0,26.9124,75.7873,431.0
AWS-JAI-01,Jaipur Sanganer,2016-06-07 21:00:00,30.6,1000.0,58.0,26.9124,75.7873,431.0
AWS-JAI-01,Jaipur Sanganer,2016-06-08 00:00:00,27.0,999.6,70.0,26.9124,75.7873,431.0
AWS-JAI-01,Jaipur Sanganer,2016-06-08 03:00:00,32.2,1000.2,49.0,26.9124,75.7873,431.0
AWS-JAI-01,Jaipur Sanganer,2016-06-08 06:00:00,40.4,998.7,29.0,26.9124,75.7873,431.0
AWS-JAI-01,Jaipur Sanganer,2016-06-08 09:00:00,44.6,995.9,20.0,26.9124,75.7873,431.0
AWS-JAI-01,Jaipur Sanganer,2016-06-08 12:00:00,35.4,997.0,24.0,26.9124,75.7873,431.0
AWS-JAI-01,Jaipur Sanganer,2016-06-08 15:00:00,33.0,996.2,40.0,26.9124,75.7873,431.0
AWS-JAI-01,Jaipur Sanganer,2016-06-08 18:00:00,30.0,997.6,53.0,26.9124,75.7873,431.0
AWS-JAI-01,Jaipur Sanganer,2016-06-08 21:00:00,30.4,997.8,42.0,26.9124,75.7873,431.0
AWS-JAI-01,Jaipur Sanganer,2016-06-09 00:00:00,30.0,997.95,41.0,26.9124,75.7873,431.0
AWS-JAI-01,Jaipur Sanganer,2016-06-09 03:00:00,35.8,998.1,39.0,26.9124,75.7873,431.0
AWS-JAI-01,Jaipur Sanganer,2016-06-09 06:00:00,41.8,997.1,27.0,26.9124,75.7873,431.0
AWS-JAI-01,Jaipur Sanganer,2016-06-09 09:00:00,45.6,995.0,18.0,26.9124,75.7873,431.0
AWS-JAI-01,Jaipur Sanganer,2016-06-09 12:00:00,44.8,994.3,13.0,26.9124,75.7873,431.0
AWS-JAI-01,Jaipur Sanganer,2016-06-09 15:00:00,36.2,995.6,31.0,26.9124,75.7873,431.0
AWS-JAI-01,Jaipur Sanganer,2016-06-09 18:00:00,33.6,996.6,35.0,26.9124,75.7873,431.0
AWS-JAI-01,Jaipur Sanganer,2016-06-09 21:00:00,31.2,996.7,38.0,26.9124,75.7873,431.0
AWS-JAI-01,Jaipur Sanganer,2016-06-10 00:00:00,31.2,997.4,40.0,26.9124,75.7873,431.0
AWS-JAI-01,Jaipur Sanganer,2016-06-10 03:00:00,37.4,997.8,38.0,26.9124,75.7873,431.0
AWS-JAI-01,Jaipur Sanganer,2016-06-10 06:00:00,43.0,997.5,26.0,26.9124,75.7873,431.0
AWS-JAI-01,Jaipur Sanganer,2016-06-10 09:00:00,45.2,994.5,21.0,26.9124,75.7873,431.0
AWS-JAI-01,Jaipur Sanganer,2016-06-10 12:00:00,41.2,993.5,28.0,26.9124,75.7873,431.0
AWS-JAI-01,Jaipur Sanganer,2016-06-10 15:00:00,31.0,996.4,60.0,26.9124,75.7873,431.0
AWS-JAI-01,Jaipur Sanganer,2016-06-10 18:00:00,29.6,997.3,49.0,26.9124,75.7873,431.0
AWS-JAI-01,Jaipur Sanganer,2016-06-10 21:00:00,28.8,997.5,47.0,26.9124,75.7873,431.0
AWS-JAI-01,Jaipur Sanganer,2016-06-11 00:00:00,26.8,999.6,71.0,26.9124,75.7873,431.0
AWS-JAI-01,Jaipur Sanganer,2016-06-11 03:00:00,33.0,999.8,48.0,26.9124,75.7873,431.0
AWS-JAI-01,Jaipur Sanganer,2016-06-11 06:00:00,40.0,998.7,36.0,26.9124,75.7873,431.0
AWS-JAI-01,Jaipur Sanganer,2016-06-11 09:00:00,42.8,995.1,31.0,26.9124,75.7873,431.0
AWS-JAI-01,Jaipur Sanganer,2016-06-11 12:00:00,25.8,999.7,72.0,26.9124,75.7873,431.0
AWS-JAI-01,Jaipur Sanganer,2016-06-11 15:00:00,26.0,1001.8,69.0,26.9124,75.7873,431.0
AWS-JAI-01,Jaipur Sanganer,2016-06-11 18:00:00,26.0,998.4,69.0,26.9124,75.7873,431.0
AWS-JAI-01,Jaipur Sanganer,2016-06-11 21:00:00,25.0,997.9,71.0,26.9124,75.7873,431.0
AWS-JAI-01,Jaipur Sanganer,2016-06-12 00:00:00,25.6,999.6,69.0,26.9124,75.7873,431.0
AWS-JAI-01,Jaipur Sanganer,2016-06-12 03:00:00,28.2,999.8,61.0,26.9124,75.7873,431.0
AWS-JAI-01,Jaipur Sanganer,2016-06-12 06:00:00,36.6,999.4,32.0,26.9124,75.7873,431.0
AWS-JAI-01,Jaipur Sanganer,2016-06-12 09:00:00,37.0,998.4,39.0,26.9124,75.7873,431.0
AWS-JAI-01,Jaipur Sanganer,2016-06-12 12:00:00,34.6,998.1,49.0,26.9124,75.7873,431.0
AWS-JAI-01,Jaipur Sanganer,2016-06-12 15:00:00,32.6,997.7,63.0,26.9124,75.7873,431.0
AWS-JAI-01,Jaipur Sanganer,2016-06-12 18:00:00,31.4,998.4,71.0,26.9124,75.7873,431.0
AWS-JAI-01,Jaipur Sanganer,2016-06-12 21:00:00,30.4,998.0,76.0,26.9124,75.7873,431.0
AWS-JAI-01,Jaipur Sanganer,2016-06-13 00:00:00,29.4,998.4,78.0,26.9124,75.7873,431.0
AWS-JAI-01,Jaipur Sanganer,2016-06-13 03:00:00,32.8,1000.1,58.0,26.9124,75.7873,431.0
AWS-JAI-01,Jaipur Sanganer,2016-06-13 06:00:00,37.4,999.4,45.0,26.9124,75.7873,431.0
AWS-JAI-01,Jaipur Sanganer,2016-06-13 09:00:00,41.2,996.6,32.0,26.9124,75.7873,431.0
AWS-JAI-01,Jaipur Sanganer,2016-06-13 12:00:00,41.0,994.5,27.0,26.9124,75.7873,431.0
AWS-JAI-01,Jaipur Sanganer,2016-06-13 15:00:00,27.8,999.6,61.0,26.9124,75.7873,431.0
AWS-JAI-01,Jaipur Sanganer,2016-06-13 18:00:00,28.8,998.7,58.0,26.9124,75.7873,431.0
AWS-JAI-01,Jaipur Sanganer,2016-06-13 21:00:00,28.2,998.5,58.0,26.9124,75.7873,431.0
AWS-JAI-01,Jaipur Sanganer,2016-06-14 00:00:00,29.2,998.2,59.0,26.9124,75.7873,431.0
AWS-JAI-01,Jaipur Sanganer,2016-06-14 03:00:00,30.6,1000.1,62.0,26.9124,75.7873,431.0
AWS-JAI-01,Jaipur Sanganer,2016-06-14 06:00:00,37.4,998.6,39.0,26.9124,75.7873,431.0
AWS-JAI-01,Jaipur Sanganer,2016-06-14 09:00:00,41.0,996.0,31.0,26.9124,75.7873,431.0
AWS-JAI-01,Jaipur Sanganer,2016-06-14 12:00:00,41.0,993.2,27.0,26.9124,75.7873,431.0
AWS-JAI-01,Jaipur Sanganer,2016-06-14 15:00:00,37.4,994.4,35.0,26.9124,75.7873,431.0
AWS-JAI-01,Jaipur Sanganer,2016-06-14 18:00:00,36.0,995.4,39.0,26.9124,75.7873,431.0
AWS-JAI-01,Jaipur Sanganer,2016-06-14 21:00:00,35.0,995.8,45.0,26.9124,75.7873,431.0
AWS-JAI-01,Jaipur Sanganer,2016-06-15 00:00:00,32.4,995.4,51.0,26.9124,75.7873,431.0
AWS-JAI-01,Jaipur Sanganer,2016-06-15 03:00:00,33.4,996.8,50.0,26.9124,75.7873,431.0
AWS-JAI-01,Jaipur Sanganer,2016-06-15 06:00:00,38.2,996.1,35.0,26.9124,75.7873,431.0
AWS-JAI-01,Jaipur Sanganer,2016-06-15 09:00:00,41.4,993.7,28.0,26.9124,75.7873,431.0
AWS-JAI-01,Jaipur Sanganer,2016-06-15 12:00:00,41.4,991.7,26.0,26.9124,75.7873,431.0
AWS-JAI-01,Jaipur Sanganer,2016-06-15 15:00:00,38.0,993.5,38.0,26.9124,75.7873,431.0
AWS-JAI-01,Jaipur Sanganer,2016-06-15 18:00:00,36.0,994.3,40.0,26.9124,75.7873,431.0
AWS-JAI-01,Jaipur Sanganer,2016-06-15 21:00:00,34.2,994.4,44.0,26.9124,75.7873,431.0
AWS-JAI-01,Jaipur Sanganer,2016-06-16 00:00:00,33.0,994.2,45.0,26.9124,75.7873,431.0
AWS-JAI-01,Jaipur Sanganer,2016-06-16 03:00:00,34.2,997.5,45.0,26.9124,75.7873,431.0
AWS-JAI-01,Jaipur Sanganer,2016-06-16 06:00:00,39.8,997.1,34.0,26.9124,75.7873,431.0
AWS-JAI-01,Jaipur Sanganer,2016-06-16 09:00:00,43.4,994.7,26.0,26.9124,75.7873,431.0
AWS-JAI-01,Jaipur Sanganer,2016-06-16 12:00:00,43.0,993.2,25.0,26.9124,75.7873,431.0
AWS-JAI-01,Jaipur Sanganer,2016-06-16 15:00:00,39.0,994.9,33.0,26.9124,75.7873,431.0
AWS-JAI-01,Jaipur Sanganer,2016-06-16 18:00:00,36.4,996.6,38.0,26.9124,75.7873,431.0
AWS-JAI-01,Jaipur Sanganer,2016-06-16 21:00:00,35.4,996.4,40.0,26.9124,75.7873,431.0
AWS-JAI-01,Jaipur Sanganer,2016-06-17 00:00:00,33.4,996.9,47.0,26.9124,75.7873,431.0
AWS-JAI-01,Jaipur Sanganer,2016-06-17 03:00:00,35.8,998.7,43.0,26.9124,75.7873,431.0
AWS-JAI-01,Jaipur Sanganer,2016-06-17 06:00:00,41.4,998.4,32.0,26.9124,75.7873,431.0
AWS-JAI-01,Jaipur Sanganer,2016-06-17 09:00:00,39.0,997.6,34.0,26.9124,75.7873,431.0
AWS-JAI-01,Jaipur Sanganer,2016-06-17 12:00:00,38.8,995.2,35.0,26.9124,75.7873,431.0
AWS-JAI-01,Jaipur Sanganer,2016-06-17 15:00:00,35.4,996.8,40.0,26.9124,75.7873,431.0
AWS-JAI-01,Jaipur Sanganer,2016-06-17 18:00:00,32.6,997.7,53.0,26.9124,75.7873,431.0
AWS-JAI-01,Jaipur Sanganer,2016-06-17 21:00:00,32.0,997.3,55.0,26.9124,75.7873,431.0
AWS-JAI-01,Jaipur Sanganer,2016-06-18 00:00:00,30.4,998.1,62.0,26.9124,75.7873,431.0
AWS-JAI-01,Jaipur Sanganer,2016-06-18 03:00:00,35.0,999.3,43.0,26.9124,75.7873,431.0
AWS-JAI-01,Jaipur Sanganer,2016-06-18 06:00:00,41.0,999.4,31.0,26.9124,75.7873,431.0
AWS-JAI-01,Jaipur Sanganer,2016-06-18 09:00:00,44.0,997.3,21.0,26.9124,75.7873,431.0
AWS-JAI-01,Jaipur Sanganer,2016-06-18 12:00:00,44.0,995.3,21.0,26.9124,75.7873,431.0
AWS-JAI-01,Jaipur Sanganer,2016-06-18 15:00:00,39.8,997.1,30.0,26.9124,75.7873,431.0
AWS-JAI-01,Jaipur Sanganer,2016-06-18 18:00:00,36.0,998.9,46.0,26.9124,75.7873,431.0
AWS-JAI-01,Jaipur Sanganer,2016-06-18 21:00:00,35.8,998.6,43.0,26.9124,75.7873,431.0
AWS-JAI-01,Jaipur Sanganer,2016-06-19 00:00:00,32.5,999.3,52.0,26.9124,75.7873,431.0
AWS-JAI-01,Jaipur Sanganer,2016-06-19 03:00:00,36.4,1000.0,44.0,26.9124,75.7873,431.0
AWS-JAI-01,Jaipur Sanganer,2016-06-19 06:00:00,42.4,999.5,30.0,26.9124,75.7873,431.0
AWS-JAI-01,Jaipur Sanganer,2016-06-19 09:00:00,43.4,997.6,26.0,26.9124,75.7873,431.0
AWS-JAI-01,Jaipur Sanganer,2016-06-19 12:00:00,41.6,996.2,27.0,26.9124,75.7873,431.0
AWS-JAI-01,Jaipur Sanganer,2016-06-19 15:00:00,38.0,999.0,36.0,26.9124,75.7873,431.0
AWS-JAI-01,Jaipur Sanganer,2016-06-19 18:00:00,36.2,999.4,47.0,26.9124,75.7873,431.0
AWS-JAI-01,Jaipur Sanganer,2016-06-19 21:00:00,34.4,999.1,49.0,26.9124,75.7873,431.0
AWS-JAI-01,Jaipur Sanganer,2016-06-20 00:00:00,32.0,999.4,60.0,26.9124,75.7873,431.0
AWS-JAI-01,Jaipur Sanganer,2016-06-20 03:00:00,35.2,999.8,50.0,26.9124,75.7873,431.0
AWS-JAI-01,Jaipur Sanganer,2016-06-20 06:00:00,41.2,999.1,35.0,26.9124,75.7873,431.0
AWS-JAI-01,Jaipur Sanganer,2016-06-20 09:00:00,45.2,995.3,24.0,26.9124,75.7873,431.0
AWS-JAI-01,Jaipur Sanganer,2016-06-20 12:00:00,42.6,993.5,26.0,26.9124,75.7873,431.0
AWS-JAI-01,Jaipur Sanganer,2016-06-20 15:00:00,35.0,996.1,47.0,26.9124,75.7873,431.0
AWS-JAI-01,Jaipur Sanganer,2016-06-20 18:00:00,33.4,998.3,54.0,26.9124,75.7873,431.0
AWS-JAI-01,Jaipur Sanganer,2016-06-20 21:00:00,31.2,998.3,64.0,26.9124,75.7873,431.0
AWS-JAI-01,Jaipur Sanganer,2016-06-21 00:00:00,31.2,997.9,62.0,26.9124,75.7873,431.0
AWS-JAI-01,Jaipur Sanganer,2016-06-21 03:00:00,34.8,998.1,50.0,26.9124,75.7873,431.0
AWS-JAI-01,Jaipur Sanganer,2016-06-21 06:00:00,40.4,997.6,35.0,26.9124,75.7873,431.0
AWS-JAI-01,Jaipur Sanganer,2016-06-21 09:00:00,44.0,995.3,27.0,26.9124,75.7873,431.0
AWS-JAI-01,Jaipur Sanganer,2016-06-21 12:00:00,42.4,993.1,29.0,26.9124,75.7873,431.0
AWS-JAI-01,Jaipur Sanganer,2016-06-21 15:00:00,33.0,997.6,53.0,26.9124,75.7873,431.0
AWS-JAI-01,Jaipur Sanganer,2016-06-21 18:00:00,31.0,999.4,62.0,26.9124,75.7873,431.0
AWS-JAI-01,Jaipur Sanganer,2016-06-21 21:00:00,29.8,999.2,65.0,26.9124,75.7873,431.0
AWS-JAI-01,Jaipur Sanganer,2016-06-22 00:00:00,29.0,1000.2,71.0,26.9124,75.7873,431.0
AWS-JAI-01,Jaipur Sanganer,2016-06-22 03:00:00,33.0,1000.8,56.0,26.9124,75.7873,431.0
AWS-JAI-01,Jaipur Sanganer,2016-06-22 06:00:00,38.4,1000.9,39.0,26.9124,75.7873,431.0
AWS-JAI-01,Jaipur Sanganer,2016-06-22 09:00:00,42.0,998.6,30.0,26.9124,75.7873,431.0
AWS-JAI-01,Jaipur Sanganer,2016-06-22 12:00:00,40.6,996.4,32.0,26.9124,75.7873,431.0
AWS-JAI-01,Jaipur Sanganer,2016-06-22 15:00:00,35.0,998.6,49.0,26.9124,75.7873,431.0
AWS-JAI-01,Jaipur Sanganer,2016-06-22 18:00:00,34.0,999.8,55.0,26.9124,75.7873,431.0
AWS-JAI-01,Jaipur Sanganer,2016-06-22 21:00:00,33.4,1000.7,56.0,26.9124,75.7873,431.0
AWS-JAI-01,Jaipur Sanganer,2016-06-23 00:00:00,31.6,999.9,62.0,26.9124,75.7873,431.0
AWS-JAI-01,Jaipur Sanganer,2016-06-23 03:00:00,35.0,1000.9,50.0,26.9124,75.7873,431.0
AWS-JAI-01,Jaipur Sanganer,2016-06-23 06:00:00,40.8,1000.0,35.0,26.9124,75.7873,431.0
AWS-JAI-01,Jaipur Sanganer,2016-06-23 09:00:00,41.4,996.7,34.0,26.9124,75.7873,431.0
AWS-JAI-01,Jaipur Sanganer,2016-06-23 12:00:00,34.8,997.9,44.0,26.9124,75.7873,431.0
AWS-JAI-01,Jaipur Sanganer,2016-06-23 15:00:00,31.4,999.0,66.0,26.9124,75.7873,431.0
AWS-JAI-01,Jaipur Sanganer,2016-06-23 18:00:00,30.6,999.4,68.0,26.9124,75.7873,431.0
AWS-JAI-01,Jaipur Sanganer,2016-06-23 21:00:00,29.0,999.8,71.0,26.9124,75.7873,431.0
AWS-JAI-01,Jaipur Sanganer,2016-06-24 00:00:00,29.0,999.0,74.0,26.9124,75.7873,431.0
AWS-JAI-01,Jaipur Sanganer,2016-06-24 03:00:00,33.4,999.5,52.0,26.9124,75.7873,431.0
AWS-JAI-01,Jaipur Sanganer,2016-06-24 06:00:00,41.4,998.3,32.0,26.9124,75.7873,431.0
AWS-JAI-01,Jaipur Sanganer,2016-06-24 09:00:00,44.6,996.1,26.0,26.9124,75.7873,431.0
AWS-JAI-01,Jaipur Sanganer,2016-06-24 12:00:00,43.4,993.6,24.0,26.9124,75.7873,431.0
AWS-JAI-01,Jaipur Sanganer,2016-06-24 15:00:00,32.4,997.6,61.0,26.9124,75.7873,431.0
AWS-JAI-01,Jaipur Sanganer,2016-06-24 18:00:00,32.4,998.8,57.0,26.9124,75.7873,431.0
AWS-JAI-01,Jaipur Sanganer,2016-06-24 21:00:00,31.6,998.2,65.0,26.9124,75.7873,431.0
AWS-JAI-01,Jaipur Sanganer,2016-06-25 00:00:00,30.4,999.6,69.0,26.9124,75.7873,431.0
AWS-JAI-01,Jaipur Sanganer,2016-06-25 03:00:00,33.6,1000.8,58.0,26.9124,75.7873,431.0
AWS-JAI-01,Jaipur Sanganer,2016-06-25 06:00:00,41.4,999.7,34.0,26.9124,75.7873,431.0
AWS-JAI-01,Jaipur Sanganer,2016-06-25 09:00:00,44.0,997.5,27.0,26.9124,75.7873,431.0
AWS-JAI-01,Jaipur Sanganer,2016-06-25 12:00:00,44.0,995.6,24.0,26.9124,75.7873,431.0
AWS-JAI-01,Jaipur Sanganer,2016-06-25 15:00:00,40.0,997.5,35.0,26.9124,75.7873,431.0
AWS-JAI-01,Jaipur Sanganer,2016-06-25 18:00:00,32.4,1000.2,61.0,26.9124,75.7873,431.0
AWS-JAI-01,Jaipur Sanganer,2016-06-25 21:00:00,31.0,1000.6,66.0,26.9124,75.7873,431.0
AWS-JAI-01,Jaipur Sanganer,2016-06-26 00:00:00,30.0,1000.7,72.0,26.9124,75.7873,431.0
AWS-JAI-01,Jaipur Sanganer,2016-06-26 03:00:00,33.6,1001.1,55.0,26.9124,75.7873,431.0
AWS-JAI-01,Jaipur Sanganer,2016-06-26 06:00:00,40.0,999.9,38.0,26.9124,75.7873,431.0
AWS-JAI-01,Jaipur Sanganer,2016-06-26 09:00:00,43.0,997.3,29.0,26.9124,75.7873,431.0
AWS-JAI-01,Jaipur Sanganer,2016-06-26 12:00:00,40.0,995.2,30.0,26.9124,75.7873,431.0
AWS-JAI-01,Jaipur Sanganer,2016-06-26 15:00:00,35.0,997.2,50.0,26.9124,75.7873,431.0
AWS-JAI-01,Jaipur Sanganer,2016-06-26 18:00:00,34.0,999.0,56.0,26.9124,75.7873,431.0
AWS-JAI-01,Jaipur Sanganer,2016-06-26 21:00:00,32.0,999.0,60.0,26.9124,75.7873,431.0
AWS-JAI-01,Jaipur Sanganer,2016-06-27 00:00:00,30.4,998.7,65.0,26.9124,75.7873,431.0
AWS-JAI-01,Jaipur Sanganer,2016-06-27 03:00:00,34.0,999.4,54.0,26.9124,75.7873,431.0
AWS-JAI-01,Jaipur Sanganer,2016-06-27 06:00:00,39.6,998.9,38.0,26.9124,75.7873,431.0
AWS-JAI-01,Jaipur Sanganer,2016-06-27 09:00:00,42.4,995.2,31.0,26.9124,75.7873,431.0
AWS-JAI-01,Jaipur Sanganer,2016-06-27 12:00:00,28.0,998.3,87.0,26.9124,75.7873,431.0
AWS-JAI-01,Jaipur Sanganer,2016-06-27 15:00:00,27.4,998.5,90.0,26.9124,75.7873,431.0
AWS-JAI-01,Jaipur Sanganer,2016-06-27 18:00:00,28.0,999.4,86.0,26.9124,75.7873,431.0
AWS-JAI-01,Jaipur Sanganer,2016-06-27 21:00:00,28.0,999.9,85.0,26.9124,75.7873,431.0
AWS-JAI-01,Jaipur Sanganer,2016-06-28 00:00:00,27.4,1000.5,86.0,26.9124,75.7873,431.0
AWS-JAI-01,Jaipur Sanganer,2016-06-28 03:00:00,29.2,1001.8,78.0,26.9124,75.7873,431.0
AWS-JAI-01,Jaipur Sanganer,2016-06-28 06:00:00,33.8,1001.5,60.0,26.9124,75.7873,431.0
AWS-JAI-01,Jaipur Sanganer,2016-06-28 09:00:00,36.8,999.1,48.0,26.9124,75.7873,431.0
AWS-JAI-01,Jaipur Sanganer,2016-06-28 12:00:00,35.8,997.5,53.0,26.9124,75.7873,431.0
AWS-JAI-01,Jaipur Sanganer,2016-06-28 15:00:00,33.6,998.6,64.0,26.9124,75.7873,431.0
AWS-JAI-01,Jaipur Sanganer,2016-06-28 18:00:00,32.2,1000.0,66.0,26.9124,75.7873,431.0
AWS-JAI-01,Jaipur Sanganer,2016-06-28 21:00:00,31.4,1000.7,76.0,26.9124,75.7873,431.0
AWS-JAI-01,Jaipur Sanganer,2016-06-29 00:00:00,30.4,1000.7,83.0,26.9124,75.7873,431.0
AWS-JAI-01,Jaipur Sanganer,2016-06-29 03:00:00,33.0,1002.0,69.0,26.9124,75.7873,431.0
AWS-JAI-01,Jaipur Sanganer,2016-06-29 06:00:00,38.0,1000.9,49.0,26.9124,75.7873,431.0
AWS-JAI-01,Jaipur Sanganer,2016-06-29 09:00:00,40.0,998.8,39.0,26.9124,75.7873,431.0
AWS-JAI-01,Jaipur Sanganer,2016-06-29 12:00:00,39.6,995.9,39.0,26.9124,75.7873,431.0
AWS-JAI-01,Jaipur Sanganer,2016-06-29 15:00:00,32.2,998.2,69.0,26.9124,75.7873,431.0
AWS-JAI-01,Jaipur Sanganer,2016-06-29 18:00:00,31.6,999.5,72.0,26.9124,75.7873,431.0
AWS-JAI-01,Jaipur Sanganer,2016-06-29 21:00:00,31.0,1000.3,75.0,26.9124,75.7873,431.0
AWS-JAI-01,Jaipur Sanganer,2016-06-30 00:00:00,30.4,998.9,80.0,26.9124,75.7873,431.0
AWS-JAI-01,Jaipur Sanganer,2016-06-30 03:00:00,35.0,999.5,59.0,26.9124,75.7873,431.0
AWS-JAI-01,Jaipur Sanganer,2016-06-30 06:00:00,41.0,998.2,36.0,26.9124,75.7873,431.0
AWS-JAI-01,Jaipur Sanganer,2016-06-30 09:00:00,43.8,995.1,30.0,26.9124,75.7873,431.0
AWS-JAI-01,Jaipur Sanganer,2016-06-30 12:00:00,44.0,992.8,30.0,26.9124,75.7873,431.0
AWS-JAI-01,Jaipur Sanganer,2016-06-30 15:00:00,34.4,995.9,58.0,26.9124,75.7873,431.0
AWS-JAI-01,Jaipur Sanganer,2016-06-30 18:00:00,28.6,998.0,73.0,26.9124,75.7873,431.0
AWS-JAI-01,Jaipur Sanganer,2016-06-30 21:00:00,29.4,995.2,88.0,26.9124,75.7873,431.0
AWS-JAI-01,Jaipur Sanganer,2016-07-01 00:00:00,30.2,995.0,77.0,26.9124,75.7873,431.0
AWS-JAI-01,Jaipur Sanganer,2016-07-01 03:00:00,32.4,996.7,74.0,26.9124,75.7873,431.0
AWS-JAI-01,Jaipur Sanganer,2016-07-01 06:00:00,35.0,996.6,62.0,26.9124,75.7873,431.0
AWS-JAI-01,Jaipur Sanganer,2016-07-01 09:00:00,38.4,993.4,50.0,26.9124,75.7873,431.0
AWS-JAI-01,Jaipur Sanganer,2016-07-01 12:00:00,38.8,990.1,45.0,26.9124,75.7873,431.0
AWS-JAI-01,Jaipur Sanganer,2016-07-01 15:00:00,30.0,995.4,72.0,26.9124,75.7873,431.0
AWS-JAI-01,Jaipur Sanganer,2016-07-01 18:00:00,28.8,997.8,76.0,26.9124,75.7873,431.0
AWS-JAI-01,Jaipur Sanganer,2016-07-01 21:00:00,23.0,995.5,95.0,26.9124,75.7873,431.0
AWS-JAI-01,Jaipur Sanganer,2016-07-02 00:00:00,23.8,994.8,96.0,26.9124,75.7873,431.0
AWS-JAI-01,Jaipur Sanganer,2016-07-02 03:00:00,27.8,996.9,84.0,26.9124,75.7873,431.0
AWS-JAI-01,Jaipur Sanganer,2016-07-02 06:00:00,33.2,996.3,70.0,26.9124,75.7873,431.0
AWS-JAI-01,Jaipur Sanganer,2016-07-02 09:00:00,30.2,996.9,72.0,26.9124,75.7873,431.0
AWS-JAI-01,Jaipur Sanganer,2016-07-02 12:00:00,30.4,995.9,73.0,26.9124,75.7873,431.0
AWS-JAI-01,Jaipur Sanganer,2016-07-02 15:00:00,25.2,997.6,90.0,26.9124,75.7873,431.0
AWS-JAI-01,Jaipur Sanganer,2016-07-02 18:00:00,26.6,998.1,87.0,26.9124,75.7873,431.0
AWS-JAI-01,Jaipur Sanganer,2016-07-02 21:00:00,26.0,997.3,92.0,26.9124,75.7873,431.0
AWS-JAI-01,Jaipur Sanganer,2016-07-03 00:00:00,25.4,998.2,93.0,26.9124,75.7873,431.0
AWS-JAI-01,Jaipur Sanganer,2016-07-03 03:00:00,22.4,999.6,100.0,26.9124,75.7873,431.0
AWS-JAI-01,Jaipur Sanganer,2016-07-03 06:00:00,23.8,999.6,100.0,26.9124,75.7873,431.0
AWS-JAI-01,Jaipur Sanganer,2016-07-03 09:00:00,26.4,997.5,90.0,26.9124,75.7873,431.0
AWS-JAI-01,Jaipur Sanganer,2016-07-03 12:00:00,27.6,996.3,86.0,26.9124,75.7873,431.0
AWS-JAI-01,Jaipur Sanganer,2016-07-03 15:00:00,26.2,996.9,92.0,26.9124,75.7873,431.0
AWS-JAI-01,Jaipur Sanganer,2016-07-03 18:00:00,25.8,998.1,95.0,26.9124,75.7873,431.0
AWS-JAI-01,Jaipur Sanganer,2016-07-04 00:00:00,25.0,997.1,96.0,26.9124,75.7873,431.0
AWS-JAI-01,Jaipur Sanganer,2016-07-04 03:00:00,29.0,998.4,85.0,26.9124,75.7873,431.0
AWS-JAI-01,Jaipur Sanganer,2016-07-04 06:00:00,32.4,998.0,61.0,26.9124,75.7873,431.0
AWS-JAI-01,Jaipur Sanganer,2016-07-04 09:00:00,36.4,995.9,48.0,26.9124,75.7873,431.0
AWS-JAI-01,Jaipur Sanganer,2016-07-04 12:00:00,37.6,993.3,46.0,26.9124,75.7873,431.0
AWS-JAI-01,Jaipur Sanganer,2016-07-04 15:00:00,34.0,995.1,62.0,26.9124,75.7873,431.0
AWS-JAI-01,Jaipur Sanganer,2016-07-04 18:00:00,32.2,996.7,64.0,26.9124,75.7873,431.0
AWS-JAI-01,Jaipur Sanganer,2016-07-04 21:00:00,31.8,996.1,65.0,26.9124,75.7873,431.0
AWS-JAI-01,Jaipur Sanganer,2016-07-05 00:00:00,28.4,995.9,79.0,26.9124,75.7873,431.0
AWS-JAI-01,Jaipur Sanganer,2016-07-05 03:00:00,32.0,996.9,67.0,26.9124,75.7873,431.0
AWS-JAI-01,Jaipur Sanganer,2016-07-05 06:00:00,37.0,995.9,46.0,26.9124,75.7873,431.0
AWS-JAI-01,Jaipur Sanganer,2016-07-05 09:00:00,40.4,993.6,36.0,26.9124,75.7873,431.0
AWS-JAI-01,Jaipur Sanganer,2016-07-05 12:00:00,39.6,991.3,38.0,26.9124,75.7873,431.0
AWS-JAI-01,Jaipur Sanganer,2016-07-05 15:00:00,32.4,994.0,61.0,26.9124,75.7873,431.0
AWS-JAI-01,Jaipur Sanganer,2016-07-05 18:00:00,32.0,995.5,66.0,26.9124,75.7873,431.0
AWS-JAI-01,Jaipur Sanganer,2016-07-05 21:00:00,31.0,995.3,68.0,26.9124,75.7873,431.0
AWS-JAI-01,Jaipur Sanganer,2016-07-06 00:00:00,31.0,994.5,66.0,26.9124,75.7873,431.0
AWS-JAI-01,Jaipur Sanganer,2016-07-06 03:00:00,32.4,997.1,58.0,26.9124,75.7873,431.0
AWS-JAI-01,Jaipur Sanganer,2016-07-06 06:00:00,36.4,997.7,47.0,26.9124,75.7873,431.0
AWS-JAI-01,Jaipur Sanganer,2016-07-06 09:00:00,38.4,994.5,40.0,26.9124,75.7873,431.0
AWS-JAI-01,Jaipur Sanganer,2016-07-06 12:00:00,41.0,992.6,37.0,26.9124,75.7873,431.0
AWS-JAI-01,Jaipur Sanganer,2016-07-06 15:00:00,37.0,994.7,44.0,26.9124,75.7873,431.0
AWS-JAI-01,Jaipur Sanganer,2016-07-06 18:00:00,33.0,996.9,63.0,26.9124,75.7873,431.0
AWS-JAI-01,Jaipur Sanganer,2016-07-06 21:00:00,32.0,996.3,69.0,26.9124,75.7873,431.0
AWS-JAI-01,Jaipur Sanganer,2016-07-07 00:00:00,31.4,996.5,66.0,26.9124,75.7873,431.0
AWS-JAI-01,Jaipur Sanganer,2016-07-07 03:00:00,33.4,998.1,56.0,26.9124,75.7873,431.0
AWS-JAI-01,Jaipur Sanganer,2016-07-07 06:00:00,38.6,997.9,42.0,26.9124,75.7873,431.0
AWS-JAI-01,Jaipur Sanganer,2016-07-07 12:00:00,40.2,994.2,36.0,26.9124,75.7873,431.0
AWS-JAI-01,Jaipur Sanganer,2016-07-07 15:00:00,29.2,996.6,81.0,26.9124,75.7873,431.0
AWS-JAI-01,Jaipur Sanganer,2016-07-07 18:00:00,30.4,996.9,78.0,26.9124,75.7873,431.0
AWS-JAI-01,Jaipur Sanganer,2016-07-07 21:00:00,30.0,996.1,78.0,26.9124,75.7873,431.0
AWS-JAI-01,Jaipur Sanganer,2016-07-08 00:00:00,30.0,997.2,70.0,26.9124,75.7873,431.0
AWS-JAI-01,Jaipur Sanganer,2016-07-08 03:00:00,32.6,998.5,72.0,26.9124,75.7873,431.0
AWS-JAI-01,Jaipur Sanganer,2016-07-08 06:00:00,37.8,997.5,45.0,26.9124,75.7873,431.0
AWS-JAI-01,Jaipur Sanganer,2016-07-08 09:00:00,40.8,994.3,38.0,26.9124,75.7873,431.0
AWS-JAI-01,Jaipur Sanganer,2016-07-08 12:00:00,35.4,994.8,47.0,26.9124,75.7873,431.0
AWS-JAI-01,Jaipur Sanganer,2016-07-08 15:00:00,28.0,994.7,92.0,26.9124,75.7873,431.0
AWS-JAI-01,Jaipur Sanganer,2016-07-08 18:00:00,28.4,996.6,86.0,26.9124,75.7873,431.0
AWS-JAI-01,Jaipur Sanganer,2016-07-08 21:00:00,28.0,996.4,87.0,26.9124,75.7873,431.0
AWS-JAI-01,Jaipur Sanganer,2016-07-09 00:00:00,28.0,996.1,85.0,26.9124,75.7873,431.0
AWS-JAI-01,Jaipur Sanganer,2016-07-09 03:00:00,31.4,996.0,72.0,26.9124,75.7873,431.0
AWS-JAI-01,Jaipur Sanganer,2016-07-09 06:00:00,37.0,995.8,53.0,26.9124,75.7873,431.0
AWS-JAI-01,Jaipur Sanganer,2016-07-09 09:00:00,28.6,996.7,80.0,26.9124,75.7873,431.0
AWS-JAI-01,Jaipur Sanganer,2016-07-09 12:00:00,30.4,994.3,68.0,26.9124,75.7873,431.0
AWS-JAI-01,Jaipur Sanganer,2016-07-09 15:00:00,30.6,995.2,72.0,26.9124,75.7873,431.0
AWS-JAI-01,Jaipur Sanganer,2016-07-09 18:00:00,29.4,997.0,75.0,26.9124,75.7873,431.0
AWS-JAI-01,Jaipur Sanganer,2016-07-09 21:00:00,28.8,996.6,78.0,26.9124,75.7873,431.0
AWS-JAI-01,Jaipur Sanganer,2016-07-10 00:00:00,28.4,996.5,85.0,26.9124,75.7873,431.0
AWS-JAI-01,Jaipur Sanganer,2016-07-10 03:00:00,31.6,996.1,71.0,26.9124,75.7873,431.0
AWS-JAI-01,Jaipur Sanganer,2016-07-10 06:00:00,36.6,995.6,49.0,26.9124,75.7873,431.0
AWS-JAI-01,Jaipur Sanganer,2016-07-10 09:00:00,39.4,993.8,42.0,26.9124,75.7873,431.0
AWS-JAI-01,Jaipur Sanganer,2016-07-10 12:00:00,39.4,991.3,37.0,26.9124,75.7873,431.0
AWS-JAI-01,Jaipur Sanganer,2016-07-10 15:00:00,32.4,994.0,58.0,26.9124,75.7873,431.0
AWS-JAI-01,Jaipur Sanganer,2016-07-10 18:00:00,30.8,995.7,63.0,26.9124,75.7873,431.0
AWS-JAI-01,Jaipur Sanganer,2016-07-10 21:00:00,30.0,995.5,66.0,26.9124,75.7873,431.0
AWS-JAI-01,Jaipur Sanganer,2016-07-11 00:00:00,29.0,995.4,78.0,26.9124,75.7873,431.0
AWS-JAI-01,Jaipur Sanganer,2016-07-11 03:00:00,31.4,997.0,67.0,26.9124,75.7873,431.0
AWS-JAI-01,Jaipur Sanganer,2016-07-11 06:00:00,37.6,996.3,46.0,26.9124,75.7873,431.0
AWS-JAI-01,Jaipur Sanganer,2016-07-11 09:00:00,39.0,994.0,41.0,26.9124,75.7873,431.0
AWS-JAI-01,Jaipur Sanganer,2016-07-11 12:00:00,36.0,994.4,50.0,26.9124,75.7873,431.0
AWS-JAI-01,Jaipur Sanganer,2016-07-11 15:00:00,30.4,995.6,59.0,26.9124,75.7873,431.0
AWS-JAI-01,Jaipur Sanganer,2016-07-11 18:00:00,29.4,997.3,71.0,26.9124,75.7873,431.0
AWS-JAI-01,Jaipur Sanganer,2016-07-11 21:00:00,28.6,997.2,75.0,26.9124,75.7873,431.0
AWS-JAI-01,Jaipur Sanganer,2016-07-12 00:00:00,28.4,998.7,80.0,26.9124,75.7873,431.0
AWS-JAI-01,Jaipur Sanganer,2016-07-12 03:00:00,31.0,999.0,66.0,26.9124,75.7873,431.0
AWS-JAI-01,Jaipur Sanganer,2016-07-12 06:00:00,32.8,998.8,62.0,26.9124,75.7873,431.0
AWS-JAI-01,Jaipur Sanganer,2016-07-12 09:00:00,33.6,996.9,60.0,26.9124,75.7873,431.0
AWS-JAI-01,Jaipur Sanganer,2016-07-12 12:00:00,34.4,995.8,54.0,26.9124,75.7873,431.0
AWS-JAI-01,Jaipur Sanganer,2016-07-12 15:00:00,31.4,997.6,70.0,26.9124,75.7873,431.0
AWS-JAI-01,Jaipur Sanganer,2016-07-12 18:00:00,29.6,998.7,78.0,26.9124,75.7873,431.0
AWS-JAI-01,Jaipur Sanganer,2016-07-12 21:00:00,28.6,998.7,83.0,26.9124,75.7873,431.0
AWS-JAI-01,Jaipur Sanganer,2016-07-13 00:00:00,28.2,997.9,87.0,26.9124,75.7873,431.0
AWS-JAI-01,Jaipur Sanganer,2016-07-13 03:00:00,32.4,998.9,67.0,26.9124,75.7873,431.0
AWS-JAI-01,Jaipur Sanganer,2016-07-13 06:00:00,34.4,998.1,60.0,26.9124,75.7873,431.0
AWS-JAI-01,Jaipur Sanganer,2016-07-13 09:00:00,38.4,995.7,42.0,26.9124,75.7873,431.0
AWS-JAI-01,Jaipur Sanganer,2016-07-13 12:00:00,36.4,998.4,52.0,26.9124,75.7873,431.0
AWS-JAI-01,Jaipur Sanganer,2016-07-13 15:00:00,34.4,996.7,60.0,26.9124,75.7873,431.0
AWS-JAI-01,Jaipur Sanganer,2016-07-13 18:00:00,32.0,998.2,67.0,26.9124,75.7873,431.0
AWS-JAI-01,Jaipur Sanganer,2016-07-14 00:00:00,29.8,997.6,82.0,26.9124,75.7873,431.0
AWS-JAI-01,Jaipur Sanganer,2016-07-14 03:00:00,30.4,998.6,74.0,26.9124,75.7873,431.0
AWS-JAI-01,Jaipur Sanganer,2016-07-14 06:00:00,35.2,997.5,57.0,26.9124,75.7873,431.0
AWS-JAI-01,Jaipur Sanganer,2016-07-14 09:00:00,37.0,995.9,51.0,26.9124,75.7873,431.0
AWS-JAI-01,Jaipur Sanganer,2016-07-14 12:00:00,33.2,995.7,66.0,26.9124,75.7873,431.0
AWS-JAI-01,Jaipur Sanganer,2016-07-14 15:00:00,31.4,997.6,75.0,26.9124,75.7873,431.0
AWS-JAI-01,Jaipur Sanganer,2016-07-14 18:00:00,29.8,998.5,77.0,26.9124,75.7873,431.0
AWS-JAI-01,Jaipur Sanganer,2016-07-14 21:00:00,29.4,997.6,78.0,26.9124,75.7873,431.0
AWS-JAI-01,Jaipur Sanganer,2016-07-15 00:00:00,29.4,997.4,79.0,26.9124,75.7873,431.0
AWS-JAI-01,Jaipur Sanganer,2016-07-15 03:00:00,26.8,999.4,98.0,26.9124,75.7873,431.0
AWS-JAI-01,Jaipur Sanganer,2016-07-15 06:00:00,28.8,999.3,90.0,26.9124,75.7873,431.0
AWS-JAI-01,Jaipur Sanganer,2016-07-15 09:00:00,30.0,997.4,88.0,26.9124,75.7873,431.0
AWS-JAI-01,Jaipur Sanganer,2016-07-15 12:00:00,29.4,997.2,79.0,26.9124,75.7873,431.0
AWS-JAI-01,Jaipur Sanganer,2016-07-15 15:00:00,26.2,998.0,86.0,26.9124,75.7873,431.0
AWS-JAI-01,Jaipur Sanganer,2016-07-15 18:00:00,26.0,998.7,87.0,26.9124,75.7873,431.0
AWS-JAI-01,Jaipur Sanganer,2016-07-15 21:00:00,26.0,997.7,87.0,26.9124,75.7873,431.0
AWS-JAI-01,Jaipur Sanganer,2016-07-16 00:00:00,24.6,996.0,96.0,26.9124,75.7873,431.0
AWS-JAI-01,Jaipur Sanganer,2016-07-16 03:00:00,27.0,999.0,92.0,26.9124,75.7873,431.0
AWS-JAI-01,Jaipur Sanganer,2016-07-16 06:00:00,28.0,1000.5,95.0,26.9124,75.7873,431.0
AWS-JAI-01,Jaipur Sanganer,2016-07-16 09:00:00,28.4,999.6,94.0,26.9124,75.7873,431.0
AWS-JAI-01,Jaipur Sanganer,2016-07-16 12:00:00,29.0,998.8,96.0,26.9124,75.7873,431.0
AWS-JAI-01,Jaipur Sanganer,2016-07-16 15:00:00,28.0,999.8,92.0,26.9124,75.7873,431.0
AWS-JAI-01,Jaipur Sanganer,2016-07-16 18:00:00,27.6,1000.9,92.0,26.9124,75.7873,431.0
AWS-JAI-01,Jaipur Sanganer,2016-07-16 21:00:00,27.0,999.2,92.0,26.9124,75.7873,431.0
AWS-JAI-01,Jaipur Sanganer,2016-07-17 00:00:00,26.4,999.7,92.0,26.9124,75.7873,431.0
AWS-JAI-01,Jaipur Sanganer,2016-07-17 03:00:00,28.8,1000.7,82.0,26.9124,75.7873,431.0
AWS-JAI-01,Jaipur Sanganer,2016-07-17 06:00:00,32.0,1001.3,70.0,26.9124,75.7873,431.0
AWS-JAI-01,Jaipur Sanganer,2016-07-17 09:00:00,32.6,999.0,76.0,26.9124,75.7873,431.0
AWS-JAI-01,Jaipur Sanganer,2016-07-17 12:00:00,32.2,998.2,69.0,26.9124,75.7873,431.0
AWS-JAI-01,Jaipur Sanganer,2016-07-17 15:00:00,30.2,1000.1,77.0,26.9124,75.7873,431.0
AWS-JAI-01,Jaipur Sanganer,2016-07-17 18:00:00,29.0,1001.1,83.0,26.9124,75.7873,431.0
AWS-JAI-01,Jaipur Sanganer,2016-07-17 21:00:00,28.6,1000.8,83.0,26.9124,75.7873,431.0
AWS-JAI-01,Jaipur Sanganer,2016-07-18 00:00:00,28.0,1000.2,78.0,26.9124,75.7873,431.0
AWS-JAI-01,Jaipur Sanganer,2016-07-18 03:00:00,30.0,1001.5,72.0,26.9124,75.7873,431.0
AWS-JAI-01,Jaipur Sanganer,2016-07-18 06:00:00,32.8,1001.7,61.0,26.9124,75.7873,431.0
AWS-JAI-01,Jaipur Sanganer,2016-07-18 09:00:00,35.6,999.3,54.0,26.9124,75.7873,431.0
AWS-JAI-01,Jaipur Sanganer,2016-07-18 12:00:00,36.0,997.5,50.0,26.9124,75.7873,431.0
AWS-JAI-01,Jaipur Sanganer,2016-07-18 15:00:00,28.0,1000.6,78.0,26.9124,75.7873,431.0
AWS-JAI-01,Jaipur Sanganer,2016-07-18 18:00:00,28.0,1000.9,82.0,26.9124,75.7873,431.0
AWS-JAI-01,Jaipur Sanganer,2016-07-18 21:00:00,27.4,1000.0,84.0,26.9124,75.7873,431.0
AWS-JAI-01,Jaipur Sanganer,2016-07-19 00:00:00,28.4,999.9,78.0,26.9124,75.7873,431.0
AWS-JAI-01,Jaipur Sanganer,2016-07-19 03:00:00,31.0,1001.4,68.0,26.9124,75.7873,431.0
AWS-JAI-01,Jaipur Sanganer,2016-07-19 06:00:00,35.0,1001.1,54.0,26.9124,75.7873,431.0
AWS-JAI-01,Jaipur Sanganer,2016-07-19 09:00:00,37.6,998.9,43.0,26.9124,75.7873,431.0
AWS-JAI-01,Jaipur Sanganer,2016-07-19 12:00:00,37.8,997.3,41.0,26.9124,75.7873,431.0
AWS-JAI-01,Jaipur Sanganer,2016-07-19 15:00:00,34.2,998.0,51.0,26.9124,75.7873,431.0
AWS-JAI-01,Jaipur Sanganer,2016-07-19 18:00:00,31.8,999.0,56.0,26.9124,75.7873,431.0
AWS-JAI-01,Jaipur Sanganer,2016-07-19 21:00:00,30.0,998.0,59.0,26.9124,75.7873,431.0
AWS-JAI-01,Jaipur Sanganer,2016-07-20 00:00:00,29.2,999.9,68.0,26.9124,75.7873,431.0
AWS-JAI-01,Jaipur Sanganer,2016-07-20 03:00:00,31.4,1001.4,66.0,26.9124,75.7873,431.0
AWS-JAI-01,Jaipur Sanganer,2016-07-20 06:00:00,36.6,1000.7,50.0,26.9124,75.7873,431.0
AWS-JAI-01,Jaipur Sanganer,2016-07-20 09:00:00,39.6,998.7,39.0,26.9124,75.7873,431.0
AWS-JAI-01,Jaipur Sanganer,2016-07-20 12:00:00,39.4,996.6,36.0,26.9124,75.7873,431.0
AWS-JAI-01,Jaipur Sanganer,2016-07-20 15:00:00,35.6,997.1,44.0,26.9124,75.7873,431.0
AWS-JAI-01,Jaipur Sanganer,2016-07-20 18:00:00,33.0,998.3,53.0,26.9124,75.7873,431.0
AWS-JAI-01,Jaipur Sanganer,2016-07-20 21:00:00,32.4,997.7,54.0,26.9124,75.7873,431.0
AWS-JAI-01,Jaipur Sanganer,2016-07-21 00:00:00,30.0,999.3,61.0,26.9124,75.7873,431.0
AWS-JAI-01,Jaipur Sanganer,2016-07-21 03:00:00,31.8,1000.4,58.0,26.9124,75.7873,431.0
AWS-JAI-01,Jaipur Sanganer,2016-07-21 06:00:00,37.4,1000.1,44.0,26.9124,75.7873,431.0
AWS-JAI-01,Jaipur Sanganer,2016-07-21 09:00:00,40.0,997.9,34.0,26.9124,75.7873,431.0
AWS-JAI-01,Jaipur Sanganer,2016-07-21 12:00:00,39.6,996.0,38.0,26.9124,75.7873,431.0
AWS-JAI-01,Jaipur Sanganer,2016-07-21 15:00:00,35.4,997.6,45.0,26.9124,75.7873,431.0
AWS-JAI-01,Jaipur Sanganer,2016-07-21 18:00:00,33.2,998.5,51.0,26.9124,75.7873,431.0
AWS-JAI-01,Jaipur Sanganer,2016-07-22 00:00:00,29.6,998.5,61.0,26.9124,75.7873,431.0
AWS-JAI-01,Jaipur Sanganer,2016-07-22 03:00:00,31.4,999.0,56.0,26.9124,75.7873,431.0
AWS-JAI-01,Jaipur Sanganer,2016-07-22 06:00:00,36.8,998.6,44.0,26.9124,75.7873,431.0
AWS-JAI-01,Jaipur Sanganer,2016-07-22 09:00:00,39.8,997.3,37.0,26.9124,75.7873,431.0
AWS-JAI-01,Jaipur Sanganer,2016-07-22 12:00:00,39.4,995.7,37.0,26.9124,75.7873,431.0
AWS-JAI-01,Jaipur Sanganer,2016-07-22 15:00:00,35.6,996.7,45.0,26.9124,75.7873,431.0
AWS-JAI-01,Jaipur Sanganer,2016-07-22 18:00:00,32.4,998.6,55.0,26.9124,75.7873,431.0
AWS-JAI-01,Jaipur Sanganer,2016-07-22 21:00:00,31.0,998.4,60.0,26.9124,75.7873,431.0
AWS-JAI-01,Jaipur Sanganer,2016-07-23 00:00:00,29.4,998.8,66.0,26.9124,75.7873,431.0
AWS-JAI-01,Jaipur Sanganer,2016-07-23 03:00:00,31.4,1000.5,58.0,26.9124,75.7873,431.0
AWS-JAI-01,Jaipur Sanganer,2016-07-23 06:00:00,36.4,1000.6,43.0,26.9124,75.7873,431.0
AWS-JAI-01,Jaipur Sanganer,2016-07-23 09:00:00,39.6,999.0,41.0,26.9124,75.7873,431.0
AWS-JAI-01,Jaipur Sanganer,2016-07-23 12:00:00,37.4,997.5,45.0,26.9124,75.7873,431.0
AWS-JAI-01,Jaipur Sanganer,2016-07-23 15:00:00,33.8,999.8,60.0,26.9124,75.7873,431.0
AWS-JAI-01,Jaipur Sanganer,2016-07-23 18:00:00,30.0,1001.8,67.0,26.9124,75.7873,431.0
AWS-JAI-01,Jaipur Sanganer,2016-07-23 21:00:00,28.8,1001.5,71.0,26.9124,75.7873,431.0
AWS-JAI-01,Jaipur Sanganer,2016-07-24 00:00:00,28.0,1003.2,78.0,26.9124,75.7873,431.0
AWS-JAI-01,Jaipur Sanganer,2016-07-24 03:00:00,31.0,1003.9,66.0,26.9124,75.7873,431.0
AWS-JAI-01,Jaipur Sanganer,2016-07-24 06:00:00,37.0,1002.6,48.0,26.9124,75.7873,431.0
AWS-JAI-01,Jaipur Sanganer,2016-07-24 09:00:00,37.6,1000.3,46.0,26.9124,75.7873,431.0
AWS-JAI-01,Jaipur Sanganer,2016-07-24 12:00:00,38.2,998.2,46.0,26.9124,75.7873,431.0
AWS-JAI-01,Jaipur Sanganer,2016-07-24 15:00:00,35.4,999.3,52.0,26.9124,75.7873,431.0
AWS-JAI-01,Jaipur Sanganer,2016-07-24 18:00:00,31.4,1001.5,66.0,26.9124,75.7873,431.0
AWS-JAI-01,Jaipur Sanganer,2016-07-24 21:00:00,30.2,1001.4,69.0,26.9124,75.7873,431.0
AWS-JAI-01,Jaipur Sanganer,2016-07-25 00:00:00,28.6,1001.5,75.0,26.9124,75.7873,431.0
AWS-JAI-01,Jaipur Sanganer,2016-07-25 03:00:00,31.4,1002.3,66.0,26.9124,75.7873,431.0
AWS-JAI-01,Jaipur Sanganer,2016-07-25 06:00:00,38.4,1001.4,48.0,26.9124,75.7873,431.0
AWS-JAI-01,Jaipur Sanganer,2016-07-25 09:00:00,39.0,999.2,44.0,26.9124,75.7873,431.0
AWS-JAI-01,Jaipur Sanganer,2016-07-25 12:00:00,38.8,997.4,43.0,26.9124,75.7873,431.0
AWS-JAI-01,Jaipur Sanganer,2016-07-25 15:00:00,35.4,999.5,55.0,26.9124,75.7873,431.0
AWS-JAI-01,Jaipur Sanganer,2016-07-25 18:00:00,32.4,1001.5,61.0,26.9124,75.7873,431.0
AWS-JAI-01,Jaipur Sanganer,2016-07-25 21:00:00,30.4,1001.4,67.0,26.9124,75.7873,431.0
AWS-JAI-01,Jaipur Sanganer,2016-07-26 00:00:00,30.4,1001.1,72.0,26.9124,75.7873,431.0
AWS-JAI-01,Jaipur Sanganer,2016-07-26 03:00:00,33.6,1001.3,60.0,26.9124,75.7873,431.0
AWS-JAI-01,Jaipur Sanganer,2016-07-26 06:00:00,39.4,1001.8,42.0,26.9124,75.7873,431.0
AWS-JAI-01,Jaipur Sanganer,2016-07-26 09:00:00,40.8,998.4,37.0,26.9124,75.7873,431.0
AWS-JAI-01,Jaipur Sanganer,2016-07-26 12:00:00,35.4,997.8,47.0,26.9124,75.7873,431.0
AWS-JAI-01,Jaipur Sanganer,2016-07-26 15:00:00,27.0,1002.3,94.0,26.9124,75.7873,431.0
AWS-JAI-01,Jaipur Sanganer,2016-07-26 18:00:00,27.6,1002.8,90.0,26.9124,75.7873,431.0
AWS-JAI-01,Jaipur Sanganer,2016-07-26 21:00:00,27.4,1001.7,89.0,26.9124,75.7873,431.0
AWS-JAI-01,Jaipur Sanganer,2016-07-27 00:00:00,27.0,1002.3,89.0,26.9124,75.7873,431.0
AWS-JAI-01,Jaipur Sanganer,2016-07-27 03:00:00,29.0,1003.8,85.0,26.9124,75.7873,431.0
AWS-JAI-01,Jaipur Sanganer,2016-07-27 06:00:00,31.2,1003.8,78.0,26.9124,75.7873,431.0
AWS-JAI-01,Jaipur Sanganer,2016-07-27 09:00:00,33.8,1001.8,60.0,26.9124,75.7873,431.0
AWS-JAI-01,Jaipur Sanganer,2016-07-27 12:00:00,30.0,1001.4,85.0,26.9124,75.7873,431.0
AWS-JAI-01,Jaipur Sanganer,2016-07-27 15:00:00,28.4,1002.6,83.0,26.9124,75.7873,431.0
AWS-JAI-01,Jaipur Sanganer,2016-07-27 18:00:00,27.0,1003.0,89.0,26.9124,75.7873,431.0
AWS-JAI-01,Jaipur Sanganer,2016-07-27 21:00:00,27.0,1002.3,90.0,26.9124,75.7873,431.0
AWS-JAI-01,Jaipur Sanganer,2016-07-28 00:00:00,27.0,1002.1,90.0,26.9124,75.7873,431.0
AWS-JAI-01,Jaipur Sanganer,2016-07-28 03:00:00,29.0,1003.5,82.0,26.9124,75.7873,431.0
AWS-JAI-01,Jaipur Sanganer,2016-07-28 06:00:00,29.4,1004.0,82.0,26.9124,75.7873,431.0
AWS-JAI-01,Jaipur Sanganer,2016-07-28 09:00:00,31.6,1001.0,71.0,26.9124,75.7873,431.0
AWS-JAI-01,Jaipur Sanganer,2016-07-28 12:00:00,28.4,1000.9,85.0,26.9124,75.7873,431.0
AWS-JAI-01,Jaipur Sanganer,2016-07-28 15:00:00,27.0,1001.1,89.0,26.9124,75.7873,431.0
AWS-JAI-01,Jaipur Sanganer,2016-07-28 18:00:00,26.8,1001.5,90.0,26.9124,75.7873,431.0
AWS-JAI-01,Jaipur Sanganer,2016-07-28 21:00:00,26.8,1000.8,92.0,26.9124,75.7873,431.0
AWS-JAI-01,Jaipur Sanganer,2016-07-29 00:00:00,26.2,1000.5,92.0,26.9124,75.7873,431.0
AWS-JAI-01,Jaipur Sanganer,2016-07-29 03:00:00,27.0,1002.0,90.0,26.9124,75.7873,431.0
AWS-JAI-01,Jaipur Sanganer,2016-07-29 06:00:00,30.6,1002.0,77.0,26.9124,75.7873,431.0
AWS-JAI-01,Jaipur Sanganer,2016-07-29 09:00:00,32.0,1000.2,69.0,26.9124,75.7873,431.0
AWS-JAI-01,Jaipur Sanganer,2016-07-29 12:00:00,31.4,997.9,72.0,26.9124,75.7873,431.0
AWS-JAI-01,Jaipur Sanganer,2016-07-29 15:00:00,29.6,999.6,78.0,26.9124,75.7873,431.0
AWS-JAI-01,Jaipur Sanganer,2016-07-29 18:00:00,27.2,1000.5,87.0,26.9124,75.7873,431.0
AWS-JAI-01,Jaipur Sanganer,2016-07-29 21:00:00,27.0,1000.4,87.0,26.9124,75.7873,431.0
AWS-JAI-01,Jaipur Sanganer,2016-07-30 00:00:00,26.6,999.5,90.0,26.9124,75.7873,431.0
AWS-JAI-01,Jaipur Sanganer,2016-07-30 03:00:00,29.2,1000.5,80.0,26.9124,75.7873,431.0
AWS-JAI-01,Jaipur Sanganer,2016-07-30 06:00:00,31.2,1001.1,72.0,26.9124,75.7873,431.0
AWS-JAI-01,Jaipur Sanganer,2016-07-30 09:00:00,33.8,999.6,63.0,26.9124,75.7873,431.0
AWS-JAI-01,Jaipur Sanganer,2016-07-30 12:00:00,33.0,998.0,63.0,26.9124,75.7873,431.0
AWS-JAI-01,Jaipur Sanganer,2016-07-30 15:00:00,31.2,999.5,74.0,26.9124,75.7873,431.0
AWS-JAI-01,Jaipur Sanganer,2016-07-30 18:00:00,30.0,1000.9,81.0,26.9124,75.7873,431.0
AWS-JAI-01,Jaipur Sanganer,2016-07-30 21:00:00,29.0,1000.4,85.0,26.9124,75.7873,431.0
AWS-JAI-01,Jaipur Sanganer,2016-07-31 00:00:00,28.0,1000.7,89.0,26.9124,75.7873,431.0
AWS-JAI-01,Jaipur Sanganer,2016-07-31 03:00:00,28.0,1001.9,86.0,26.9124,75.7873,431.0
AWS-JAI-01,Jaipur Sanganer,2016-07-31 06:00:00,34.0,1001.6,60.0,26.9124,75.7873,431.0
AWS-JAI-01,Jaipur Sanganer,2016-07-31 09:00:00,27.4,998.0,85.0,26.9124,75.7873,431.0
AWS-JAI-01,Jaipur Sanganer,2016-07-31 12:00:00,36.0,996.0,52.0,26.9124,75.7873,431.0
AWS-JAI-01,Jaipur Sanganer,2016-07-31 15:00:00,32.4,997.3,66.0,26.9124,75.7873,431.0
AWS-JAI-01,Jaipur Sanganer,2016-07-31 18:00:00,30.8,999.1,76.0,26.9124,75.7873,431.0
AWS-JAI-01,Jaipur Sanganer,2016-07-31 21:00:00,30.0,999.2,78.0,26.9124,75.7873,431.0
AWS-JAI-01,Jaipur Sanganer,2016-08-01 00:00:00,27.8,998.1,81.0,26.9124,75.7873,431.0
AWS-JAI-01,Jaipur Sanganer,2016-08-01 03:00:00,30.0,999.4,74.0,26.9124,75.7873,431.0
AWS-JAI-01,Jaipur Sanganer,2016-08-01 06:00:00,35.8,998.2,56.0,26.9124,75.7873,431.0
AWS-JAI-01,Jaipur Sanganer,2016-08-01 09:00:00,38.0,995.3,44.0,26.9124,75.7873,431.0
AWS-JAI-01,Jaipur Sanganer,2016-08-01 12:00:00,25.6,997.9,98.0,26.9124,75.7873,431.0
AWS-JAI-01,Jaipur Sanganer,2016-08-01 15:00:00,27.4,997.2,89.0,26.9124,75.7873,431.0
AWS-JAI-01,Jaipur Sanganer,2016-08-01 18:00:00,26.8,998.6,90.0,26.9124,75.7873,431.0
AWS-JAI-01,Jaipur Sanganer,2016-08-01 21:00:00,26.4,997.6,92.0,26.9124,75.7873,431.0
AWS-JAI-01,Jaipur Sanganer,2016-08-02 00:00:00,26.0,997.6,92.0,26.9124,75.7873,431.0
AWS-JAI-01,Jaipur Sanganer,2016-08-02 03:00:00,28.4,998.4,83.0,26.9124,75.7873,431.0
AWS-JAI-01,Jaipur Sanganer,2016-08-02 06:00:00,29.0,998.2,85.0,26.9124,75.7873,431.0
AWS-JAI-01,Jaipur Sanganer,2016-08-02 09:00:00,30.0,996.8,76.0,26.9124,75.7873,431.0
AWS-JAI-01,Jaipur Sanganer,2016-08-02 12:00:00,25.0,995.8,100.0,26.9124,75.7873,431.0
AWS-JAI-01,Jaipur Sanganer,2016-08-02 15:00:00,25.4,997.1,100.0,26.9124,75.7873,431.0
AWS-JAI-01,Jaipur Sanganer,2016-08-02 18:00:00,26.0,998.8,95.0,26.9124,75.7873,431.0
AWS-JAI-01,Jaipur Sanganer,2016-08-02 21:00:00,26.0,997.7,95.0,26.9124,75.7873,431.0
AWS-JAI-01,Jaipur Sanganer,2016-08-03 00:00:00,26.0,997.8,95.0,26.9124,75.7873,431.0
AWS-JAI-01,Jaipur Sanganer,2016-08-03 03:00:00,27.8,998.7,89.0,26.9124,75.7873,431.0
AWS-JAI-01,Jaipur Sanganer,2016-08-03 06:00:00,31.0,998.9,76.0,26.9124,75.7873,431.0
AWS-JAI-01,Jaipur Sanganer,2016-08-03 09:00:00,32.8,996.5,67.0,26.9124,75.7873,431.0
AWS-JAI-01,Jaipur Sanganer,2016-08-03 12:00:00,33.8,994.8,57.0,26.9124,75.7873,431.0
AWS-JAI-01,Jaipur Sanganer,2016-08-03 15:00:00,30.6,997.1,74.0,26.9124,75.7873,431.0
AWS-JAI-01,Jaipur Sanganer,2016-08-03 18:00:00,29.2,998.6,83.0,26.9124,75.7873,431.0
AWS-JAI-01,Jaipur Sanganer,2016-08-03 21:00:00,28.6,998.1,83.0,26.9124,75.7873,431.0
AWS-JAI-01,Jaipur Sanganer,2016-08-04 00:00:00,28.2,998.1,86.0,26.9124,75.7873,431.0
AWS-JAI-01,Jaipur Sanganer,2016-08-04 03:00:00,26.4,999.8,89.0,26.9124,75.7873,431.0
AWS-JAI-01,Jaipur Sanganer,2016-08-04 06:00:00,31.4,999.0,75.0,26.9124,75.7873,431.0
AWS-JAI-01,Jaipur Sanganer,2016-08-04 09:00:00,34.6,997.0,58.0,26.9124,75.7873,431.0
AWS-JAI-01,Jaipur Sanganer,2016-08-04 12:00:00,33.0,995.9,63.0,26.9124,75.7873,431.0
AWS-JAI-01,Jaipur Sanganer,2016-08-04 15:00:00,31.4,997.2,74.0,26.9124,75.7873,431.0
AWS-JAI-01,Jaipur Sanganer,2016-08-04 18:00:00,30.0,998.9,74.0,26.9124,75.7873,431.0
AWS-JAI-01,Jaipur Sanganer,2016-08-04 21:00:00,28.8,998.3,79.0,26.9124,75.7873,431.0
AWS-JAI-01,Jaipur Sanganer,2016-08-05 00:00:00,28.2,999.1,86.0,26.9124,75.7873,431.0
AWS-JAI-01,Jaipur Sanganer,2016-08-05 03:00:00,31.0,999.9,75.0,26.9124,75.7873,431.0
AWS-JAI-01,Jaipur Sanganer,2016-08-05 06:00:00,35.4,999.9,57.0,26.9124,75.7873,431.0
AWS-JAI-01,Jaipur Sanganer,2016-08-05 09:00:00,35.6,997.6,52.0,26.9124,75.7873,431.0
AWS-JAI-01,Jaipur Sanganer,2016-08-05 12:00:00,35.6,996.4,54.0,26.9124,75.7873,431.0
AWS-JAI-01,Jaipur Sanganer,2016-08-05 15:00:00,33.0,998.7,63.0,26.9124,75.7873,431.0
AWS-JAI-01,Jaipur Sanganer,2016-08-05 18:00:00,31.4,999.9,72.0,26.9124,75.7873,431.0
AWS-JAI-01,Jaipur Sanganer,2016-08-05 21:00:00,30.4,999.1,76.0,26.9124,75.7873,431.0
AWS-JAI-01,Jaipur Sanganer,2016-08-06 00:00:00,29.0,998.9,82.0,26.9124,75.7873,431.0
AWS-JAI-01,Jaipur Sanganer,2016-08-06 03:00:00,32.4,999.6,70.0,26.9124,75.7873,431.0
AWS-JAI-01,Jaipur Sanganer,2016-08-06 06:00:00,35.8,999.6,56.0,26.9124,75.7873,431.0
AWS-JAI-01,Jaipur Sanganer,2016-08-06 09:00:00,34.8,997.6,55.0,26.9124,75.7873,431.0
AWS-JAI-01,Jaipur Sanganer,2016-08-06 12:00:00,33.0,997.0,62.0,26.9124,75.7873,431.0
AWS-JAI-01,Jaipur Sanganer,2016-08-06 15:00:00,31.0,999.0,75.0,26.9124,75.7873,431.0
AWS-JAI-01,Jaipur Sanganer,2016-08-06 18:00:00,29.4,1000.4,78.0,26.9124,75.7873,431.0
AWS-JAI-01,Jaipur Sanganer,2016-08-06 21:00:00,28.6,1000.0,80.0,26.9124,75.7873,431.0
AWS-JAI-01,Jaipur Sanganer,2016-08-07 00:00:00,27.8,999.0,83.0,26.9124,75.7873,431.0
AWS-JAI-01,Jaipur Sanganer,2016-08-07 03:00:00,31.0,999.9,75.0,26.9124,75.7873,431.0
AWS-JAI-01,Jaipur Sanganer,2016-08-07 06:00:00,35.8,999.8,53.0,26.9124,75.7873,431.0
AWS-JAI-01,Jaipur Sanganer,2016-08-07 09:00:00,37.4,998.0,49.0,26.9124,75.7873,431.0
AWS-JAI-01,Jaipur Sanganer,2016-08-07 12:00:00,36.6,996.3,49.0,26.9124,75.7873,431.0
AWS-JAI-01,Jaipur Sanganer,2016-08-07 15:00:00,33.4,998.7,60.0,26.9124,75.7873,431.0
AWS-JAI-01,Jaipur Sanganer,2016-08-07 18:00:00,31.4,1000.3,70.0,26.9124,75.7873,431.0
AWS-JAI-01,Jaipur Sanganer,2016-08-07 21:00:00,30.6,1000.4,74.0,26.9124,75.7873,431.0
AWS-JAI-01,Jaipur Sanganer,2016-08-08 00:00:00,29.2,1000.1,80.0,26.9124,75.7873,431.0
AWS-JAI-01,Jaipur Sanganer,2016-08-08 03:00:00,30.4,1001.2,76.0,26.9124,75.7873,431.0
AWS-JAI-01,Jaipur Sanganer,2016-08-08 06:00:00,34.0,1000.6,58.0,26.9124,75.7873,431.0
AWS-JAI-01,Jaipur Sanganer,2016-08-08 09:00:00,36.0,998.7,52.0,26.9124,75.7873,431.0
AWS-JAI-01,Jaipur Sanganer,2016-08-08 12:00:00,34.4,996.8,60.0,26.9124,75.7873,431.0
AWS-JAI-01,Jaipur Sanganer,2016-08-08 15:00:00,30.4,998.4,78.0,26.9124,75.7873,431.0
AWS-JAI-01,Jaipur Sanganer,2016-08-08 18:00:00,29.6,999.1,78.0,26.9124,75.7873,431.0
AWS-JAI-01,Jaipur Sanganer,2016-08-08 21:00:00,29.0,999.1,80.0,26.9124,75.7873,431.0
AWS-JAI-01,Jaipur Sanganer,2016-08-09 00:00:00,28.0,997.9,87.0,26.9124,75.7873,431.0
AWS-JAI-01,Jaipur Sanganer,2016-08-09 03:00:00,30.4,998.7,78.0,26.9124,75.7873,431.0
AWS-JAI-01,Jaipur Sanganer,2016-08-09 06:00:00,33.0,998.7,64.0,26.9124,75.7873,431.0
AWS-JAI-01,Jaipur Sanganer,2016-08-09 09:00:00,35.0,995.9,57.0,26.9124,75.7873,431.0
AWS-JAI-01,Jaipur Sanganer,2016-08-09 12:00:00,34.2,994.7,67.0,26.9124,75.7873,431.0
AWS-JAI-01,Jaipur Sanganer,2016-08-09 15:00:00,31.0,996.7,72.0,26.9124,75.7873,431.0
AWS-JAI-01,Jaipur Sanganer,2016-08-09 18:00:00,30.4,997.7,76.0,26.9124,75.7873,431.0
AWS-JAI-01,Jaipur Sanganer,2016-08-09 21:00:00,29.6,997.6,77.0,26.9124,75.7873,431.0
AWS-JAI-01,Jaipur Sanganer,2016-08-10 00:00:00,28.4,997.7,85.0,26.9124,75.7873,431.0
AWS-JAI-01,Jaipur Sanganer,2016-08-10 03:00:00,29.4,998.7,82.0,26.9124,75.7873,431.0
AWS-JAI-01,Jaipur Sanganer,2016-08-10 06:00:00,34.0,998.7,62.0,26.9124,75.7873,431.0
AWS-JAI-01,Jaipur Sanganer,2016-08-10 09:00:00,26.6,998.8,89.0,26.9124,75.7873,431.0
AWS-JAI-01,Jaipur Sanganer,2016-08-10 12:00:00,27.4,997.3,87.0,26.9124,75.7873,431.0
AWS-JAI-01,Jaipur Sanganer,2016-08-10 15:00:00,27.0,999.7,94.0,26.9124,75.7873,431.0
AWS-JAI-01,Jaipur Sanganer,2016-08-10 18:00:00,27.0,999.7,94.0,26.9124,75.7873,431.0
AWS-JAI-01,Jaipur Sanganer,2016-08-10 21:00:00,26.6,999.5,95.0,26.9124,75.7873,431.0
AWS-JAI-01,Jaipur Sanganer,2016-08-11 00:00:00,25.6,1000.3,91.0,26.9124,75.7873,431.0
AWS-JAI-01,Jaipur Sanganer,2016-08-11 03:00:00,26.2,1001.5,90.0,26.9124,75.7873,431.0
AWS-JAI-01,Jaipur Sanganer,2016-08-11 06:00:00,28.8,1002.2,80.0,26.9124,75.7873,431.0
AWS-JAI-01,Jaipur Sanganer,2016-08-11 09:00:00,31.0,1000.2,75.0,26.9124,75.7873,431.0
AWS-JAI-01,Jaipur Sanganer,2016-08-11 12:00:00,31.0,999.7,76.0,26.9124,75.7873,431.0
AWS-JAI-01,Jaipur Sanganer,2016-08-11 15:00:00,28.2,1001.2,86.0,26.9124,75.7873,431.0
AWS-JAI-01,Jaipur Sanganer,2016-08-11 18:00:00,27.0,1002.9,80.0,26.9124,75.7873,431.0
AWS-JAI-01,Jaipur Sanganer,2016-08-11 21:00:00,26.4,1001.7,84.0,26.9124,75.7873,431.0
AWS-JAI-01,Jaipur Sanganer,2016-08-12 00:00:00,25.4,1001.9,88.0,26.9124,75.7873,431.0
AWS-JAI-01,Jaipur Sanganer,2016-08-12 03:00:00,27.6,1003.6,83.0,26.9124,75.7873,431.0
AWS-JAI-01,Jaipur Sanganer,2016-08-12 06:00:00,29.4,1004.2,78.0,26.9124,75.7873,431.0
AWS-JAI-01,Jaipur Sanganer,2016-08-12 09:00:00,33.0,1001.4,64.0,26.9124,75.7873,431.0
AWS-JAI-01,Jaipur Sanganer,2016-08-12 12:00:00,32.8,1000.2,68.0,26.9124,75.7873,431.0
AWS-JAI-01,Jaipur Sanganer,2016-08-12 15:00:00,30.4,1000.7,74.0,26.9124,75.7873,431.0
AWS-JAI-01,Jaipur Sanganer,2016-08-12 18:00:00,29.2,1001.4,83.0,26.9124,75.7873,431.0
